"nodo1","nodo2","nodo1_nombre","nodo2_nombre","peso_arista","peso_nodo1","peso_nodo2","nodo1_afinidad","nodo2_afinidad","nodo1_dos_digitos","nodo2_dos_digitos","nodo1_dos_digitos_nombre","nodo2_dos_digitos_nombre"
112514,561920,"Camaronicultura y acuicultura de otros crustáceos en agua dulce","Organizadores de convenciones y ferias comerciales e industriales","0.5",2.5,5,0.286161265697577,0.231974413530779,11,56,"Agricultura, cría y explotación de animales, aprovechamiento forestal, pesca y caza","Servicios de apoyo a los negocios y manejo de residuos, y servicios de remediación"
112515,931210,"Piscicultura en agua dulce","Administración pública en general","0.563636363636364",717.5,22892,0.478074802108305,0.471632860261406,11,93,"Agricultura, cría y explotación de animales, aprovechamiento forestal, pesca y caza","Actividades legislativas, gubernamentales, de impartición de justicia y de organismos internacionales y extraterritoriales"
112516,611411,"Piscicultura en agua salada","Escuelas comerciales y secretariales del sector privado","0.5",2.5,13,0.347228291235666,0.451027799144692,11,61,"Agricultura, cría y explotación de animales, aprovechamiento forestal, pesca y caza","Servicios educativos"
112519,541850,"Otra acuicultura","Agencias de anuncios publicitarios","0.333333333333333",69,73.5,0.399644441722431,0.261646300244169,11,54,"Agricultura, cría y explotación de animales, aprovechamiento forestal, pesca y caza","Servicios profesionales, científicos y técnicos"
114119,541943,"Pesca y captura de otros peces, crustáceos, moluscos y otras especies","Servicios veterinarios para la ganadería prestados por el sector privado","0.461538461538462",480,52.5,0.375906363364471,0.494253156204268,11,54,"Agricultura, cría y explotación de animales, aprovechamiento forestal, pesca y caza","Servicios profesionales, científicos y técnicos"
115111,621212,"Servicios de fumigación agrícola","Consultorios dentales del sector público","0.333333333333333",2.5,7.5,0.309646621301022,0.325301959527048,11,62,"Agricultura, cría y explotación de animales, aprovechamiento forestal, pesca y caza","Servicios de salud y de asistencia social"
115113,931510,"Beneficio de productos agrícolas","Regulación y fomento de actividades para mejorar y preservar el medio ambiente","0.428571428571429",22.5,1794,0.33855160874323,0.412929392816319,11,93,"Agricultura, cría y explotación de animales, aprovechamiento forestal, pesca y caza","Actividades legislativas, gubernamentales, de impartición de justicia y de organismos internacionales y extraterritoriales"
115119,311212,"Otros servicios relacionados con la agricultura","Elaboración de harina de trigo","0.333333333333333",25.5,175.5,0.272362832752683,0.303364284943387,11,31,"Agricultura, cría y explotación de animales, aprovechamiento forestal, pesca y caza","Industrias manufactureras"
115119,339995,"Otros servicios relacionados con la agricultura","Fabricación de ataúdes","0.333333333333333",25.5,633.5,0.272362832752683,0.387523746652429,11,33,"Agricultura, cría y explotación de animales, aprovechamiento forestal, pesca y caza","Industrias manufactureras"
115119,431194,"Otros servicios relacionados con la agricultura","Comercio al por mayor de miel","0.666666666666667",25.5,17.5,0.272362832752683,0.375875438215359,11,43,"Agricultura, cría y explotación de animales, aprovechamiento forestal, pesca y caza","Comercio al por mayor"
115210,339994,"Servicios relacionados con la cría y explotación de animales","Fabricación de velas y veladoras","0.5",33,138.5,0.375442486624892,0.404165090475064,11,33,"Agricultura, cría y explotación de animales, aprovechamiento forestal, pesca y caza","Industrias manufactureras"
212222,337920,"Minería de plata","Fabricación de persianas y cortineros","0.5",256,20.5,0.436133749548392,0.22165298805413,21,33,"Minería","Industrias manufactureras"
212222,513131,"Minería de plata","Edición de libros en formato electrónico","0.5",256,23,0.436133749548392,0.21882188273334,21,51,"Minería","Información en medios masivos"
212231,212232,"Minería de cobre","Minería de plomo y zinc","1",702,729,0.373989006548649,0.422353409767392,21,21,"Minería","Minería"
212232,212394,"Minería de plomo y zinc","Minería de roca fosfórica","0.5",729,116,0.422353409767392,0.583007301052357,21,21,"Minería","Minería"
212291,624222,"Minería de manganeso","Refugios temporales comunitarios del sector público","0.25",380,68.5,1,0.421734034559489,21,62,"Minería","Servicios de salud y de asistencia social"
212311,713944,"Minería de piedra caliza","Centros de acondicionamiento físico del sector público","0.315789473684211",627.5,280,0.382964289758597,0.297725596359934,21,71,"Minería","Servicios de esparcimiento culturales y deportivos, y otros servicios recreativos"
212312,213119,"Minería de mármol","Otros servicios relacionados con la minería","0.666666666666667",82,194,0.43969330644992,0.320505537863117,21,21,"Minería","Minería"
212319,713942,"Minería de otras piedras dimensionadas","Clubes deportivos del sector público","0.4",49,33,0.317500264964321,0.397266735538321,21,71,"Minería","Servicios de esparcimiento culturales y deportivos, y otros servicios recreativos"
212321,621341,"Minería de arena y grava para la construcción","Consultorios del sector privado de audiología y de terapia ocupacional, física y del lenguaje","0.458333333333333",349.5,1135.5,0.400435016738094,0.415961964175096,21,62,"Minería","Servicios de salud y de asistencia social"
212322,326160,"Minería de tezontle y tepetate","Fabricación de botellas de plástico","0.333333333333333",96.5,471,0.454059802854992,0.303066239634956,21,32,"Minería","Industrias manufactureras"
212325,325993,"Minería de caolín","Fabricación de resinas de plásticos reciclados","0.5",52,5,0.396524584153381,0.284534404958756,21,32,"Minería","Industrias manufactureras"
212329,488492,"Minería de otras arcillas y de otros minerales refractarios","Servicios de administración de carreteras, puentes y servicios auxiliares","0.666666666666667",31,31,0.346416595815114,0.396094782380393,21,48,"Minería","Transportes, correos y almacenamiento"
212392,512250,"Minería de piedra de yeso","Productoras y distribuidoras discográficas","1",2.5,5,0.300070164629697,0.243841496323924,21,51,"Minería","Información en medios masivos"
212394,212399,"Minería de roca fosfórica","Minería de otros minerales no metálicos","0.5",116,10.5,0.583007301052357,0.32834670319851,21,21,"Minería","Minería"
212399,213119,"Minería de otros minerales no metálicos","Otros servicios relacionados con la minería","0.5",10.5,194,0.32834670319851,0.320505537863117,21,21,"Minería","Minería"
213119,238312,"Otros servicios relacionados con la minería","Trabajos de enyesado, empastado y tiroleado","0.5",194,5,0.320505537863117,0.249097422995247,21,23,"Minería","Construcción"
221111,339940,"Generación de electricidad a partir de combustibles fósiles","Fabricación de artículos y accesorios para escritura, pintura, dibujo y actividades de oficina","0.666666666666667",86,15,0.300425980890851,0.271307018099403,22,33,"Generación, transmisión, distribución y comercialización de energía eléctrica, suministro de agua y de gas natural por ductos al consumidor final","Industrias manufactureras"
221111,435220,"Generación de electricidad a partir de combustibles fósiles","Comercio al por mayor de maquinaria y equipo para la industria manufacturera","0.6",86,431,0.300425980890851,0.265576096720029,22,43,"Generación, transmisión, distribución y comercialización de energía eléctrica, suministro de agua y de gas natural por ductos al consumidor final","Comercio al por mayor"
221111,485410,"Generación de electricidad a partir de combustibles fósiles","Transporte escolar y de personal","0.666666666666667",86,144.5,0.300425980890851,0.296609674331137,22,48,"Generación, transmisión, distribución y comercialización de energía eléctrica, suministro de agua y de gas natural por ductos al consumidor final","Transportes, correos y almacenamiento"
221111,562998,"Generación de electricidad a partir de combustibles fósiles","Otros servicios de manejo de residuos por el sector privado","0.666666666666667",86,18.5,0.300425980890851,0.292837738385569,22,56,"Generación, transmisión, distribución y comercialización de energía eléctrica, suministro de agua y de gas natural por ductos al consumidor final","Servicios de apoyo a los negocios y manejo de residuos, y servicios de remediación"
221121,312111,"Transmisión de energía eléctrica","Elaboración de refrescos y otras bebidas no alcohólicas","0.5",7.5,713.5,0.345134076529075,0.390020603430753,22,31,"Generación, transmisión, distribución y comercialización de energía eléctrica, suministro de agua y de gas natural por ductos al consumidor final","Industrias manufactureras"
221121,327391,"Transmisión de energía eléctrica","Fabricación de productos preesforzados de concreto","0.666666666666667",7.5,360,0.345134076529075,0.402338583408609,22,32,"Generación, transmisión, distribución y comercialización de energía eléctrica, suministro de agua y de gas natural por ductos al consumidor final","Industrias manufactureras"
221121,333920,"Transmisión de energía eléctrica","Fabricación de maquinaria y equipo para levantar y trasladar","0.666666666666667",7.5,23,0.345134076529075,0.277115101403358,22,33,"Generación, transmisión, distribución y comercialización de energía eléctrica, suministro de agua y de gas natural por ductos al consumidor final","Industrias manufactureras"
221121,484121,"Transmisión de energía eléctrica","Autotransporte foráneo de productos agrícolas sin refrigeración","0.666666666666667",7.5,292.5,0.345134076529075,0.280341549782964,22,48,"Generación, transmisión, distribución y comercialización de energía eléctrica, suministro de agua y de gas natural por ductos al consumidor final","Transportes, correos y almacenamiento"
221121,541712,"Transmisión de energía eléctrica","Servicios de investigación científica y desarrollo en ciencias naturales y exactas, ingeniería, y ciencias de la vida, prestados por el sector público","0.666666666666667",7.5,31,0.345134076529075,0.314153804805243,22,54,"Generación, transmisión, distribución y comercialización de energía eléctrica, suministro de agua y de gas natural por ductos al consumidor final","Servicios profesionales, científicos y técnicos"
221121,611622,"Transmisión de energía eléctrica","Escuelas de deporte del sector público","0.666666666666667",7.5,7.5,0.345134076529075,0.312991844062613,22,61,"Generación, transmisión, distribución y comercialización de energía eléctrica, suministro de agua y de gas natural por ductos al consumidor final","Servicios educativos"
221121,713942,"Transmisión de energía eléctrica","Clubes deportivos del sector público","0.4",7.5,33,0.345134076529075,0.397266735538321,22,71,"Generación, transmisión, distribución y comercialización de energía eléctrica, suministro de agua y de gas natural por ductos al consumidor final","Servicios de esparcimiento culturales y deportivos, y otros servicios recreativos"
221122,466211,"Distribución de energía eléctrica","Comercio al por menor de mobiliario, equipo y accesorios de cómputo","0.473684210526316",1849,340.5,0.443150824258434,0.254618231266379,22,46,"Generación, transmisión, distribución y comercialización de energía eléctrica, suministro de agua y de gas natural por ductos al consumidor final","Comercio al por menor"
221123,611699,"Comercialización de energía eléctrica","Otros servicios educativos proporcionados por el sector público","0.454545454545455",289.5,282,0.432666352861641,0.409753011947696,22,61,"Generación, transmisión, distribución y comercialización de energía eléctrica, suministro de agua y de gas natural por ductos al consumidor final","Servicios educativos"
221210,236222,"Suministro de gas natural por ductos al consumidor final","Supervisión de edificación de inmuebles comerciales y de servicios, y otras edificaciones no residenciales","1",20.5,2.5,0.266783695673229,0.268986263822027,22,23,"Generación, transmisión, distribución y comercialización de energía eléctrica, suministro de agua y de gas natural por ductos al consumidor final","Construcción"
221210,237211,"Suministro de gas natural por ductos al consumidor final","División de terrenos","1",20.5,2.5,0.266783695673229,0.296103911900726,22,23,"Generación, transmisión, distribución y comercialización de energía eléctrica, suministro de agua y de gas natural por ductos al consumidor final","Construcción"
221210,238110,"Suministro de gas natural por ductos al consumidor final","Trabajos de cimentaciones","1",20.5,525,0.266783695673229,0.34574528064739,22,23,"Generación, transmisión, distribución y comercialización de energía eléctrica, suministro de agua y de gas natural por ductos al consumidor final","Construcción"
221210,312222,"Suministro de gas natural por ductos al consumidor final","Elaboración de puros y otros productos de tabaco","1",20.5,20.5,0.266783695673229,0.495419754458503,22,31,"Generación, transmisión, distribución y comercialización de energía eléctrica, suministro de agua y de gas natural por ductos al consumidor final","Industrias manufactureras"
221210,326130,"Suministro de gas natural por ductos al consumidor final","Fabricación de laminados de plástico","1",20.5,2.5,0.266783695673229,0.273596530013367,22,32,"Generación, transmisión, distribución y comercialización de energía eléctrica, suministro de agua y de gas natural por ductos al consumidor final","Industrias manufactureras"
221210,327122,"Suministro de gas natural por ductos al consumidor final","Fabricación de azulejos y losetas no refractarias","1",20.5,8,0.266783695673229,0.295980249934352,22,32,"Generación, transmisión, distribución y comercialización de energía eléctrica, suministro de agua y de gas natural por ductos al consumidor final","Industrias manufactureras"
221210,332991,"Suministro de gas natural por ductos al consumidor final","Fabricación de baleros o rodamientos","1",20.5,2.5,0.266783695673229,0.272948716554693,22,33,"Generación, transmisión, distribución y comercialización de energía eléctrica, suministro de agua y de gas natural por ductos al consumidor final","Industrias manufactureras"
221210,333992,"Suministro de gas natural por ductos al consumidor final","Fabricación de maquinaria y equipo para envasar y empacar","1",20.5,2.5,0.266783695673229,0.242170137669288,22,33,"Generación, transmisión, distribución y comercialización de energía eléctrica, suministro de agua y de gas natural por ductos al consumidor final","Industrias manufactureras"
221210,335220,"Suministro de gas natural por ductos al consumidor final","Fabricación de aparatos de línea blanca","1",20.5,2.5,0.266783695673229,0.270835533393701,22,33,"Generación, transmisión, distribución y comercialización de energía eléctrica, suministro de agua y de gas natural por ductos al consumidor final","Industrias manufactureras"
221210,431123,"Suministro de gas natural por ductos al consumidor final","Comercio al por mayor de pescados y mariscos","1",20.5,2.5,0.266783695673229,0.278507802479404,22,43,"Generación, transmisión, distribución y comercialización de energía eléctrica, suministro de agua y de gas natural por ductos al consumidor final","Comercio al por mayor"
221210,431193,"Suministro de gas natural por ductos al consumidor final","Comercio al por mayor de conservas alimenticias","1",20.5,78,0.266783695673229,0.281874903624276,22,43,"Generación, transmisión, distribución y comercialización de energía eléctrica, suministro de agua y de gas natural por ductos al consumidor final","Comercio al por mayor"
221210,431212,"Suministro de gas natural por ductos al consumidor final","Comercio al por mayor de vinos y licores","1",20.5,21,0.266783695673229,0.210875508787304,22,43,"Generación, transmisión, distribución y comercialización de energía eléctrica, suministro de agua y de gas natural por ductos al consumidor final","Comercio al por mayor"
221210,431220,"Suministro de gas natural por ductos al consumidor final","Comercio al por mayor de cigarros, puros y tabaco","1",20.5,61,0.266783695673229,0.321323089338725,22,43,"Generación, transmisión, distribución y comercialización de energía eléctrica, suministro de agua y de gas natural por ductos al consumidor final","Comercio al por mayor"
221210,481210,"Suministro de gas natural por ductos al consumidor final","Transporte aéreo no regular","1",20.5,8,0.266783695673229,0.244426385742583,22,48,"Generación, transmisión, distribución y comercialización de energía eléctrica, suministro de agua y de gas natural por ductos al consumidor final","Transportes, correos y almacenamiento"
221210,484111,"Suministro de gas natural por ductos al consumidor final","Autotransporte local de productos agrícolas sin refrigeración","1",20.5,2.5,0.266783695673229,0.283931217488884,22,48,"Generación, transmisión, distribución y comercialización de energía eléctrica, suministro de agua y de gas natural por ductos al consumidor final","Transportes, correos y almacenamiento"
221210,486910,"Suministro de gas natural por ductos al consumidor final","Transporte por ductos de productos refinados del petróleo","1",20.5,8,0.266783695673229,0.277077589218141,22,48,"Generación, transmisión, distribución y comercialización de energía eléctrica, suministro de agua y de gas natural por ductos al consumidor final","Transportes, correos y almacenamiento"
221210,488112,"Suministro de gas natural por ductos al consumidor final","Administración de aeropuertos y helipuertos","1",20.5,20.5,0.266783695673229,0.282745640603857,22,48,"Generación, transmisión, distribución y comercialización de energía eléctrica, suministro de agua y de gas natural por ductos al consumidor final","Transportes, correos y almacenamiento"
221210,488190,"Suministro de gas natural por ductos al consumidor final","Otros servicios relacionados con el transporte aéreo","1",20.5,43.5,0.266783695673229,0.283400741135613,22,48,"Generación, transmisión, distribución y comercialización de energía eléctrica, suministro de agua y de gas natural por ductos al consumidor final","Transportes, correos y almacenamiento"
221210,488511,"Suministro de gas natural por ductos al consumidor final","Servicios de agencias aduanales","1",20.5,7.5,0.266783695673229,0.269153349746806,22,48,"Generación, transmisión, distribución y comercialización de energía eléctrica, suministro de agua y de gas natural por ductos al consumidor final","Transportes, correos y almacenamiento"
221210,513121,"Suministro de gas natural por ductos al consumidor final","Edición de revistas y otras publicaciones periódicas en formato electrónico","1",20.5,2.5,0.266783695673229,0.302962498349444,22,51,"Generación, transmisión, distribución y comercialización de energía eléctrica, suministro de agua y de gas natural por ductos al consumidor final","Información en medios masivos"
221210,513210,"Suministro de gas natural por ductos al consumidor final","Edición de software","1",20.5,2.5,0.266783695673229,0.201417353600563,22,51,"Generación, transmisión, distribución y comercialización de energía eléctrica, suministro de agua y de gas natural por ductos al consumidor final","Información en medios masivos"
221210,524130,"Suministro de gas natural por ductos al consumidor final","Compañías afianzadoras","1",20.5,15.5,0.266783695673229,0.213940415730347,22,52,"Generación, transmisión, distribución y comercialización de energía eléctrica, suministro de agua y de gas natural por ductos al consumidor final","Servicios financieros y de seguros"
221210,532412,"Suministro de gas natural por ductos al consumidor final","Alquiler de equipo de transporte, excepto terrestre","1",20.5,8,0.266783695673229,0.273410240000319,22,53,"Generación, transmisión, distribución y comercialización de energía eléctrica, suministro de agua y de gas natural por ductos al consumidor final","Servicios inmobiliarios y de alquiler de bienes muebles e intangibles"
221210,541350,"Suministro de gas natural por ductos al consumidor final","Servicios de inspección de edificios","1",20.5,89,0.266783695673229,0.385511648068737,22,54,"Generación, transmisión, distribución y comercialización de energía eléctrica, suministro de agua y de gas natural por ductos al consumidor final","Servicios profesionales, científicos y técnicos"
221210,541722,"Suministro de gas natural por ductos al consumidor final","Servicios de investigación científica y desarrollo en ciencias sociales y humanidades, prestados por el sector público","1",20.5,75.5,0.266783695673229,0.3926697655495,22,54,"Generación, transmisión, distribución y comercialización de energía eléctrica, suministro de agua y de gas natural por ductos al consumidor final","Servicios profesionales, científicos y técnicos"
221210,541820,"Suministro de gas natural por ductos al consumidor final","Agencias de relaciones públicas","1",20.5,8,0.266783695673229,0.187220354878919,22,54,"Generación, transmisión, distribución y comercialización de energía eléctrica, suministro de agua y de gas natural por ductos al consumidor final","Servicios profesionales, científicos y técnicos"
221210,541870,"Suministro de gas natural por ductos al consumidor final","Distribución de material publicitario","1",20.5,2.5,0.266783695673229,0.297138636536386,22,54,"Generación, transmisión, distribución y comercialización de energía eléctrica, suministro de agua y de gas natural por ductos al consumidor final","Servicios profesionales, científicos y técnicos"
221210,541910,"Suministro de gas natural por ductos al consumidor final","Servicios de investigación de mercados y encuestas de opinión pública","1",20.5,41,0.266783695673229,0.182545817011302,22,54,"Generación, transmisión, distribución y comercialización de energía eléctrica, suministro de agua y de gas natural por ductos al consumidor final","Servicios profesionales, científicos y técnicos"
221210,541990,"Suministro de gas natural por ductos al consumidor final","Otros servicios profesionales, científicos y técnicos","1",20.5,5,0.266783695673229,0.252814701117202,22,54,"Generación, transmisión, distribución y comercialización de energía eléctrica, suministro de agua y de gas natural por ductos al consumidor final","Servicios profesionales, científicos y técnicos"
221210,611431,"Suministro de gas natural por ductos al consumidor final","Escuelas para la capacitación de ejecutivos del sector privado","1",20.5,43,0.266783695673229,0.329957515805206,22,61,"Generación, transmisión, distribución y comercialización de energía eléctrica, suministro de agua y de gas natural por ductos al consumidor final","Servicios educativos"
221210,621114,"Suministro de gas natural por ductos al consumidor final","Consultorios de medicina especializada del sector público","1",20.5,8,0.266783695673229,0.360460039424648,22,62,"Generación, transmisión, distribución y comercialización de energía eléctrica, suministro de agua y de gas natural por ductos al consumidor final","Servicios de salud y de asistencia social"
221210,621411,"Suministro de gas natural por ductos al consumidor final","Centros de planificación familiar del sector privado","1",20.5,36,0.266783695673229,0.295842120354262,22,62,"Generación, transmisión, distribución y comercialización de energía eléctrica, suministro de agua y de gas natural por ductos al consumidor final","Servicios de salud y de asistencia social"
221210,621412,"Suministro de gas natural por ductos al consumidor final","Centros de planificación familiar del sector público","1",20.5,20.5,0.266783695673229,0.452740413072709,22,62,"Generación, transmisión, distribución y comercialización de energía eléctrica, suministro de agua y de gas natural por ductos al consumidor final","Servicios de salud y de asistencia social"
221210,621492,"Suministro de gas natural por ductos al consumidor final","Otros centros del sector público para la atención de pacientes que no requieren hospitalización","1",20.5,20.5,0.266783695673229,0.410589166151199,22,62,"Generación, transmisión, distribución y comercialización de energía eléctrica, suministro de agua y de gas natural por ductos al consumidor final","Servicios de salud y de asistencia social"
221210,621512,"Suministro de gas natural por ductos al consumidor final","Laboratorios médicos y de diagnóstico del sector público","1",20.5,81,0.266783695673229,0.405751894001053,22,62,"Generación, transmisión, distribución y comercialización de energía eléctrica, suministro de agua y de gas natural por ductos al consumidor final","Servicios de salud y de asistencia social"
221210,621992,"Suministro de gas natural por ductos al consumidor final","Servicios de bancos de órganos, bancos de sangre y otros servicios auxiliares al tratamiento médico prestados por el sector público","1",20.5,40.5,0.266783695673229,0.437933820392971,22,62,"Generación, transmisión, distribución y comercialización de energía eléctrica, suministro de agua y de gas natural por ductos al consumidor final","Servicios de salud y de asistencia social"
221210,624221,"Suministro de gas natural por ductos al consumidor final","Refugios temporales comunitarios del sector privado","1",20.5,2.5,0.266783695673229,0.299862818722939,22,62,"Generación, transmisión, distribución y comercialización de energía eléctrica, suministro de agua y de gas natural por ductos al consumidor final","Servicios de salud y de asistencia social"
221210,713299,"Suministro de gas natural por ductos al consumidor final","Otros juegos de azar","1",20.5,478,0.266783695673229,0.270589016115023,22,71,"Generación, transmisión, distribución y comercialización de energía eléctrica, suministro de agua y de gas natural por ductos al consumidor final","Servicios de esparcimiento culturales y deportivos, y otros servicios recreativos"
221210,713950,"Suministro de gas natural por ductos al consumidor final","Boliches","1",20.5,28.5,0.266783695673229,0.289971036915563,22,71,"Generación, transmisión, distribución y comercialización de energía eléctrica, suministro de agua y de gas natural por ductos al consumidor final","Servicios de esparcimiento culturales y deportivos, y otros servicios recreativos"
221210,931110,"Suministro de gas natural por ductos al consumidor final","Órganos legislativos","1",20.5,326.5,0.266783695673229,0.425402710869892,22,93,"Generación, transmisión, distribución y comercialización de energía eléctrica, suministro de agua y de gas natural por ductos al consumidor final","Actividades legislativas, gubernamentales, de impartición de justicia y de organismos internacionales y extraterritoriales"
221311,325999,"Captación, tratamiento y suministro de agua realizados por el sector privado","Fabricación de otros productos químicos","0.5",75,253.5,0.374046372937232,0.37382817448462,22,32,"Generación, transmisión, distribución y comercialización de energía eléctrica, suministro de agua y de gas natural por ductos al consumidor final","Industrias manufactureras"
221312,611112,"Captación, tratamiento y suministro de agua realizados por el sector público","Escuelas de educación preescolar y centros de estimulación temprana del sector público","0.583333333333333",4403.5,4925,0.447684968319708,0.416028851153344,22,61,"Generación, transmisión, distribución y comercialización de energía eléctrica, suministro de agua y de gas natural por ductos al consumidor final","Servicios educativos"
236111,237212,"Edificación de vivienda unifamiliar","Construcción de obras de urbanización","0.5",2132.5,831,0.306638153630956,0.329134472735922,23,23,"Construcción","Construcción"
236111,541690,"Edificación de vivienda unifamiliar","Otros servicios de consultoría científica y técnica","0.5",2132.5,100,0.306638153630956,0.246804083851568,23,54,"Construcción","Servicios profesionales, científicos y técnicos"
236111,712111,"Edificación de vivienda unifamiliar","Museos del sector privado","0.375",2132.5,111.5,0.306638153630956,0.305930040806937,23,71,"Construcción","Servicios de esparcimiento culturales y deportivos, y otros servicios recreativos"
236112,311930,"Edificación de vivienda multifamiliar","Elaboración de concentrados, polvos, jarabes y esencias de sabor para bebidas","0.666666666666667",672.5,25.5,0.297463748338491,0.329605304718616,23,31,"Construcción","Industrias manufactureras"
236112,316211,"Edificación de vivienda multifamiliar","Fabricación de calzado con corte de piel y cuero","0.666666666666667",672.5,865.5,0.297463748338491,0.288737302432985,23,31,"Construcción","Industrias manufactureras"
236113,238290,"Supervisión de edificación residencial","Otras instalaciones y equipamiento en construcciones","0.75",25.5,40.5,0.304758458447903,0.25643677517888,23,23,"Construcción","Construcción"
236113,323120,"Supervisión de edificación residencial","Industrias conexas a la impresión","0.666666666666667",25.5,15.5,0.304758458447903,0.233228486227307,23,32,"Construcción","Industrias manufactureras"
236113,466314,"Supervisión de edificación residencial","Comercio al por menor de lámparas ornamentales y candiles","0.666666666666667",25.5,7.5,0.304758458447903,0.247037457939999,23,46,"Construcción","Comercio al por menor"
236113,488491,"Supervisión de edificación residencial","Servicios de administración de centrales camioneras","0.666666666666667",25.5,116.5,0.304758458447903,0.42597720604047,23,48,"Construcción","Transportes, correos y almacenamiento"
236113,513131,"Supervisión de edificación residencial","Edición de libros en formato electrónico","0.666666666666667",25.5,23,0.304758458447903,0.21882188273334,23,51,"Construcción","Información en medios masivos"
236113,519290,"Supervisión de edificación residencial","Portales de búsqueda en la red y otros servicios de suministro de información","0.666666666666667",25.5,13,0.304758458447903,0.218049859068592,23,51,"Construcción","Información en medios masivos"
236113,532289,"Supervisión de edificación residencial","Alquiler de otros artículos para el hogar y personales","0.666666666666667",25.5,10,0.304758458447903,0.262494601007477,23,53,"Construcción","Servicios inmobiliarios y de alquiler de bienes muebles e intangibles"
236113,561740,"Supervisión de edificación residencial","Servicios de limpieza de tapicería, alfombras y muebles","0.666666666666667",25.5,5,0.304758458447903,0.328246531979337,23,56,"Construcción","Servicios de apoyo a los negocios y manejo de residuos, y servicios de remediación"
236113,611181,"Supervisión de edificación residencial","Escuelas del sector privado de educación para necesidades especiales","0.666666666666667",25.5,36,0.304758458447903,0.270030272919311,23,61,"Construcción","Servicios educativos"
236211,484232,"Edificación de naves y plantas industriales, excepto la supervisión","Autotransporte foráneo de materiales y residuos peligrosos","0.6",1211,1739.5,0.2825962001505,0.369662377428959,23,48,"Construcción","Transportes, correos y almacenamiento"
236212,238312,"Supervisión de edificación de naves y plantas industriales","Trabajos de enyesado, empastado y tiroleado","0.666666666666667",274,5,0.328161943773361,0.249097422995247,23,23,"Construcción","Construcción"
236212,487210,"Supervisión de edificación de naves y plantas industriales","Transporte turístico por agua","0.333333333333333",274,43,0.328161943773361,0.353841090359598,23,48,"Construcción","Transportes, correos y almacenamiento"
236212,541420,"Supervisión de edificación de naves y plantas industriales","Diseño industrial","0.666666666666667",274,10,0.328161943773361,0.317574721775686,23,54,"Construcción","Servicios profesionales, científicos y técnicos"
236212,611181,"Supervisión de edificación de naves y plantas industriales","Escuelas del sector privado de educación para necesidades especiales","0.666666666666667",274,36,0.328161943773361,0.270030272919311,23,61,"Construcción","Servicios educativos"
236221,623991,"Edificación de inmuebles comerciales y de servicios, y otras edificaciones no residenciales, excepto la supervisión","Orfanatos y otras residencias de asistencia social del sector privado","0.428571428571429",1494.5,53.5,0.320568768792435,0.278917746921517,23,62,"Construcción","Servicios de salud y de asistencia social"
236222,237211,"Supervisión de edificación de inmuebles comerciales y de servicios, y otras edificaciones no residenciales","División de terrenos","1",2.5,2.5,0.268986263822027,0.296103911900726,23,23,"Construcción","Construcción"
236222,238110,"Supervisión de edificación de inmuebles comerciales y de servicios, y otras edificaciones no residenciales","Trabajos de cimentaciones","1",2.5,525,0.268986263822027,0.34574528064739,23,23,"Construcción","Construcción"
236222,312222,"Supervisión de edificación de inmuebles comerciales y de servicios, y otras edificaciones no residenciales","Elaboración de puros y otros productos de tabaco","1",2.5,20.5,0.268986263822027,0.495419754458503,23,31,"Construcción","Industrias manufactureras"
236222,326130,"Supervisión de edificación de inmuebles comerciales y de servicios, y otras edificaciones no residenciales","Fabricación de laminados de plástico","1",2.5,2.5,0.268986263822027,0.273596530013367,23,32,"Construcción","Industrias manufactureras"
236222,327122,"Supervisión de edificación de inmuebles comerciales y de servicios, y otras edificaciones no residenciales","Fabricación de azulejos y losetas no refractarias","1",2.5,8,0.268986263822027,0.295980249934352,23,32,"Construcción","Industrias manufactureras"
236222,332991,"Supervisión de edificación de inmuebles comerciales y de servicios, y otras edificaciones no residenciales","Fabricación de baleros o rodamientos","1",2.5,2.5,0.268986263822027,0.272948716554693,23,33,"Construcción","Industrias manufactureras"
236222,333992,"Supervisión de edificación de inmuebles comerciales y de servicios, y otras edificaciones no residenciales","Fabricación de maquinaria y equipo para envasar y empacar","1",2.5,2.5,0.268986263822027,0.242170137669288,23,33,"Construcción","Industrias manufactureras"
236222,335220,"Supervisión de edificación de inmuebles comerciales y de servicios, y otras edificaciones no residenciales","Fabricación de aparatos de línea blanca","1",2.5,2.5,0.268986263822027,0.270835533393701,23,33,"Construcción","Industrias manufactureras"
236222,431123,"Supervisión de edificación de inmuebles comerciales y de servicios, y otras edificaciones no residenciales","Comercio al por mayor de pescados y mariscos","1",2.5,2.5,0.268986263822027,0.278507802479404,23,43,"Construcción","Comercio al por mayor"
236222,431193,"Supervisión de edificación de inmuebles comerciales y de servicios, y otras edificaciones no residenciales","Comercio al por mayor de conservas alimenticias","1",2.5,78,0.268986263822027,0.281874903624276,23,43,"Construcción","Comercio al por mayor"
236222,431212,"Supervisión de edificación de inmuebles comerciales y de servicios, y otras edificaciones no residenciales","Comercio al por mayor de vinos y licores","1",2.5,21,0.268986263822027,0.210875508787304,23,43,"Construcción","Comercio al por mayor"
236222,431220,"Supervisión de edificación de inmuebles comerciales y de servicios, y otras edificaciones no residenciales","Comercio al por mayor de cigarros, puros y tabaco","1",2.5,61,0.268986263822027,0.321323089338725,23,43,"Construcción","Comercio al por mayor"
236222,481210,"Supervisión de edificación de inmuebles comerciales y de servicios, y otras edificaciones no residenciales","Transporte aéreo no regular","1",2.5,8,0.268986263822027,0.244426385742583,23,48,"Construcción","Transportes, correos y almacenamiento"
236222,484111,"Supervisión de edificación de inmuebles comerciales y de servicios, y otras edificaciones no residenciales","Autotransporte local de productos agrícolas sin refrigeración","1",2.5,2.5,0.268986263822027,0.283931217488884,23,48,"Construcción","Transportes, correos y almacenamiento"
236222,486910,"Supervisión de edificación de inmuebles comerciales y de servicios, y otras edificaciones no residenciales","Transporte por ductos de productos refinados del petróleo","1",2.5,8,0.268986263822027,0.277077589218141,23,48,"Construcción","Transportes, correos y almacenamiento"
236222,488112,"Supervisión de edificación de inmuebles comerciales y de servicios, y otras edificaciones no residenciales","Administración de aeropuertos y helipuertos","1",2.5,20.5,0.268986263822027,0.282745640603857,23,48,"Construcción","Transportes, correos y almacenamiento"
236222,488190,"Supervisión de edificación de inmuebles comerciales y de servicios, y otras edificaciones no residenciales","Otros servicios relacionados con el transporte aéreo","1",2.5,43.5,0.268986263822027,0.283400741135613,23,48,"Construcción","Transportes, correos y almacenamiento"
236222,488511,"Supervisión de edificación de inmuebles comerciales y de servicios, y otras edificaciones no residenciales","Servicios de agencias aduanales","1",2.5,7.5,0.268986263822027,0.269153349746806,23,48,"Construcción","Transportes, correos y almacenamiento"
236222,513121,"Supervisión de edificación de inmuebles comerciales y de servicios, y otras edificaciones no residenciales","Edición de revistas y otras publicaciones periódicas en formato electrónico","1",2.5,2.5,0.268986263822027,0.302962498349444,23,51,"Construcción","Información en medios masivos"
236222,513210,"Supervisión de edificación de inmuebles comerciales y de servicios, y otras edificaciones no residenciales","Edición de software","1",2.5,2.5,0.268986263822027,0.201417353600563,23,51,"Construcción","Información en medios masivos"
236222,524130,"Supervisión de edificación de inmuebles comerciales y de servicios, y otras edificaciones no residenciales","Compañías afianzadoras","1",2.5,15.5,0.268986263822027,0.213940415730347,23,52,"Construcción","Servicios financieros y de seguros"
236222,532412,"Supervisión de edificación de inmuebles comerciales y de servicios, y otras edificaciones no residenciales","Alquiler de equipo de transporte, excepto terrestre","1",2.5,8,0.268986263822027,0.273410240000319,23,53,"Construcción","Servicios inmobiliarios y de alquiler de bienes muebles e intangibles"
236222,541350,"Supervisión de edificación de inmuebles comerciales y de servicios, y otras edificaciones no residenciales","Servicios de inspección de edificios","1",2.5,89,0.268986263822027,0.385511648068737,23,54,"Construcción","Servicios profesionales, científicos y técnicos"
236222,541722,"Supervisión de edificación de inmuebles comerciales y de servicios, y otras edificaciones no residenciales","Servicios de investigación científica y desarrollo en ciencias sociales y humanidades, prestados por el sector público","1",2.5,75.5,0.268986263822027,0.3926697655495,23,54,"Construcción","Servicios profesionales, científicos y técnicos"
236222,541820,"Supervisión de edificación de inmuebles comerciales y de servicios, y otras edificaciones no residenciales","Agencias de relaciones públicas","1",2.5,8,0.268986263822027,0.187220354878919,23,54,"Construcción","Servicios profesionales, científicos y técnicos"
236222,541870,"Supervisión de edificación de inmuebles comerciales y de servicios, y otras edificaciones no residenciales","Distribución de material publicitario","1",2.5,2.5,0.268986263822027,0.297138636536386,23,54,"Construcción","Servicios profesionales, científicos y técnicos"
236222,541910,"Supervisión de edificación de inmuebles comerciales y de servicios, y otras edificaciones no residenciales","Servicios de investigación de mercados y encuestas de opinión pública","1",2.5,41,0.268986263822027,0.182545817011302,23,54,"Construcción","Servicios profesionales, científicos y técnicos"
236222,541990,"Supervisión de edificación de inmuebles comerciales y de servicios, y otras edificaciones no residenciales","Otros servicios profesionales, científicos y técnicos","1",2.5,5,0.268986263822027,0.252814701117202,23,54,"Construcción","Servicios profesionales, científicos y técnicos"
236222,611431,"Supervisión de edificación de inmuebles comerciales y de servicios, y otras edificaciones no residenciales","Escuelas para la capacitación de ejecutivos del sector privado","1",2.5,43,0.268986263822027,0.329957515805206,23,61,"Construcción","Servicios educativos"
236222,621114,"Supervisión de edificación de inmuebles comerciales y de servicios, y otras edificaciones no residenciales","Consultorios de medicina especializada del sector público","1",2.5,8,0.268986263822027,0.360460039424648,23,62,"Construcción","Servicios de salud y de asistencia social"
236222,621411,"Supervisión de edificación de inmuebles comerciales y de servicios, y otras edificaciones no residenciales","Centros de planificación familiar del sector privado","1",2.5,36,0.268986263822027,0.295842120354262,23,62,"Construcción","Servicios de salud y de asistencia social"
236222,621412,"Supervisión de edificación de inmuebles comerciales y de servicios, y otras edificaciones no residenciales","Centros de planificación familiar del sector público","1",2.5,20.5,0.268986263822027,0.452740413072709,23,62,"Construcción","Servicios de salud y de asistencia social"
236222,621492,"Supervisión de edificación de inmuebles comerciales y de servicios, y otras edificaciones no residenciales","Otros centros del sector público para la atención de pacientes que no requieren hospitalización","1",2.5,20.5,0.268986263822027,0.410589166151199,23,62,"Construcción","Servicios de salud y de asistencia social"
236222,621512,"Supervisión de edificación de inmuebles comerciales y de servicios, y otras edificaciones no residenciales","Laboratorios médicos y de diagnóstico del sector público","1",2.5,81,0.268986263822027,0.405751894001053,23,62,"Construcción","Servicios de salud y de asistencia social"
236222,621992,"Supervisión de edificación de inmuebles comerciales y de servicios, y otras edificaciones no residenciales","Servicios de bancos de órganos, bancos de sangre y otros servicios auxiliares al tratamiento médico prestados por el sector público","1",2.5,40.5,0.268986263822027,0.437933820392971,23,62,"Construcción","Servicios de salud y de asistencia social"
236222,624221,"Supervisión de edificación de inmuebles comerciales y de servicios, y otras edificaciones no residenciales","Refugios temporales comunitarios del sector privado","1",2.5,2.5,0.268986263822027,0.299862818722939,23,62,"Construcción","Servicios de salud y de asistencia social"
236222,713299,"Supervisión de edificación de inmuebles comerciales y de servicios, y otras edificaciones no residenciales","Otros juegos de azar","1",2.5,478,0.268986263822027,0.270589016115023,23,71,"Construcción","Servicios de esparcimiento culturales y deportivos, y otros servicios recreativos"
236222,713950,"Supervisión de edificación de inmuebles comerciales y de servicios, y otras edificaciones no residenciales","Boliches","1",2.5,28.5,0.268986263822027,0.289971036915563,23,71,"Construcción","Servicios de esparcimiento culturales y deportivos, y otros servicios recreativos"
236222,931110,"Supervisión de edificación de inmuebles comerciales y de servicios, y otras edificaciones no residenciales","Órganos legislativos","1",2.5,326.5,0.268986263822027,0.425402710869892,23,93,"Construcción","Actividades legislativas, gubernamentales, de impartición de justicia y de organismos internacionales y extraterritoriales"
237111,518210,"Construcción de obras para el tratamiento, distribución y suministro de agua y drenaje","Provisión de infraestructura de servicios de cómputo, procesamiento de datos, hospedaje de páginas de internet y otros servicios relacionados","0.6",605.5,46,0.400898911722774,0.293183874802029,23,51,"Construcción","Información en medios masivos"
237112,237121,"Construcción de sistemas de riego agrícola","Construcción de sistemas de distribución de petróleo y gas","0.5",209,239,0.377299479283805,0.369751957105524,23,23,"Construcción","Construcción"
237112,333993,"Construcción de sistemas de riego agrícola","Fabricación de aparatos e instrumentos para pesar","1",209,2.5,0.377299479283805,0.279564443539454,23,33,"Construcción","Industrias manufactureras"
237113,237313,"Supervisión de construcción de obras para el tratamiento, distribución y suministro de agua, drenaje y riego","Supervisión de construcción de vías de comunicación","1",2.5,8,0.287680418071171,0.412217805103704,23,23,"Construcción","Construcción"
237113,238130,"Supervisión de construcción de obras para el tratamiento, distribución y suministro de agua, drenaje y riego","Trabajos de albañilería","0.5",2.5,5,0.287680418071171,0.27326033541831,23,23,"Construcción","Construcción"
237113,721210,"Supervisión de construcción de obras para el tratamiento, distribución y suministro de agua, drenaje y riego","Campamentos y albergues recreativos","1",2.5,2.5,0.287680418071171,0.347708226805699,23,72,"Construcción","Servicios de alojamiento temporal y de preparación de alimentos y bebidas"
237121,551111,"Construcción de sistemas de distribución de petróleo y gas","Dirección y administración de grupos empresariales o corporativos","0.5",239,15.5,0.369751957105524,0.246647789533243,23,55,"Construcción","Dirección y administración de grupos empresariales o corporativos"
237122,311213,"Construcción de plantas de refinería y petroquímica","Elaboración de harina de maíz","1",669,5,0.364656520661457,0.299992285064452,23,31,"Construcción","Industrias manufactureras"
237122,311511,"Construcción de plantas de refinería y petroquímica","Elaboración de leche líquida","1",669,294,0.364656520661457,0.364110500067887,23,31,"Construcción","Industrias manufactureras"
237122,323111,"Construcción de plantas de refinería y petroquímica","Impresión de libros, periódicos y revistas","0.666666666666667",669,33.5,0.364656520661457,0.248498171668652,23,32,"Construcción","Industrias manufactureras"
237122,465214,"Construcción de plantas de refinería y petroquímica","Comercio al por menor de equipo y material fotográfico","0.666666666666667",669,10,0.364656520661457,0.241093844684225,23,46,"Construcción","Comercio al por menor"
237122,522440,"Construcción de plantas de refinería y petroquímica","Compañías de autofinanciamiento","1",669,5,0.364656520661457,0.260321031647829,23,52,"Construcción","Servicios financieros y de seguros"
237122,522451,"Construcción de plantas de refinería y petroquímica","Montepíos","0.666666666666667",669,103.5,0.364656520661457,0.339539608248813,23,52,"Construcción","Servicios financieros y de seguros"
237122,524210,"Construcción de plantas de refinería y petroquímica","Agentes, ajustadores y gestores de seguros y fianzas","0.666666666666667",669,754,0.364656520661457,0.256724935438546,23,52,"Construcción","Servicios financieros y de seguros"
237122,624198,"Construcción de plantas de refinería y petroquímica","Otros servicios de orientación y trabajo social prestados por el sector privado","0.666666666666667",669,36,0.364656520661457,0.340001190441839,23,62,"Construcción","Servicios de salud y de asistencia social"
237122,713941,"Construcción de plantas de refinería y petroquímica","Clubes deportivos del sector privado","0.666666666666667",669,265.5,0.364656520661457,0.313568790385847,23,71,"Construcción","Servicios de esparcimiento culturales y deportivos, y otros servicios recreativos"
237131,332211,"Construcción de obras de generación y conducción de energía eléctrica","Fabricación de herramientas de mano metálicas sin motor","0.571428571428571",243,69.5,0.312265248861915,0.302281983667432,23,33,"Construcción","Industrias manufactureras"
237131,611211,"Construcción de obras de generación y conducción de energía eléctrica","Escuelas de educación técnica superior del sector privado","0.666666666666667",243,72,0.312265248861915,0.324701176741139,23,61,"Construcción","Servicios educativos"
237131,623992,"Construcción de obras de generación y conducción de energía eléctrica","Orfanatos y otras residencias de asistencia social del sector público","0.5",243,311,0.312265248861915,0.420076718783154,23,62,"Construcción","Servicios de salud y de asistencia social"
237132,238330,"Construcción de obras para telecomunicaciones","Colocación de pisos flexibles y de madera","1",13,10,0.310411695243397,0.258054791132331,23,23,"Construcción","Construcción"
237132,513192,"Construcción de obras para telecomunicaciones","Edición de otros materiales integrada con la impresión","1",13,5,0.310411695243397,0.246072546352847,23,51,"Construcción","Información en medios masivos"
237132,524220,"Construcción de obras para telecomunicaciones","Administración de fondos para el retiro","0.666666666666667",13,265.5,0.310411695243397,0.274209774204444,23,52,"Construcción","Servicios financieros y de seguros"
237211,238110,"División de terrenos","Trabajos de cimentaciones","1",2.5,525,0.296103911900726,0.34574528064739,23,23,"Construcción","Construcción"
237211,312222,"División de terrenos","Elaboración de puros y otros productos de tabaco","1",2.5,20.5,0.296103911900726,0.495419754458503,23,31,"Construcción","Industrias manufactureras"
237211,326130,"División de terrenos","Fabricación de laminados de plástico","1",2.5,2.5,0.296103911900726,0.273596530013367,23,32,"Construcción","Industrias manufactureras"
237211,327122,"División de terrenos","Fabricación de azulejos y losetas no refractarias","1",2.5,8,0.296103911900726,0.295980249934352,23,32,"Construcción","Industrias manufactureras"
237211,332991,"División de terrenos","Fabricación de baleros o rodamientos","1",2.5,2.5,0.296103911900726,0.272948716554693,23,33,"Construcción","Industrias manufactureras"
237211,333992,"División de terrenos","Fabricación de maquinaria y equipo para envasar y empacar","1",2.5,2.5,0.296103911900726,0.242170137669288,23,33,"Construcción","Industrias manufactureras"
237211,335220,"División de terrenos","Fabricación de aparatos de línea blanca","1",2.5,2.5,0.296103911900726,0.270835533393701,23,33,"Construcción","Industrias manufactureras"
237211,431123,"División de terrenos","Comercio al por mayor de pescados y mariscos","1",2.5,2.5,0.296103911900726,0.278507802479404,23,43,"Construcción","Comercio al por mayor"
237211,431193,"División de terrenos","Comercio al por mayor de conservas alimenticias","1",2.5,78,0.296103911900726,0.281874903624276,23,43,"Construcción","Comercio al por mayor"
237211,431212,"División de terrenos","Comercio al por mayor de vinos y licores","1",2.5,21,0.296103911900726,0.210875508787304,23,43,"Construcción","Comercio al por mayor"
237211,431220,"División de terrenos","Comercio al por mayor de cigarros, puros y tabaco","1",2.5,61,0.296103911900726,0.321323089338725,23,43,"Construcción","Comercio al por mayor"
237211,481210,"División de terrenos","Transporte aéreo no regular","1",2.5,8,0.296103911900726,0.244426385742583,23,48,"Construcción","Transportes, correos y almacenamiento"
237211,484111,"División de terrenos","Autotransporte local de productos agrícolas sin refrigeración","1",2.5,2.5,0.296103911900726,0.283931217488884,23,48,"Construcción","Transportes, correos y almacenamiento"
237211,486910,"División de terrenos","Transporte por ductos de productos refinados del petróleo","1",2.5,8,0.296103911900726,0.277077589218141,23,48,"Construcción","Transportes, correos y almacenamiento"
237211,488112,"División de terrenos","Administración de aeropuertos y helipuertos","1",2.5,20.5,0.296103911900726,0.282745640603857,23,48,"Construcción","Transportes, correos y almacenamiento"
237211,488190,"División de terrenos","Otros servicios relacionados con el transporte aéreo","1",2.5,43.5,0.296103911900726,0.283400741135613,23,48,"Construcción","Transportes, correos y almacenamiento"
237211,488511,"División de terrenos","Servicios de agencias aduanales","1",2.5,7.5,0.296103911900726,0.269153349746806,23,48,"Construcción","Transportes, correos y almacenamiento"
237211,513121,"División de terrenos","Edición de revistas y otras publicaciones periódicas en formato electrónico","1",2.5,2.5,0.296103911900726,0.302962498349444,23,51,"Construcción","Información en medios masivos"
237211,513210,"División de terrenos","Edición de software","1",2.5,2.5,0.296103911900726,0.201417353600563,23,51,"Construcción","Información en medios masivos"
237211,524130,"División de terrenos","Compañías afianzadoras","1",2.5,15.5,0.296103911900726,0.213940415730347,23,52,"Construcción","Servicios financieros y de seguros"
237211,532412,"División de terrenos","Alquiler de equipo de transporte, excepto terrestre","1",2.5,8,0.296103911900726,0.273410240000319,23,53,"Construcción","Servicios inmobiliarios y de alquiler de bienes muebles e intangibles"
237211,541350,"División de terrenos","Servicios de inspección de edificios","1",2.5,89,0.296103911900726,0.385511648068737,23,54,"Construcción","Servicios profesionales, científicos y técnicos"
237211,541722,"División de terrenos","Servicios de investigación científica y desarrollo en ciencias sociales y humanidades, prestados por el sector público","1",2.5,75.5,0.296103911900726,0.3926697655495,23,54,"Construcción","Servicios profesionales, científicos y técnicos"
237211,541820,"División de terrenos","Agencias de relaciones públicas","1",2.5,8,0.296103911900726,0.187220354878919,23,54,"Construcción","Servicios profesionales, científicos y técnicos"
237211,541870,"División de terrenos","Distribución de material publicitario","1",2.5,2.5,0.296103911900726,0.297138636536386,23,54,"Construcción","Servicios profesionales, científicos y técnicos"
237211,541910,"División de terrenos","Servicios de investigación de mercados y encuestas de opinión pública","1",2.5,41,0.296103911900726,0.182545817011302,23,54,"Construcción","Servicios profesionales, científicos y técnicos"
237211,541990,"División de terrenos","Otros servicios profesionales, científicos y técnicos","1",2.5,5,0.296103911900726,0.252814701117202,23,54,"Construcción","Servicios profesionales, científicos y técnicos"
237211,611431,"División de terrenos","Escuelas para la capacitación de ejecutivos del sector privado","1",2.5,43,0.296103911900726,0.329957515805206,23,61,"Construcción","Servicios educativos"
237211,621114,"División de terrenos","Consultorios de medicina especializada del sector público","1",2.5,8,0.296103911900726,0.360460039424648,23,62,"Construcción","Servicios de salud y de asistencia social"
237211,621411,"División de terrenos","Centros de planificación familiar del sector privado","1",2.5,36,0.296103911900726,0.295842120354262,23,62,"Construcción","Servicios de salud y de asistencia social"
237211,621412,"División de terrenos","Centros de planificación familiar del sector público","1",2.5,20.5,0.296103911900726,0.452740413072709,23,62,"Construcción","Servicios de salud y de asistencia social"
237211,621492,"División de terrenos","Otros centros del sector público para la atención de pacientes que no requieren hospitalización","1",2.5,20.5,0.296103911900726,0.410589166151199,23,62,"Construcción","Servicios de salud y de asistencia social"
237211,621512,"División de terrenos","Laboratorios médicos y de diagnóstico del sector público","1",2.5,81,0.296103911900726,0.405751894001053,23,62,"Construcción","Servicios de salud y de asistencia social"
237211,621992,"División de terrenos","Servicios de bancos de órganos, bancos de sangre y otros servicios auxiliares al tratamiento médico prestados por el sector público","1",2.5,40.5,0.296103911900726,0.437933820392971,23,62,"Construcción","Servicios de salud y de asistencia social"
237211,624221,"División de terrenos","Refugios temporales comunitarios del sector privado","1",2.5,2.5,0.296103911900726,0.299862818722939,23,62,"Construcción","Servicios de salud y de asistencia social"
237211,713299,"División de terrenos","Otros juegos de azar","1",2.5,478,0.296103911900726,0.270589016115023,23,71,"Construcción","Servicios de esparcimiento culturales y deportivos, y otros servicios recreativos"
237211,713950,"División de terrenos","Boliches","1",2.5,28.5,0.296103911900726,0.289971036915563,23,71,"Construcción","Servicios de esparcimiento culturales y deportivos, y otros servicios recreativos"
237211,931110,"División de terrenos","Órganos legislativos","1",2.5,326.5,0.296103911900726,0.425402710869892,23,93,"Construcción","Actividades legislativas, gubernamentales, de impartición de justicia y de organismos internacionales y extraterritoriales"
237213,311921,"Supervisión de división de terrenos y de construcción de obras de urbanización","Beneficio del café","0.5",23,5,0.347209873495619,0.425164574754176,23,31,"Construcción","Industrias manufactureras"
237311,238222,"Instalación de señalamientos y protecciones en obras viales","Instalaciones de sistemas centrales de aire acondicionado y calefacción","0.666666666666667",28.5,33.5,0.345698896142485,0.276733529284007,23,23,"Construcción","Construcción"
237311,316211,"Instalación de señalamientos y protecciones en obras viales","Fabricación de calzado con corte de piel y cuero","0.666666666666667",28.5,865.5,0.345698896142485,0.288737302432985,23,31,"Construcción","Industrias manufactureras"
237311,323111,"Instalación de señalamientos y protecciones en obras viales","Impresión de libros, periódicos y revistas","0.666666666666667",28.5,33.5,0.345698896142485,0.248498171668652,23,32,"Construcción","Industrias manufactureras"
237311,433110,"Instalación de señalamientos y protecciones en obras viales","Comercio al por mayor de productos farmacéuticos","1",28.5,892.5,0.345698896142485,0.210068641814275,23,43,"Construcción","Comercio al por mayor"
237311,433420,"Instalación de señalamientos y protecciones en obras viales","Comercio al por mayor de libros","1",28.5,7.5,0.345698896142485,0.252671440827217,23,43,"Construcción","Comercio al por mayor"
237311,433510,"Instalación de señalamientos y protecciones en obras viales","Comercio al por mayor de electrodomésticos menores y aparatos de línea blanca","0.666666666666667",28.5,15,0.345698896142485,0.289061034173705,23,43,"Construcción","Comercio al por mayor"
237311,435412,"Instalación de señalamientos y protecciones en obras viales","Comercio al por mayor de mobiliario y equipo de oficina","0.666666666666667",28.5,110,0.345698896142485,0.267374268855096,23,43,"Construcción","Comercio al por mayor"
237311,484233,"Instalación de señalamientos y protecciones en obras viales","Autotransporte foráneo con refrigeración","1",28.5,28,0.345698896142485,0.283455817162993,23,48,"Construcción","Transportes, correos y almacenamiento"
237311,492110,"Instalación de señalamientos y protecciones en obras viales","Servicios de mensajería y paquetería foránea","0.666666666666667",28.5,819.5,0.345698896142485,0.263712467021215,23,49,"Construcción","Transportes, correos y almacenamiento"
237311,541712,"Instalación de señalamientos y protecciones en obras viales","Servicios de investigación científica y desarrollo en ciencias naturales y exactas, ingeniería, y ciencias de la vida, prestados por el sector público","0.666666666666667",28.5,31,0.345698896142485,0.314153804805243,23,54,"Construcción","Servicios profesionales, científicos y técnicos"
237311,561422,"Instalación de señalamientos y protecciones en obras viales","Servicios de recepción de llamadas telefónicas y promoción por teléfono","1",28.5,925.5,0.345698896142485,0.320599369124025,23,56,"Construcción","Servicios de apoyo a los negocios y manejo de residuos, y servicios de remediación"
237311,611212,"Instalación de señalamientos y protecciones en obras viales","Escuelas de educación técnica superior del sector público","0.666666666666667",28.5,347,0.345698896142485,0.389192805363615,23,61,"Construcción","Servicios educativos"
237311,623222,"Instalación de señalamientos y protecciones en obras viales","Residencias del sector público para el cuidado de personas con problemas de trastorno mental y adicción","0.666666666666667",28.5,63.5,0.345698896142485,0.390894389227496,23,62,"Construcción","Servicios de salud y de asistencia social"
237312,712112,"Construcción de carreteras, puentes y similares","Museos del sector público","0.357142857142857",1646,200.5,0.42215629367123,0.358867225265195,23,71,"Construcción","Servicios de esparcimiento culturales y deportivos, y otros servicios recreativos"
237313,721210,"Supervisión de construcción de vías de comunicación","Campamentos y albergues recreativos","1",8,2.5,0.412217805103704,0.347708226805699,23,72,"Construcción","Servicios de alojamiento temporal y de preparación de alimentos y bebidas"
237993,621312,"Construcción de obras para transporte eléctrico y ferroviario","Consultorios de quiropráctica del sector público","0.5",353.5,28.5,0.374433298990682,0.392462073341483,23,62,"Construcción","Servicios de salud y de asistencia social"
238110,312222,"Trabajos de cimentaciones","Elaboración de puros y otros productos de tabaco","1",525,20.5,0.34574528064739,0.495419754458503,23,31,"Construcción","Industrias manufactureras"
238110,326130,"Trabajos de cimentaciones","Fabricación de laminados de plástico","1",525,2.5,0.34574528064739,0.273596530013367,23,32,"Construcción","Industrias manufactureras"
238110,327122,"Trabajos de cimentaciones","Fabricación de azulejos y losetas no refractarias","1",525,8,0.34574528064739,0.295980249934352,23,32,"Construcción","Industrias manufactureras"
238110,332991,"Trabajos de cimentaciones","Fabricación de baleros o rodamientos","1",525,2.5,0.34574528064739,0.272948716554693,23,33,"Construcción","Industrias manufactureras"
238110,333992,"Trabajos de cimentaciones","Fabricación de maquinaria y equipo para envasar y empacar","1",525,2.5,0.34574528064739,0.242170137669288,23,33,"Construcción","Industrias manufactureras"
238110,335220,"Trabajos de cimentaciones","Fabricación de aparatos de línea blanca","1",525,2.5,0.34574528064739,0.270835533393701,23,33,"Construcción","Industrias manufactureras"
238110,431123,"Trabajos de cimentaciones","Comercio al por mayor de pescados y mariscos","1",525,2.5,0.34574528064739,0.278507802479404,23,43,"Construcción","Comercio al por mayor"
238110,431193,"Trabajos de cimentaciones","Comercio al por mayor de conservas alimenticias","1",525,78,0.34574528064739,0.281874903624276,23,43,"Construcción","Comercio al por mayor"
238110,431212,"Trabajos de cimentaciones","Comercio al por mayor de vinos y licores","1",525,21,0.34574528064739,0.210875508787304,23,43,"Construcción","Comercio al por mayor"
238110,431220,"Trabajos de cimentaciones","Comercio al por mayor de cigarros, puros y tabaco","1",525,61,0.34574528064739,0.321323089338725,23,43,"Construcción","Comercio al por mayor"
238110,481210,"Trabajos de cimentaciones","Transporte aéreo no regular","1",525,8,0.34574528064739,0.244426385742583,23,48,"Construcción","Transportes, correos y almacenamiento"
238110,484111,"Trabajos de cimentaciones","Autotransporte local de productos agrícolas sin refrigeración","1",525,2.5,0.34574528064739,0.283931217488884,23,48,"Construcción","Transportes, correos y almacenamiento"
238110,486910,"Trabajos de cimentaciones","Transporte por ductos de productos refinados del petróleo","1",525,8,0.34574528064739,0.277077589218141,23,48,"Construcción","Transportes, correos y almacenamiento"
238110,488112,"Trabajos de cimentaciones","Administración de aeropuertos y helipuertos","1",525,20.5,0.34574528064739,0.282745640603857,23,48,"Construcción","Transportes, correos y almacenamiento"
238110,488190,"Trabajos de cimentaciones","Otros servicios relacionados con el transporte aéreo","1",525,43.5,0.34574528064739,0.283400741135613,23,48,"Construcción","Transportes, correos y almacenamiento"
238110,488511,"Trabajos de cimentaciones","Servicios de agencias aduanales","1",525,7.5,0.34574528064739,0.269153349746806,23,48,"Construcción","Transportes, correos y almacenamiento"
238110,513121,"Trabajos de cimentaciones","Edición de revistas y otras publicaciones periódicas en formato electrónico","1",525,2.5,0.34574528064739,0.302962498349444,23,51,"Construcción","Información en medios masivos"
238110,513210,"Trabajos de cimentaciones","Edición de software","1",525,2.5,0.34574528064739,0.201417353600563,23,51,"Construcción","Información en medios masivos"
238110,524130,"Trabajos de cimentaciones","Compañías afianzadoras","1",525,15.5,0.34574528064739,0.213940415730347,23,52,"Construcción","Servicios financieros y de seguros"
238110,532412,"Trabajos de cimentaciones","Alquiler de equipo de transporte, excepto terrestre","1",525,8,0.34574528064739,0.273410240000319,23,53,"Construcción","Servicios inmobiliarios y de alquiler de bienes muebles e intangibles"
238110,541350,"Trabajos de cimentaciones","Servicios de inspección de edificios","1",525,89,0.34574528064739,0.385511648068737,23,54,"Construcción","Servicios profesionales, científicos y técnicos"
238110,541722,"Trabajos de cimentaciones","Servicios de investigación científica y desarrollo en ciencias sociales y humanidades, prestados por el sector público","1",525,75.5,0.34574528064739,0.3926697655495,23,54,"Construcción","Servicios profesionales, científicos y técnicos"
238110,541820,"Trabajos de cimentaciones","Agencias de relaciones públicas","1",525,8,0.34574528064739,0.187220354878919,23,54,"Construcción","Servicios profesionales, científicos y técnicos"
238110,541870,"Trabajos de cimentaciones","Distribución de material publicitario","1",525,2.5,0.34574528064739,0.297138636536386,23,54,"Construcción","Servicios profesionales, científicos y técnicos"
238110,541910,"Trabajos de cimentaciones","Servicios de investigación de mercados y encuestas de opinión pública","1",525,41,0.34574528064739,0.182545817011302,23,54,"Construcción","Servicios profesionales, científicos y técnicos"
238110,541990,"Trabajos de cimentaciones","Otros servicios profesionales, científicos y técnicos","1",525,5,0.34574528064739,0.252814701117202,23,54,"Construcción","Servicios profesionales, científicos y técnicos"
238110,611431,"Trabajos de cimentaciones","Escuelas para la capacitación de ejecutivos del sector privado","1",525,43,0.34574528064739,0.329957515805206,23,61,"Construcción","Servicios educativos"
238110,621114,"Trabajos de cimentaciones","Consultorios de medicina especializada del sector público","1",525,8,0.34574528064739,0.360460039424648,23,62,"Construcción","Servicios de salud y de asistencia social"
238110,621411,"Trabajos de cimentaciones","Centros de planificación familiar del sector privado","1",525,36,0.34574528064739,0.295842120354262,23,62,"Construcción","Servicios de salud y de asistencia social"
238110,621412,"Trabajos de cimentaciones","Centros de planificación familiar del sector público","1",525,20.5,0.34574528064739,0.452740413072709,23,62,"Construcción","Servicios de salud y de asistencia social"
238110,621492,"Trabajos de cimentaciones","Otros centros del sector público para la atención de pacientes que no requieren hospitalización","1",525,20.5,0.34574528064739,0.410589166151199,23,62,"Construcción","Servicios de salud y de asistencia social"
238110,621512,"Trabajos de cimentaciones","Laboratorios médicos y de diagnóstico del sector público","1",525,81,0.34574528064739,0.405751894001053,23,62,"Construcción","Servicios de salud y de asistencia social"
238110,621992,"Trabajos de cimentaciones","Servicios de bancos de órganos, bancos de sangre y otros servicios auxiliares al tratamiento médico prestados por el sector público","1",525,40.5,0.34574528064739,0.437933820392971,23,62,"Construcción","Servicios de salud y de asistencia social"
238110,624221,"Trabajos de cimentaciones","Refugios temporales comunitarios del sector privado","1",525,2.5,0.34574528064739,0.299862818722939,23,62,"Construcción","Servicios de salud y de asistencia social"
238110,713299,"Trabajos de cimentaciones","Otros juegos de azar","1",525,478,0.34574528064739,0.270589016115023,23,71,"Construcción","Servicios de esparcimiento culturales y deportivos, y otros servicios recreativos"
238110,713950,"Trabajos de cimentaciones","Boliches","1",525,28.5,0.34574528064739,0.289971036915563,23,71,"Construcción","Servicios de esparcimiento culturales y deportivos, y otros servicios recreativos"
238110,931110,"Trabajos de cimentaciones","Órganos legislativos","1",525,326.5,0.34574528064739,0.425402710869892,23,93,"Construcción","Actividades legislativas, gubernamentales, de impartición de justicia y de organismos internacionales y extraterritoriales"
238121,541840,"Montaje de estructuras de concreto prefabricadas","Agencias de representación de medios","0.5",256,25.5,0.402781592101715,0.355772711385214,23,54,"Construcción","Servicios profesionales, científicos y técnicos"
238121,562912,"Montaje de estructuras de concreto prefabricadas","Servicios de remediación por el sector público","1",256,20.5,0.402781592101715,0.714915525939298,23,56,"Construcción","Servicios de apoyo a los negocios y manejo de residuos, y servicios de remediación"
238122,561730,"Montaje de estructuras de acero prefabricadas","Servicios de instalación y mantenimiento de áreas verdes","0.666666666666667",644,56.5,0.372182211885703,0.251337725067036,23,56,"Construcción","Servicios de apoyo a los negocios y manejo de residuos, y servicios de remediación"
238130,322132,"Trabajos de albañilería","Fabricación de cartón y cartoncillo a partir de pulpa","0.5",5,20.5,0.27326033541831,0.261553031279796,23,32,"Construcción","Industrias manufactureras"
238190,431180,"Otros trabajos en exteriores","Comercio al por mayor de dulces y materias primas para repostería","0.625",155.5,264.5,0.33859650009513,0.260712557080974,23,43,"Construcción","Comercio al por mayor"
238210,522460,"Instalaciones eléctricas en construcciones","Sociedades financieras de objeto múltiple","0.5",297,1205.5,0.296475014131089,0.372323667038523,23,52,"Construcción","Servicios financieros y de seguros"
238210,522490,"Instalaciones eléctricas en construcciones","Otras instituciones de intermediación crediticia y financiera no bursátil","0.5",297,280.5,0.296475014131089,0.333957050883753,23,52,"Construcción","Servicios financieros y de seguros"
238221,431191,"Instalaciones hidrosanitarias y de gas","Comercio al por mayor de pan y pasteles","0.571428571428571",20,1416.5,0.241055960494252,0.401737527027691,23,43,"Construcción","Comercio al por mayor"
238221,484229,"Instalaciones hidrosanitarias y de gas","Otro autotransporte local de carga especializado","0.5",20,183.5,0.241055960494252,0.311578906391725,23,48,"Construcción","Transportes, correos y almacenamiento"
238222,238910,"Instalaciones de sistemas centrales de aire acondicionado y calefacción","Preparación de terrenos para la construcción","0.666666666666667",33.5,10,0.276733529284007,0.315326186640008,23,23,"Construcción","Construcción"
238222,316211,"Instalaciones de sistemas centrales de aire acondicionado y calefacción","Fabricación de calzado con corte de piel y cuero","0.666666666666667",33.5,865.5,0.276733529284007,0.288737302432985,23,31,"Construcción","Industrias manufactureras"
238222,323111,"Instalaciones de sistemas centrales de aire acondicionado y calefacción","Impresión de libros, periódicos y revistas","0.666666666666667",33.5,33.5,0.276733529284007,0.248498171668652,23,32,"Construcción","Industrias manufactureras"
238222,323120,"Instalaciones de sistemas centrales de aire acondicionado y calefacción","Industrias conexas a la impresión","0.666666666666667",33.5,15.5,0.276733529284007,0.233228486227307,23,32,"Construcción","Industrias manufactureras"
238222,433110,"Instalaciones de sistemas centrales de aire acondicionado y calefacción","Comercio al por mayor de productos farmacéuticos","0.666666666666667",33.5,892.5,0.276733529284007,0.210068641814275,23,43,"Construcción","Comercio al por mayor"
238222,433420,"Instalaciones de sistemas centrales de aire acondicionado y calefacción","Comercio al por mayor de libros","0.666666666666667",33.5,7.5,0.276733529284007,0.252671440827217,23,43,"Construcción","Comercio al por mayor"
238222,433510,"Instalaciones de sistemas centrales de aire acondicionado y calefacción","Comercio al por mayor de electrodomésticos menores y aparatos de línea blanca","1",33.5,15,0.276733529284007,0.289061034173705,23,43,"Construcción","Comercio al por mayor"
238222,435412,"Instalaciones de sistemas centrales de aire acondicionado y calefacción","Comercio al por mayor de mobiliario y equipo de oficina","0.666666666666667",33.5,110,0.276733529284007,0.267374268855096,23,43,"Construcción","Comercio al por mayor"
238222,484233,"Instalaciones de sistemas centrales de aire acondicionado y calefacción","Autotransporte foráneo con refrigeración","0.666666666666667",33.5,28,0.276733529284007,0.283455817162993,23,48,"Construcción","Transportes, correos y almacenamiento"
238222,492110,"Instalaciones de sistemas centrales de aire acondicionado y calefacción","Servicios de mensajería y paquetería foránea","0.666666666666667",33.5,819.5,0.276733529284007,0.263712467021215,23,49,"Construcción","Transportes, correos y almacenamiento"
238222,513112,"Instalaciones de sistemas centrales de aire acondicionado y calefacción","Edición de periódicos integrada con la impresión","0.666666666666667",33.5,282.5,0.276733529284007,0.277339849788849,23,51,"Construcción","Información en medios masivos"
238222,541712,"Instalaciones de sistemas centrales de aire acondicionado y calefacción","Servicios de investigación científica y desarrollo en ciencias naturales y exactas, ingeniería, y ciencias de la vida, prestados por el sector público","0.666666666666667",33.5,31,0.276733529284007,0.314153804805243,23,54,"Construcción","Servicios profesionales, científicos y técnicos"
238222,561422,"Instalaciones de sistemas centrales de aire acondicionado y calefacción","Servicios de recepción de llamadas telefónicas y promoción por teléfono","0.666666666666667",33.5,925.5,0.276733529284007,0.320599369124025,23,56,"Construcción","Servicios de apoyo a los negocios y manejo de residuos, y servicios de remediación"
238222,561590,"Instalaciones de sistemas centrales de aire acondicionado y calefacción","Otros servicios de reservaciones","0.666666666666667",33.5,13,0.276733529284007,0.241756197886356,23,56,"Construcción","Servicios de apoyo a los negocios y manejo de residuos, y servicios de remediación"
238222,611212,"Instalaciones de sistemas centrales de aire acondicionado y calefacción","Escuelas de educación técnica superior del sector público","0.666666666666667",33.5,347,0.276733529284007,0.389192805363615,23,61,"Construcción","Servicios educativos"
238222,623222,"Instalaciones de sistemas centrales de aire acondicionado y calefacción","Residencias del sector público para el cuidado de personas con problemas de trastorno mental y adicción","0.666666666666667",33.5,63.5,0.276733529284007,0.390894389227496,23,62,"Construcción","Servicios de salud y de asistencia social"
238290,312132,"Otras instalaciones y equipamiento en construcciones","Elaboración de pulque","0.4",40.5,17.5,0.25643677517888,0.54378978923636,23,31,"Construcción","Industrias manufactureras"
238290,333111,"Otras instalaciones y equipamiento en construcciones","Fabricación de maquinaria y equipo agrícola","0.6",40.5,102,0.25643677517888,0.254949576081542,23,33,"Construcción","Industrias manufactureras"
238290,339920,"Otras instalaciones y equipamiento en construcciones","Fabricación de artículos deportivos","0.6",40.5,18,0.25643677517888,0.286736063366259,23,33,"Construcción","Industrias manufactureras"
238290,541410,"Otras instalaciones y equipamiento en construcciones","Diseño y decoración de interiores","0.666666666666667",40.5,58,0.25643677517888,0.256704600084724,23,54,"Construcción","Servicios profesionales, científicos y técnicos"
238290,813140,"Otras instalaciones y equipamiento en construcciones","Asociaciones regulatorias de actividades recreativas","0.5",40.5,7.5,0.25643677517888,0.273530233438764,23,81,"Construcción","Otros servicios excepto actividades gubernamentales"
238311,484121,"Colocación de muros falsos y aislamiento","Autotransporte foráneo de productos agrícolas sin refrigeración","0.6",40.5,292.5,0.322364927292429,0.280341549782964,23,48,"Construcción","Transportes, correos y almacenamiento"
238311,485510,"Colocación de muros falsos y aislamiento","Alquiler de autobuses con chofer","0.5",40.5,541.5,0.322364927292429,0.398840788301164,23,48,"Construcción","Transportes, correos y almacenamiento"
238312,541420,"Trabajos de enyesado, empastado y tiroleado","Diseño industrial","0.666666666666667",5,10,0.249097422995247,0.317574721775686,23,54,"Construcción","Servicios profesionales, científicos y técnicos"
238312,611181,"Trabajos de enyesado, empastado y tiroleado","Escuelas del sector privado de educación para necesidades especiales","0.666666666666667",5,36,0.249097422995247,0.270030272919311,23,61,"Construcción","Servicios educativos"
238320,711191,"Trabajos de pintura y otros cubrimientos de paredes","Otras compañías y grupos de espectáculos artísticos del sector privado","0.5",23,5,0.29372458449828,0.292910424675493,23,71,"Construcción","Servicios de esparcimiento culturales y deportivos, y otros servicios recreativos"
238330,513192,"Colocación de pisos flexibles y de madera","Edición de otros materiales integrada con la impresión","1",10,5,0.258054791132331,0.246072546352847,23,51,"Construcción","Información en medios masivos"
238330,524220,"Colocación de pisos flexibles y de madera","Administración de fondos para el retiro","0.666666666666667",10,265.5,0.258054791132331,0.274209774204444,23,52,"Construcción","Servicios financieros y de seguros"
238350,325993,"Realización de trabajos de carpintería en el lugar de la construcción","Fabricación de resinas de plásticos reciclados","0.5",5,5,0.306218646798488,0.284534404958756,23,32,"Construcción","Industrias manufactureras"
238350,332410,"Realización de trabajos de carpintería en el lugar de la construcción","Fabricación de calderas industriales","0.5",5,2.5,0.306218646798488,0.269239040116936,23,33,"Construcción","Industrias manufactureras"
238350,335210,"Realización de trabajos de carpintería en el lugar de la construcción","Fabricación de enseres electrodomésticos menores","0.5",5,5,0.306218646798488,0.242367104387799,23,33,"Construcción","Industrias manufactureras"
238390,326193,"Otros trabajos de acabados en edificaciones","Fabricación de envases y contenedores de plástico para embalaje con y sin reforzamiento","0.6",20,315.5,0.262936614891718,0.264765283911331,23,32,"Construcción","Industrias manufactureras"
238390,333411,"Otros trabajos de acabados en edificaciones","Fabricación de equipo de aire acondicionado y calefacción","0.6",20,23.5,0.262936614891718,0.299018805890206,23,33,"Construcción","Industrias manufactureras"
238910,311999,"Preparación de terrenos para la construcción","Elaboración de otros alimentos procesados y envasados","0.666666666666667",10,35.5,0.315326186640008,0.281416736350141,23,31,"Construcción","Industrias manufactureras"
238910,433510,"Preparación de terrenos para la construcción","Comercio al por mayor de electrodomésticos menores y aparatos de línea blanca","0.666666666666667",10,15,0.315326186640008,0.289061034173705,23,43,"Construcción","Comercio al por mayor"
238990,339920,"Otros trabajos especializados para la construcción","Fabricación de artículos deportivos","0.8",17.5,18,0.301176902572646,0.286736063366259,23,33,"Construcción","Industrias manufactureras"
238990,622111,"Otros trabajos especializados para la construcción","Hospitales generales del sector privado","0.571428571428571",17.5,1769.5,0.301176902572646,0.284171250864315,23,62,"Construcción","Servicios de salud y de asistencia social"
238990,623312,"Otros trabajos especializados para la construcción","Asilos y otras residencias del sector público para el cuidado de ancianos","0.6",17.5,33.5,0.301176902572646,0.369822156408722,23,62,"Construcción","Servicios de salud y de asistencia social"
311110,611512,"Elaboración de alimentos balanceados para animales","Escuelas del sector público dedicadas a la enseñanza de oficios","0.416666666666667",409,348,0.304999242310266,0.365284303698489,31,61,"Industrias manufactureras","Servicios educativos"
311213,311511,"Elaboración de harina de maíz","Elaboración de leche líquida","1",5,294,0.299992285064452,0.364110500067887,31,31,"Industrias manufactureras","Industrias manufactureras"
311213,323111,"Elaboración de harina de maíz","Impresión de libros, periódicos y revistas","0.666666666666667",5,33.5,0.299992285064452,0.248498171668652,31,32,"Industrias manufactureras","Industrias manufactureras"
311213,465214,"Elaboración de harina de maíz","Comercio al por menor de equipo y material fotográfico","0.666666666666667",5,10,0.299992285064452,0.241093844684225,31,46,"Industrias manufactureras","Comercio al por menor"
311213,522440,"Elaboración de harina de maíz","Compañías de autofinanciamiento","1",5,5,0.299992285064452,0.260321031647829,31,52,"Industrias manufactureras","Servicios financieros y de seguros"
311213,522451,"Elaboración de harina de maíz","Montepíos","0.666666666666667",5,103.5,0.299992285064452,0.339539608248813,31,52,"Industrias manufactureras","Servicios financieros y de seguros"
311213,524210,"Elaboración de harina de maíz","Agentes, ajustadores y gestores de seguros y fianzas","0.666666666666667",5,754,0.299992285064452,0.256724935438546,31,52,"Industrias manufactureras","Servicios financieros y de seguros"
311213,624198,"Elaboración de harina de maíz","Otros servicios de orientación y trabajo social prestados por el sector privado","0.666666666666667",5,36,0.299992285064452,0.340001190441839,31,62,"Industrias manufactureras","Servicios de salud y de asistencia social"
311213,713941,"Elaboración de harina de maíz","Clubes deportivos del sector privado","0.666666666666667",5,265.5,0.299992285064452,0.313568790385847,31,71,"Industrias manufactureras","Servicios de esparcimiento culturales y deportivos, y otros servicios recreativos"
311214,434111,"Elaboración de harina de otros productos agrícolas","Comercio al por mayor de fertilizantes, plaguicidas y semillas para siembra","0.555555555555556",163,1006,0.463776253563567,0.358496106089543,31,43,"Industrias manufactureras","Comercio al por mayor"
311214,463218,"Elaboración de harina de otros productos agrícolas","Comercio al por menor de sombreros","0.592592592592593",163,215,0.463776253563567,0.464049588638702,31,46,"Industrias manufactureras","Comercio al por menor"
311214,464113,"Elaboración de harina de otros productos agrícolas","Comercio al por menor de productos naturistas, medicamentos homeopáticos y de complementos alimenticios","0.607142857142857",163,1462.5,0.463776253563567,0.459799277033438,31,46,"Industrias manufactureras","Comercio al por menor"
311214,467117,"Elaboración de harina de otros productos agrícolas","Comercio al por menor de artículos para albercas y otros artículos","0.555555555555556",163,440.5,0.463776253563567,0.394023505779789,31,46,"Industrias manufactureras","Comercio al por menor"
311214,621211,"Elaboración de harina de otros productos agrícolas","Consultorios dentales del sector privado","0.555555555555556",163,5096,0.463776253563567,0.426433134578858,31,62,"Industrias manufactureras","Servicios de salud y de asistencia social"
311214,811311,"Elaboración de harina de otros productos agrícolas","Reparación y mantenimiento de maquinaria y equipo agropecuario y forestal","0.555555555555556",163,156,0.463776253563567,0.451338109108437,31,81,"Industrias manufactureras","Otros servicios excepto actividades gubernamentales"
311222,331210,"Elaboración de aceites y grasas vegetales comestibles","Fabricación de tubos y postes de hierro y acero","0.666666666666667",467.5,81.5,0.389063752904664,0.262987951155144,31,33,"Industrias manufactureras","Industrias manufactureras"
311222,333242,"Elaboración de aceites y grasas vegetales comestibles","Fabricación de maquinaria y equipo para la industria del hule y del plástico","1",467.5,41,0.389063752904664,0.279265619007229,31,33,"Industrias manufactureras","Industrias manufactureras"
311230,431194,"Elaboración de cereales para el desayuno","Comercio al por mayor de miel","0.666666666666667",7.5,17.5,0.25854723671738,0.375875438215359,31,43,"Industrias manufactureras","Comercio al por mayor"
311230,512240,"Elaboración de cereales para el desayuno","Grabación de discos compactos (CD) y de video digital (DVD) o casetes musicales","0.666666666666667",7.5,13,0.25854723671738,0.395062266971024,31,51,"Industrias manufactureras","Información en medios masivos"
311230,532289,"Elaboración de cereales para el desayuno","Alquiler de otros artículos para el hogar y personales","0.666666666666667",7.5,10,0.25854723671738,0.262494601007477,31,53,"Industrias manufactureras","Servicios inmobiliarios y de alquiler de bienes muebles e intangibles"
311340,435110,"Elaboración de dulces, chicles y productos de confitería que no sean de chocolate","Comercio al por mayor de maquinaria y equipo agropecuario, forestal y para la pesca","0.375",71,393,0.31063389886597,0.351754604259253,31,43,"Industrias manufactureras","Comercio al por mayor"
311350,312141,"Elaboración de chocolate y productos de chocolate","Elaboración de ron y otras bebidas destiladas de caña","0.428571428571429",45.5,12.5,0.295373787732566,0.349044556036872,31,31,"Industrias manufactureras","Industrias manufactureras"
311350,431130,"Elaboración de chocolate y productos de chocolate","Comercio al por mayor de frutas y verduras frescas","0.428571428571429",45.5,334.5,0.295373787732566,0.290868970751886,31,43,"Industrias manufactureras","Comercio al por mayor"
311350,561490,"Elaboración de chocolate y productos de chocolate","Otros servicios de apoyo secretarial y similares","0.285714285714286",45.5,15,0.295373787732566,0.336033262616385,31,56,"Industrias manufactureras","Servicios de apoyo a los negocios y manejo de residuos, y servicios de remediación"
311411,314992,"Congelación de frutas y verduras","Fabricación de redes y otros productos de cordelería","1",40.5,2.5,0.289874440330782,0.367601709752208,31,31,"Industrias manufactureras","Industrias manufactureras"
311422,312111,"Conservación de frutas y verduras por procesos distintos a la congelación y la deshidratación","Elaboración de refrescos y otras bebidas no alcohólicas","0.5",48,713.5,0.323226811835649,0.390020603430753,31,31,"Industrias manufactureras","Industrias manufactureras"
311423,311613,"Conservación de guisos y otros alimentos preparados por procesos distintos a la congelación","Elaboración de embutidos y otras conservas de carne de ganado, aves y otros animales comestibles","0.4",341.5,817.5,0.402547529486415,0.375674135262912,31,31,"Industrias manufactureras","Industrias manufactureras"
311423,313111,"Conservación de guisos y otros alimentos preparados por procesos distintos a la congelación","Preparación e hilado de fibras duras naturales","0.4",341.5,35,0.402547529486415,0.384237880741215,31,31,"Industrias manufactureras","Industrias manufactureras"
311423,532411,"Conservación de guisos y otros alimentos preparados por procesos distintos a la congelación","Alquiler de maquinaria y equipo para construcción, minería y actividades forestales","0.388888888888889",341.5,275.5,0.402547529486415,0.340702142908725,31,53,"Industrias manufactureras","Servicios inmobiliarios y de alquiler de bienes muebles e intangibles"
311511,323111,"Elaboración de leche líquida","Impresión de libros, periódicos y revistas","0.666666666666667",294,33.5,0.364110500067887,0.248498171668652,31,32,"Industrias manufactureras","Industrias manufactureras"
311511,465214,"Elaboración de leche líquida","Comercio al por menor de equipo y material fotográfico","0.666666666666667",294,10,0.364110500067887,0.241093844684225,31,46,"Industrias manufactureras","Comercio al por menor"
311511,522440,"Elaboración de leche líquida","Compañías de autofinanciamiento","1",294,5,0.364110500067887,0.260321031647829,31,52,"Industrias manufactureras","Servicios financieros y de seguros"
311511,522451,"Elaboración de leche líquida","Montepíos","0.666666666666667",294,103.5,0.364110500067887,0.339539608248813,31,52,"Industrias manufactureras","Servicios financieros y de seguros"
311511,524210,"Elaboración de leche líquida","Agentes, ajustadores y gestores de seguros y fianzas","0.666666666666667",294,754,0.364110500067887,0.256724935438546,31,52,"Industrias manufactureras","Servicios financieros y de seguros"
311511,624198,"Elaboración de leche líquida","Otros servicios de orientación y trabajo social prestados por el sector privado","0.666666666666667",294,36,0.364110500067887,0.340001190441839,31,62,"Industrias manufactureras","Servicios de salud y de asistencia social"
311511,713941,"Elaboración de leche líquida","Clubes deportivos del sector privado","0.666666666666667",294,265.5,0.364110500067887,0.313568790385847,31,71,"Industrias manufactureras","Servicios de esparcimiento culturales y deportivos, y otros servicios recreativos"
311513,711131,"Elaboración de derivados y fermentos lácteos","Cantantes y grupos musicales del sector privado","0.363636363636364",376.5,391.5,0.394310377930362,0.497352510161185,31,71,"Industrias manufactureras","Servicios de esparcimiento culturales y deportivos, y otros servicios recreativos"
311520,434211,"Elaboración de helados y paletas","Comercio al por mayor de cemento, tabique y grava","0.653061224489796",1053,2454.5,0.445068422502326,0.459064652276101,31,43,"Industrias manufactureras","Comercio al por mayor"
311520,463113,"Elaboración de helados y paletas","Comercio al por menor de artículos de mercería y bonetería","0.666666666666667",1053,1308.5,0.445068422502326,0.486097608618326,31,46,"Industrias manufactureras","Comercio al por menor"
311520,611122,"Elaboración de helados y paletas","Escuelas de educación primaria del sector público","0.659574468085106",1053,11845,0.445068422502326,0.404120816112432,31,61,"Industrias manufactureras","Servicios educativos"
311611,315224,"Matanza de ganado, aves y otros animales comestibles","Confección en serie de disfraces y trajes típicos","0.44",739.5,102.5,0.394112843272035,0.431977300861273,31,31,"Industrias manufactureras","Industrias manufactureras"
311611,465216,"Matanza de ganado, aves y otros animales comestibles","Comercio al por menor de instrumentos musicales","0.48",739.5,221,0.394112843272035,0.423005014537692,31,46,"Industrias manufactureras","Comercio al por menor"
311612,522390,"Corte y empacado de carne de ganado, aves y otros animales comestibles","Otras instituciones de ahorro y préstamo","0.666666666666667",52,7.5,0.318097754946697,0.266353722342483,31,52,"Industrias manufactureras","Servicios financieros y de seguros"
311811,313113,"Panificación industrial","Fabricación de hilos para coser y bordar","0.666666666666667",426.5,547.5,0.342312007812754,0.506919040118907,31,31,"Industrias manufactureras","Industrias manufactureras"
311811,316213,"Panificación industrial","Fabricación de calzado de plástico","0.666666666666667",426.5,604.5,0.342312007812754,0.261715087078044,31,31,"Industrias manufactureras","Industrias manufactureras"
311811,325120,"Panificación industrial","Fabricación de gases industriales","0.666666666666667",426.5,116.5,0.342312007812754,0.380037800612022,31,32,"Industrias manufactureras","Industrias manufactureras"
311811,327211,"Panificación industrial","Fabricación de vidrio","1",426.5,271.5,0.342312007812754,0.356659532044878,31,32,"Industrias manufactureras","Industrias manufactureras"
311811,331520,"Panificación industrial","Moldeo por fundición de piezas metálicas no ferrosas","1",426.5,617,0.342312007812754,0.3766220531058,31,33,"Industrias manufactureras","Industrias manufactureras"
311811,335312,"Panificación industrial","Fabricación de equipo y aparatos de distribución de energía eléctrica","1",426.5,1394,0.342312007812754,0.36945994896694,31,33,"Industrias manufactureras","Industrias manufactureras"
311811,561110,"Panificación industrial","Servicios de administración de negocios","0.666666666666667",426.5,434,0.342312007812754,0.243263733287364,31,56,"Industrias manufactureras","Servicios de apoyo a los negocios y manejo de residuos, y servicios de remediación"
311812,466111,"Panificación tradicional","Comercio al por menor de muebles para el hogar","0.636363636363636",8197,1883,0.50558128767993,0.321332694520558,31,46,"Industrias manufactureras","Comercio al por menor"
311812,466312,"Panificación tradicional","Comercio al por menor de plantas y flores naturales","0.666666666666667",8197,3354,0.50558128767993,0.470659399320998,31,46,"Industrias manufactureras","Comercio al por menor"
311812,621116,"Panificación tradicional","Clínicas de consultorios médicos del sector público","0.652173913043478",8197,2274.5,0.50558128767993,0.459089782084226,31,62,"Industrias manufactureras","Servicios de salud y de asistencia social"
311813,561610,"Elaboración de tortillas de harina de trigo de forma tradicional","Servicios de investigación y de protección y custodia, excepto mediante monitoreo","0.6",58,3314.5,0.266044567528277,0.358153728440035,31,56,"Industrias manufactureras","Servicios de apoyo a los negocios y manejo de residuos, y servicios de remediación"
311820,532491,"Elaboración de galletas y pastas para sopa","Alquiler de maquinaria y equipo agropecuario, pesquero y para la industria manufacturera","0.5",632,10,0.366450306825397,0.251034459168451,31,53,"Industrias manufactureras","Servicios inmobiliarios y de alquiler de bienes muebles e intangibles"
311830,332320,"Elaboración de tortillas de maíz y molienda de nixtamal","Fabricación de productos de herrería","0.666666666666667",11581.5,4262,0.519272062389863,0.4685627271731,31,33,"Industrias manufactureras","Industrias manufactureras"
311830,434112,"Elaboración de tortillas de maíz y molienda de nixtamal","Comercio al por mayor de medicamentos veterinarios y alimentos para animales, excepto mascotas","0.673469387755102",11581.5,1863.5,0.519272062389863,0.472847466201514,31,43,"Industrias manufactureras","Comercio al por mayor"
311830,461110,"Elaboración de tortillas de maíz y molienda de nixtamal","Comercio al por menor en tiendas de abarrotes, ultramarinos y misceláneas","0.655172413793103",11581.5,43718,0.519272062389863,0.524835380675089,31,46,"Industrias manufactureras","Comercio al por menor"
311830,532282,"Elaboración de tortillas de maíz y molienda de nixtamal","Alquiler de mesas, sillas, vajillas y similares","0.673469387755102",11581.5,1173,0.519272062389863,0.473045589530131,31,53,"Industrias manufactureras","Servicios inmobiliarios y de alquiler de bienes muebles e intangibles"
311830,561432,"Elaboración de tortillas de maíz y molienda de nixtamal","Servicios de acceso a computadoras","0.686274509803922",11581.5,1946.5,0.519272062389863,0.525132573213025,31,56,"Industrias manufactureras","Servicios de apoyo a los negocios y manejo de residuos, y servicios de remediación"
311830,611132,"Elaboración de tortillas de maíz y molienda de nixtamal","Escuelas de educación secundaria general del sector público","0.653846153846154",11581.5,6310,0.519272062389863,0.407211104749791,31,61,"Industrias manufactureras","Servicios educativos"
311830,611172,"Elaboración de tortillas de maíz y molienda de nixtamal","Escuelas del sector público que combinan diversos niveles de educación","0.604166666666667",11581.5,549,0.519272062389863,0.465472441143272,31,61,"Industrias manufactureras","Servicios educativos"
311910,325999,"Elaboración de botanas","Fabricación de otros productos químicos","0.375",1194.5,253.5,0.397151740086234,0.37382817448462,31,32,"Industrias manufactureras","Industrias manufactureras"
311921,551111,"Beneficio del café","Dirección y administración de grupos empresariales o corporativos","0.5",5,15.5,0.425164574754176,0.246647789533243,31,55,"Industrias manufactureras","Dirección y administración de grupos empresariales o corporativos"
311921,561320,"Beneficio del café","Agencias de empleo temporal","0.666666666666667",5,48.5,0.425164574754176,0.275134904176393,31,56,"Industrias manufactureras","Servicios de apoyo a los negocios y manejo de residuos, y servicios de remediación"
311922,316219,"Elaboración de café tostado y molido destinado a unidades que lo comercializan","Fabricación de huaraches y calzado de otro tipo de materiales","0.5",55.5,45,0.385687044575278,0.374265902208331,31,31,"Industrias manufactureras","Industrias manufactureras"
311923,327215,"Elaboración de café instantáneo","Fabricación de artículos de vidrio de uso doméstico","1",20.5,264,0.357614537374997,0.404648715786179,31,32,"Industrias manufactureras","Industrias manufactureras"
311923,334410,"Elaboración de café instantáneo","Fabricación de componentes electrónicos","1",20.5,2.5,0.357614537374997,0.239704770706103,31,33,"Industrias manufactureras","Industrias manufactureras"
311923,431170,"Elaboración de café instantáneo","Comercio al por mayor de embutidos","1",20.5,359,0.357614537374997,0.333728518376003,31,43,"Industrias manufactureras","Comercio al por mayor"
311923,437311,"Elaboración de café instantáneo","Intermediación de comercio al por mayor de productos agropecuarios","1",20.5,2.5,0.357614537374997,0.362839284396922,31,43,"Industrias manufactureras","Comercio al por mayor"
311923,533110,"Elaboración de café instantáneo","Servicios de alquiler de marcas registradas, patentes y franquicias","1",20.5,2.5,0.357614537374997,0.251869071603987,31,53,"Industrias manufactureras","Servicios inmobiliarios y de alquiler de bienes muebles e intangibles"
311993,722330,"Elaboración de alimentos frescos para consumo inmediato","Servicios de preparación de alimentos en unidades móviles","0.571428571428571",15,42.5,0.31781584407011,0.320324782613383,31,72,"Industrias manufactureras","Servicios de alojamiento temporal y de preparación de alimentos y bebidas"
312111,327999,"Elaboración de refrescos y otras bebidas no alcohólicas","Fabricación de otros productos a base de minerales no metálicos","0.5",713.5,266.5,0.390020603430753,0.389496711484504,31,32,"Industrias manufactureras","Industrias manufactureras"
312112,461170,"Purificación y embotellado de agua","Comercio al por menor de paletas de hielo y helados","0.688888888888889",2037,1860,0.402841730303066,0.419819287600183,31,46,"Industrias manufactureras","Comercio al por menor"
312112,611122,"Purificación y embotellado de agua","Escuelas de educación primaria del sector público","0.702127659574468",2037,11845,0.402841730303066,0.404120816112432,31,61,"Industrias manufactureras","Servicios educativos"
312113,431121,"Elaboración de hielo","Comercio al por mayor de carnes rojas","0.5",161,81.5,0.35238582371041,0.273918067755974,31,43,"Industrias manufactureras","Comercio al por mayor"
312113,611311,"Elaboración de hielo","Escuelas de educación superior del sector privado","0.5",161,4743,0.35238582371041,0.397828808137921,31,61,"Industrias manufactureras","Servicios educativos"
312120,562921,"Elaboración de cerveza","Recuperación de residuos por el sector privado","0.5",276.5,41,0.355692890426923,0.309983752632517,31,56,"Industrias manufactureras","Servicios de apoyo a los negocios y manejo de residuos, y servicios de remediación"
312131,532491,"Elaboración de bebidas alcohólicas a base de uva","Alquiler de maquinaria y equipo agropecuario, pesquero y para la industria manufacturera","0.25",2.5,10,0.282427892587941,0.251034459168451,31,53,"Industrias manufactureras","Servicios inmobiliarios y de alquiler de bienes muebles e intangibles"
312139,611411,"Elaboración de sidra y otras bebidas fermentadas","Escuelas comerciales y secretariales del sector privado","0.666666666666667",28,13,0.538508008209341,0.451027799144692,31,61,"Industrias manufactureras","Servicios educativos"
312141,321991,"Elaboración de ron y otras bebidas destiladas de caña","Fabricación de productos de materiales trenzables, excepto palma","0.4",12.5,58.5,0.349044556036872,0.375265372974798,31,32,"Industrias manufactureras","Industrias manufactureras"
312149,721190,"Elaboración de otras bebidas destiladas","Cabañas, villas y similares","0.4",40.5,78,0.403020138832302,0.367992787707994,31,72,"Industrias manufactureras","Servicios de alojamiento temporal y de preparación de alimentos y bebidas"
312222,326130,"Elaboración de puros y otros productos de tabaco","Fabricación de laminados de plástico","1",20.5,2.5,0.495419754458503,0.273596530013367,31,32,"Industrias manufactureras","Industrias manufactureras"
312222,327122,"Elaboración de puros y otros productos de tabaco","Fabricación de azulejos y losetas no refractarias","1",20.5,8,0.495419754458503,0.295980249934352,31,32,"Industrias manufactureras","Industrias manufactureras"
312222,332991,"Elaboración de puros y otros productos de tabaco","Fabricación de baleros o rodamientos","1",20.5,2.5,0.495419754458503,0.272948716554693,31,33,"Industrias manufactureras","Industrias manufactureras"
312222,333992,"Elaboración de puros y otros productos de tabaco","Fabricación de maquinaria y equipo para envasar y empacar","1",20.5,2.5,0.495419754458503,0.242170137669288,31,33,"Industrias manufactureras","Industrias manufactureras"
312222,335220,"Elaboración de puros y otros productos de tabaco","Fabricación de aparatos de línea blanca","1",20.5,2.5,0.495419754458503,0.270835533393701,31,33,"Industrias manufactureras","Industrias manufactureras"
312222,431123,"Elaboración de puros y otros productos de tabaco","Comercio al por mayor de pescados y mariscos","1",20.5,2.5,0.495419754458503,0.278507802479404,31,43,"Industrias manufactureras","Comercio al por mayor"
312222,431193,"Elaboración de puros y otros productos de tabaco","Comercio al por mayor de conservas alimenticias","1",20.5,78,0.495419754458503,0.281874903624276,31,43,"Industrias manufactureras","Comercio al por mayor"
312222,431212,"Elaboración de puros y otros productos de tabaco","Comercio al por mayor de vinos y licores","1",20.5,21,0.495419754458503,0.210875508787304,31,43,"Industrias manufactureras","Comercio al por mayor"
312222,431220,"Elaboración de puros y otros productos de tabaco","Comercio al por mayor de cigarros, puros y tabaco","1",20.5,61,0.495419754458503,0.321323089338725,31,43,"Industrias manufactureras","Comercio al por mayor"
312222,481210,"Elaboración de puros y otros productos de tabaco","Transporte aéreo no regular","1",20.5,8,0.495419754458503,0.244426385742583,31,48,"Industrias manufactureras","Transportes, correos y almacenamiento"
312222,484111,"Elaboración de puros y otros productos de tabaco","Autotransporte local de productos agrícolas sin refrigeración","1",20.5,2.5,0.495419754458503,0.283931217488884,31,48,"Industrias manufactureras","Transportes, correos y almacenamiento"
312222,486910,"Elaboración de puros y otros productos de tabaco","Transporte por ductos de productos refinados del petróleo","1",20.5,8,0.495419754458503,0.277077589218141,31,48,"Industrias manufactureras","Transportes, correos y almacenamiento"
312222,488112,"Elaboración de puros y otros productos de tabaco","Administración de aeropuertos y helipuertos","1",20.5,20.5,0.495419754458503,0.282745640603857,31,48,"Industrias manufactureras","Transportes, correos y almacenamiento"
312222,488190,"Elaboración de puros y otros productos de tabaco","Otros servicios relacionados con el transporte aéreo","1",20.5,43.5,0.495419754458503,0.283400741135613,31,48,"Industrias manufactureras","Transportes, correos y almacenamiento"
312222,488511,"Elaboración de puros y otros productos de tabaco","Servicios de agencias aduanales","1",20.5,7.5,0.495419754458503,0.269153349746806,31,48,"Industrias manufactureras","Transportes, correos y almacenamiento"
312222,513121,"Elaboración de puros y otros productos de tabaco","Edición de revistas y otras publicaciones periódicas en formato electrónico","1",20.5,2.5,0.495419754458503,0.302962498349444,31,51,"Industrias manufactureras","Información en medios masivos"
312222,513210,"Elaboración de puros y otros productos de tabaco","Edición de software","1",20.5,2.5,0.495419754458503,0.201417353600563,31,51,"Industrias manufactureras","Información en medios masivos"
312222,524130,"Elaboración de puros y otros productos de tabaco","Compañías afianzadoras","1",20.5,15.5,0.495419754458503,0.213940415730347,31,52,"Industrias manufactureras","Servicios financieros y de seguros"
312222,532412,"Elaboración de puros y otros productos de tabaco","Alquiler de equipo de transporte, excepto terrestre","1",20.5,8,0.495419754458503,0.273410240000319,31,53,"Industrias manufactureras","Servicios inmobiliarios y de alquiler de bienes muebles e intangibles"
312222,541350,"Elaboración de puros y otros productos de tabaco","Servicios de inspección de edificios","1",20.5,89,0.495419754458503,0.385511648068737,31,54,"Industrias manufactureras","Servicios profesionales, científicos y técnicos"
312222,541722,"Elaboración de puros y otros productos de tabaco","Servicios de investigación científica y desarrollo en ciencias sociales y humanidades, prestados por el sector público","1",20.5,75.5,0.495419754458503,0.3926697655495,31,54,"Industrias manufactureras","Servicios profesionales, científicos y técnicos"
312222,541820,"Elaboración de puros y otros productos de tabaco","Agencias de relaciones públicas","1",20.5,8,0.495419754458503,0.187220354878919,31,54,"Industrias manufactureras","Servicios profesionales, científicos y técnicos"
312222,541870,"Elaboración de puros y otros productos de tabaco","Distribución de material publicitario","1",20.5,2.5,0.495419754458503,0.297138636536386,31,54,"Industrias manufactureras","Servicios profesionales, científicos y técnicos"
312222,541910,"Elaboración de puros y otros productos de tabaco","Servicios de investigación de mercados y encuestas de opinión pública","1",20.5,41,0.495419754458503,0.182545817011302,31,54,"Industrias manufactureras","Servicios profesionales, científicos y técnicos"
312222,541990,"Elaboración de puros y otros productos de tabaco","Otros servicios profesionales, científicos y técnicos","1",20.5,5,0.495419754458503,0.252814701117202,31,54,"Industrias manufactureras","Servicios profesionales, científicos y técnicos"
312222,611431,"Elaboración de puros y otros productos de tabaco","Escuelas para la capacitación de ejecutivos del sector privado","1",20.5,43,0.495419754458503,0.329957515805206,31,61,"Industrias manufactureras","Servicios educativos"
312222,621114,"Elaboración de puros y otros productos de tabaco","Consultorios de medicina especializada del sector público","1",20.5,8,0.495419754458503,0.360460039424648,31,62,"Industrias manufactureras","Servicios de salud y de asistencia social"
312222,621411,"Elaboración de puros y otros productos de tabaco","Centros de planificación familiar del sector privado","1",20.5,36,0.495419754458503,0.295842120354262,31,62,"Industrias manufactureras","Servicios de salud y de asistencia social"
312222,621412,"Elaboración de puros y otros productos de tabaco","Centros de planificación familiar del sector público","1",20.5,20.5,0.495419754458503,0.452740413072709,31,62,"Industrias manufactureras","Servicios de salud y de asistencia social"
312222,621492,"Elaboración de puros y otros productos de tabaco","Otros centros del sector público para la atención de pacientes que no requieren hospitalización","1",20.5,20.5,0.495419754458503,0.410589166151199,31,62,"Industrias manufactureras","Servicios de salud y de asistencia social"
312222,621512,"Elaboración de puros y otros productos de tabaco","Laboratorios médicos y de diagnóstico del sector público","1",20.5,81,0.495419754458503,0.405751894001053,31,62,"Industrias manufactureras","Servicios de salud y de asistencia social"
312222,621992,"Elaboración de puros y otros productos de tabaco","Servicios de bancos de órganos, bancos de sangre y otros servicios auxiliares al tratamiento médico prestados por el sector público","1",20.5,40.5,0.495419754458503,0.437933820392971,31,62,"Industrias manufactureras","Servicios de salud y de asistencia social"
312222,624221,"Elaboración de puros y otros productos de tabaco","Refugios temporales comunitarios del sector privado","1",20.5,2.5,0.495419754458503,0.299862818722939,31,62,"Industrias manufactureras","Servicios de salud y de asistencia social"
312222,713299,"Elaboración de puros y otros productos de tabaco","Otros juegos de azar","1",20.5,478,0.495419754458503,0.270589016115023,31,71,"Industrias manufactureras","Servicios de esparcimiento culturales y deportivos, y otros servicios recreativos"
312222,713950,"Elaboración de puros y otros productos de tabaco","Boliches","1",20.5,28.5,0.495419754458503,0.289971036915563,31,71,"Industrias manufactureras","Servicios de esparcimiento culturales y deportivos, y otros servicios recreativos"
312222,931110,"Elaboración de puros y otros productos de tabaco","Órganos legislativos","1",20.5,326.5,0.495419754458503,0.425402710869892,31,93,"Industrias manufactureras","Actividades legislativas, gubernamentales, de impartición de justicia y de organismos internacionales y extraterritoriales"
313112,313113,"Preparación e hilado de fibras blandas naturales","Fabricación de hilos para coser y bordar","0.666666666666667",801.5,547.5,0.479587519558614,0.506919040118907,31,31,"Industrias manufactureras","Industrias manufactureras"
313112,488492,"Preparación e hilado de fibras blandas naturales","Servicios de administración de carreteras, puentes y servicios auxiliares","0.666666666666667",801.5,31,0.479587519558614,0.396094782380393,31,48,"Industrias manufactureras","Transportes, correos y almacenamiento"
313113,313310,"Fabricación de hilos para coser y bordar","Acabado de productos textiles","0.666666666666667",547.5,368.5,0.506919040118907,0.449839042764822,31,31,"Industrias manufactureras","Industrias manufactureras"
313113,316213,"Fabricación de hilos para coser y bordar","Fabricación de calzado de plástico","0.666666666666667",547.5,604.5,0.506919040118907,0.261715087078044,31,31,"Industrias manufactureras","Industrias manufactureras"
313113,325120,"Fabricación de hilos para coser y bordar","Fabricación de gases industriales","0.666666666666667",547.5,116.5,0.506919040118907,0.380037800612022,31,32,"Industrias manufactureras","Industrias manufactureras"
313113,326220,"Fabricación de hilos para coser y bordar","Fabricación de bandas y mangueras de hule y de plástico","0.666666666666667",547.5,284.5,0.506919040118907,0.341383187481917,31,32,"Industrias manufactureras","Industrias manufactureras"
313113,327211,"Fabricación de hilos para coser y bordar","Fabricación de vidrio","0.666666666666667",547.5,271.5,0.506919040118907,0.356659532044878,31,32,"Industrias manufactureras","Industrias manufactureras"
313113,331520,"Fabricación de hilos para coser y bordar","Moldeo por fundición de piezas metálicas no ferrosas","0.666666666666667",547.5,617,0.506919040118907,0.3766220531058,31,33,"Industrias manufactureras","Industrias manufactureras"
313113,333999,"Fabricación de hilos para coser y bordar","Fabricación de otra maquinaria y equipo para la industria en general","0.666666666666667",547.5,43.5,0.506919040118907,0.287582561379419,31,33,"Industrias manufactureras","Industrias manufactureras"
313113,335312,"Fabricación de hilos para coser y bordar","Fabricación de equipo y aparatos de distribución de energía eléctrica","0.666666666666667",547.5,1394,0.506919040118907,0.36945994896694,31,33,"Industrias manufactureras","Industrias manufactureras"
313113,488492,"Fabricación de hilos para coser y bordar","Servicios de administración de carreteras, puentes y servicios auxiliares","0.666666666666667",547.5,31,0.506919040118907,0.396094782380393,31,48,"Industrias manufactureras","Transportes, correos y almacenamiento"
313113,561110,"Fabricación de hilos para coser y bordar","Servicios de administración de negocios","0.666666666666667",547.5,434,0.506919040118907,0.243263733287364,31,56,"Industrias manufactureras","Servicios de apoyo a los negocios y manejo de residuos, y servicios de remediación"
313113,621332,"Fabricación de hilos para coser y bordar","Consultorios de psicología del sector público","0.5",547.5,72,0.506919040118907,0.402908452649768,31,62,"Industrias manufactureras","Servicios de salud y de asistencia social"
313113,712132,"Fabricación de hilos para coser y bordar","Jardines botánicos y zoológicos del sector público","0.666666666666667",547.5,41,0.506919040118907,0.345978673429053,31,71,"Industrias manufactureras","Servicios de esparcimiento culturales y deportivos, y otros servicios recreativos"
313210,326110,"Fabricación de telas anchas de tejido de trama","Fabricación de bolsas y películas de plástico","0.5",1261,178,0.509931942873539,0.301453582822641,31,32,"Industrias manufactureras","Industrias manufactureras"
313210,337210,"Fabricación de telas anchas de tejido de trama","Fabricación de muebles de oficina y estantería","0.5",1261,433,0.509931942873539,0.271967381525589,31,33,"Industrias manufactureras","Industrias manufactureras"
313210,432111,"Fabricación de telas anchas de tejido de trama","Comercio al por mayor de fibras, hilos y telas","0.666666666666667",1261,594.5,0.509931942873539,0.404291774852829,31,43,"Industrias manufactureras","Comercio al por mayor"
313220,313240,"Fabricación de telas angostas de tejido de trama y pasamanería","Fabricación de telas de tejido de punto","0.666666666666667",31.5,266,0.301186092753222,0.467605713962055,31,31,"Industrias manufactureras","Industrias manufactureras"
313220,339992,"Fabricación de telas angostas de tejido de trama y pasamanería","Fabricación de cierres, botones y agujas","0.666666666666667",31.5,198,0.301186092753222,0.369087797422025,31,33,"Industrias manufactureras","Industrias manufactureras"
313240,326192,"Fabricación de telas de tejido de punto","Fabricación de autopartes de plástico con y sin reforzamiento","0.666666666666667",266,513.5,0.467605713962055,0.307304374705428,31,32,"Industrias manufactureras","Industrias manufactureras"
313240,339992,"Fabricación de telas de tejido de punto","Fabricación de cierres, botones y agujas","0.666666666666667",266,198,0.467605713962055,0.369087797422025,31,33,"Industrias manufactureras","Industrias manufactureras"
313310,326140,"Acabado de productos textiles","Fabricación de espumas y productos de poliestireno","0.666666666666667",368.5,261.5,0.449839042764822,0.269120560482645,31,32,"Industrias manufactureras","Industrias manufactureras"
313310,326220,"Acabado de productos textiles","Fabricación de bandas y mangueras de hule y de plástico","0.666666666666667",368.5,284.5,0.449839042764822,0.341383187481917,31,32,"Industrias manufactureras","Industrias manufactureras"
313310,333999,"Acabado de productos textiles","Fabricación de otra maquinaria y equipo para la industria en general","0.666666666666667",368.5,43.5,0.449839042764822,0.287582561379419,31,33,"Industrias manufactureras","Industrias manufactureras"
313310,712132,"Acabado de productos textiles","Jardines botánicos y zoológicos del sector público","0.666666666666667",368.5,41,0.449839042764822,0.345978673429053,31,71,"Industrias manufactureras","Servicios de esparcimiento culturales y deportivos, y otros servicios recreativos"
314120,322299,"Confección de cortinas, blancos y similares","Fabricación de otros productos de cartón y papel","0.384615384615385",377.5,403.5,0.408500876008169,0.394838940970066,31,32,"Industrias manufactureras","Industrias manufactureras"
314120,611131,"Confección de cortinas, blancos y similares","Escuelas de educación secundaria general del sector privado","0.363636363636364",377.5,371,0.408500876008169,0.381783823425998,31,61,"Industrias manufactureras","Servicios educativos"
314911,322291,"Confección de costales","Fabricación de pañales desechables y productos sanitarios","1",20.5,251,0.292531504597648,0.357692227632716,31,32,"Industrias manufactureras","Industrias manufactureras"
314911,325220,"Confección de costales","Fabricación de fibras químicas","1",20.5,20.5,0.292531504597648,0.234473022623464,31,32,"Industrias manufactureras","Industrias manufactureras"
314911,325910,"Confección de costales","Fabricación de tintas para impresión","1",20.5,259,0.292531504597648,0.373642868657096,31,32,"Industrias manufactureras","Industrias manufactureras"
314911,713910,"Confección de costales","Campos de golf","1",20.5,216,0.292531504597648,0.306810716709789,31,71,"Industrias manufactureras","Servicios de esparcimiento culturales y deportivos, y otros servicios recreativos"
314912,331210,"Confección de productos de textiles recubiertos y de materiales sucedáneos","Fabricación de tubos y postes de hierro y acero","0.666666666666667",349.5,81.5,0.326401755200615,0.262987951155144,31,33,"Industrias manufactureras","Industrias manufactureras"
314991,712112,"Confección, bordado y deshilado de productos textiles","Museos del sector público","0.411764705882353",1045.5,200.5,0.411972211997191,0.358867225265195,31,71,"Industrias manufactureras","Servicios de esparcimiento culturales y deportivos, y otros servicios recreativos"
314992,467116,"Fabricación de redes y otros productos de cordelería","Comercio al por menor de materiales para la construcción en tiendas de autoservicio especializadas","0.333333333333333",2.5,434.5,0.367601709752208,0.280977925384079,31,46,"Industrias manufactureras","Comercio al por menor"
314993,561910,"Fabricación de borras y estopas","Servicios de empacado y etiquetado","0.5",8,5,0.381598440026045,0.299286616884835,31,56,"Industrias manufactureras","Servicios de apoyo a los negocios y manejo de residuos, y servicios de remediación"
314999,432112,"Fabricación de banderas y otros productos textiles no clasificados en otra parte","Comercio al por mayor de blancos","1",5,5,0.311815517043172,0.289010480862957,31,43,"Industrias manufactureras","Comercio al por mayor"
314999,624198,"Fabricación de banderas y otros productos textiles no clasificados en otra parte","Otros servicios de orientación y trabajo social prestados por el sector privado","0.666666666666667",5,36,0.311815517043172,0.340001190441839,31,62,"Industrias manufactureras","Servicios de salud y de asistencia social"
314999,713941,"Fabricación de banderas y otros productos textiles no clasificados en otra parte","Clubes deportivos del sector privado","0.666666666666667",5,265.5,0.311815517043172,0.313568790385847,31,71,"Industrias manufactureras","Servicios de esparcimiento culturales y deportivos, y otros servicios recreativos"
315121,433313,"Fabricación de calcetines y medias de tejido de punto","Comercio al por mayor de artículos y aparatos deportivos","0.5",711,52,0.358760242029803,0.260581546200179,31,43,"Industrias manufactureras","Comercio al por mayor"
315121,532491,"Fabricación de calcetines y medias de tejido de punto","Alquiler de maquinaria y equipo agropecuario, pesquero y para la industria manufacturera","0.5",711,10,0.358760242029803,0.251034459168451,31,53,"Industrias manufactureras","Servicios inmobiliarios y de alquiler de bienes muebles e intangibles"
315121,624222,"Fabricación de calcetines y medias de tejido de punto","Refugios temporales comunitarios del sector público","0.5",711,68.5,0.358760242029803,0.421734034559489,31,62,"Industrias manufactureras","Servicios de salud y de asistencia social"
315122,326199,"Fabricación de ropa interior de tejido de punto","Fabricación de otros productos de plástico sin reforzamiento","0.5",77.5,88.5,0.504595524366078,0.289322029458036,31,32,"Industrias manufactureras","Industrias manufactureras"
315122,711191,"Fabricación de ropa interior de tejido de punto","Otras compañías y grupos de espectáculos artísticos del sector privado","0.5",77.5,5,0.504595524366078,0.292910424675493,31,71,"Industrias manufactureras","Servicios de esparcimiento culturales y deportivos, y otros servicios recreativos"
315123,432111,"Fabricación de ropa exterior de tejido de punto","Comercio al por mayor de fibras, hilos y telas","0.666666666666667",741.5,594.5,0.458348261551238,0.404291774852829,31,43,"Industrias manufactureras","Comercio al por mayor"
315221,531111,"Confección en serie de ropa interior y de dormir","Alquiler sin intermediación de viviendas amuebladas","0.6",1044.5,20,0.43298810504907,0.283409645519972,31,53,"Industrias manufactureras","Servicios inmobiliarios y de alquiler de bienes muebles e intangibles"
315221,541942,"Confección en serie de ropa interior y de dormir","Servicios veterinarios para mascotas prestados por el sector público","0.428571428571429",1044.5,35.5,0.43298810504907,0.313815743714944,31,54,"Industrias manufactureras","Servicios profesionales, científicos y técnicos"
315222,321999,"Confección en serie de camisas","Fabricación de otros productos de madera","0.5",316.5,71.5,0.416378787605,0.25620800809225,31,32,"Industrias manufactureras","Industrias manufactureras"
315222,434223,"Confección en serie de camisas","Comercio al por mayor de envases en general, papel y cartón para la industria","0.555555555555556",316.5,96.5,0.416378787605,0.273347399105526,31,43,"Industrias manufactureras","Comercio al por mayor"
315223,434314,"Confección en serie de uniformes","Comercio al por mayor de desechos de plástico","0.444444444444444",1861.5,175,0.429193565731106,0.339043119975694,31,43,"Industrias manufactureras","Comercio al por mayor"
315225,461123,"Confección de prendas de vestir sobre medida","Comercio al por menor de pescados y mariscos","0.5",847.5,357,0.422256346153234,0.360015832809206,31,46,"Industrias manufactureras","Comercio al por menor"
315229,434314,"Confección en serie de otra ropa exterior de materiales textiles","Comercio al por mayor de desechos de plástico","0.444444444444444",7063,175,0.430922435930622,0.339043119975694,31,43,"Industrias manufactureras","Comercio al por mayor"
315999,469110,"Confección de otros accesorios y prendas de vestir no clasificados en otra parte","Intermediación de comercio al por menor, y comercio al por menor a través de catálogos impresos, televisión y similares","0.428571428571429",35,176,0.349600952907519,0.256041436334948,31,46,"Industrias manufactureras","Comercio al por menor"
316110,522390,"Curtido y acabado de cuero y piel","Otras instituciones de ahorro y préstamo","0.5",15.5,7.5,0.357728985822766,0.266353722342483,31,52,"Industrias manufactureras","Servicios financieros y de seguros"
316110,532420,"Curtido y acabado de cuero y piel","Alquiler de equipo de cómputo y de otras máquinas y mobiliario de oficina","0.5",15.5,15.5,0.357728985822766,0.267443509861519,31,53,"Industrias manufactureras","Servicios inmobiliarios y de alquiler de bienes muebles e intangibles"
316211,323111,"Fabricación de calzado con corte de piel y cuero","Impresión de libros, periódicos y revistas","0.666666666666667",865.5,33.5,0.288737302432985,0.248498171668652,31,32,"Industrias manufactureras","Industrias manufactureras"
316211,433110,"Fabricación de calzado con corte de piel y cuero","Comercio al por mayor de productos farmacéuticos","0.666666666666667",865.5,892.5,0.288737302432985,0.210068641814275,31,43,"Industrias manufactureras","Comercio al por mayor"
316211,433420,"Fabricación de calzado con corte de piel y cuero","Comercio al por mayor de libros","0.666666666666667",865.5,7.5,0.288737302432985,0.252671440827217,31,43,"Industrias manufactureras","Comercio al por mayor"
316211,433510,"Fabricación de calzado con corte de piel y cuero","Comercio al por mayor de electrodomésticos menores y aparatos de línea blanca","0.666666666666667",865.5,15,0.288737302432985,0.289061034173705,31,43,"Industrias manufactureras","Comercio al por mayor"
316211,435412,"Fabricación de calzado con corte de piel y cuero","Comercio al por mayor de mobiliario y equipo de oficina","0.666666666666667",865.5,110,0.288737302432985,0.267374268855096,31,43,"Industrias manufactureras","Comercio al por mayor"
316211,484233,"Fabricación de calzado con corte de piel y cuero","Autotransporte foráneo con refrigeración","0.666666666666667",865.5,28,0.288737302432985,0.283455817162993,31,48,"Industrias manufactureras","Transportes, correos y almacenamiento"
316211,492110,"Fabricación de calzado con corte de piel y cuero","Servicios de mensajería y paquetería foránea","0.666666666666667",865.5,819.5,0.288737302432985,0.263712467021215,31,49,"Industrias manufactureras","Transportes, correos y almacenamiento"
316211,541712,"Fabricación de calzado con corte de piel y cuero","Servicios de investigación científica y desarrollo en ciencias naturales y exactas, ingeniería, y ciencias de la vida, prestados por el sector público","0.666666666666667",865.5,31,0.288737302432985,0.314153804805243,31,54,"Industrias manufactureras","Servicios profesionales, científicos y técnicos"
316211,561422,"Fabricación de calzado con corte de piel y cuero","Servicios de recepción de llamadas telefónicas y promoción por teléfono","0.666666666666667",865.5,925.5,0.288737302432985,0.320599369124025,31,56,"Industrias manufactureras","Servicios de apoyo a los negocios y manejo de residuos, y servicios de remediación"
316211,611212,"Fabricación de calzado con corte de piel y cuero","Escuelas de educación técnica superior del sector público","0.666666666666667",865.5,347,0.288737302432985,0.389192805363615,31,61,"Industrias manufactureras","Servicios educativos"
316211,623222,"Fabricación de calzado con corte de piel y cuero","Residencias del sector público para el cuidado de personas con problemas de trastorno mental y adicción","0.666666666666667",865.5,63.5,0.288737302432985,0.390894389227496,31,62,"Industrias manufactureras","Servicios de salud y de asistencia social"
316212,711212,"Fabricación de calzado con corte de tela","Equipos deportivos profesionales","0.5",279,251,0.597701236974296,0.356866605721112,31,71,"Industrias manufactureras","Servicios de esparcimiento culturales y deportivos, y otros servicios recreativos"
316213,325120,"Fabricación de calzado de plástico","Fabricación de gases industriales","0.666666666666667",604.5,116.5,0.261715087078044,0.380037800612022,31,32,"Industrias manufactureras","Industrias manufactureras"
316213,325211,"Fabricación de calzado de plástico","Fabricación de resinas sintéticas","0.75",604.5,235,0.261715087078044,0.297547806367538,31,32,"Industrias manufactureras","Industrias manufactureras"
316213,326191,"Fabricación de calzado de plástico","Fabricación de productos de plástico para el hogar con y sin reforzamiento","0.6",604.5,571.5,0.261715087078044,0.323737878866835,31,32,"Industrias manufactureras","Industrias manufactureras"
316213,327211,"Fabricación de calzado de plástico","Fabricación de vidrio","0.666666666666667",604.5,271.5,0.261715087078044,0.356659532044878,31,32,"Industrias manufactureras","Industrias manufactureras"
316213,331520,"Fabricación de calzado de plástico","Moldeo por fundición de piezas metálicas no ferrosas","0.666666666666667",604.5,617,0.261715087078044,0.3766220531058,31,33,"Industrias manufactureras","Industrias manufactureras"
316213,335312,"Fabricación de calzado de plástico","Fabricación de equipo y aparatos de distribución de energía eléctrica","0.666666666666667",604.5,1394,0.261715087078044,0.36945994896694,31,33,"Industrias manufactureras","Industrias manufactureras"
316213,561110,"Fabricación de calzado de plástico","Servicios de administración de negocios","0.666666666666667",604.5,434,0.261715087078044,0.243263733287364,31,56,"Industrias manufactureras","Servicios de apoyo a los negocios y manejo de residuos, y servicios de remediación"
316219,321991,"Fabricación de huaraches y calzado de otro tipo de materiales","Fabricación de productos de materiales trenzables, excepto palma","0.666666666666667",45,58.5,0.374265902208331,0.375265372974798,31,32,"Industrias manufactureras","Industrias manufactureras"
316991,621312,"Fabricación de bolsos de mano, maletas y similares","Consultorios de quiropráctica del sector público","0.333333333333333",706.5,28.5,0.400190149465155,0.392462073341483,31,62,"Industrias manufactureras","Servicios de salud y de asistencia social"
316999,711510,"Fabricación de otros productos de cuero, piel y materiales sucedáneos","Artistas, escritores y técnicos independientes","0.4",45.5,58,0.328861848692438,0.375131531039644,31,71,"Industrias manufactureras","Servicios de esparcimiento culturales y deportivos, y otros servicios recreativos"
321112,337210,"Aserrado de tablas y tablones","Fabricación de muebles de oficina y estantería","0.363636363636364",267.5,433,0.478038403036499,0.271967381525589,32,33,"Industrias manufactureras","Industrias manufactureras"
321210,332410,"Fabricación de laminados y aglutinados de madera","Fabricación de calderas industriales","1",23,2.5,0.292372934624592,0.269239040116936,32,33,"Industrias manufactureras","Industrias manufactureras"
321210,333244,"Fabricación de laminados y aglutinados de madera","Fabricación de maquinaria y equipo para la industria textil","1",23,2.5,0.292372934624592,0.280966282144413,32,33,"Industrias manufactureras","Industrias manufactureras"
321910,332320,"Fabricación de productos de madera para la construcción","Fabricación de productos de herrería","0.680851063829787",2125.5,4262,0.455345672983937,0.4685627271731,32,33,"Industrias manufactureras","Industrias manufactureras"
321910,467111,"Fabricación de productos de madera para la construcción","Comercio al por menor en ferreterías y tlapalerías","0.658536585365854",2125.5,7807,0.455345672983937,0.410728469399878,32,46,"Industrias manufactureras","Comercio al por menor"
321910,467114,"Fabricación de productos de madera para la construcción","Comercio al por menor de vidrios y espejos","0.658536585365854",2125.5,2129,0.455345672983937,0.475997410792549,32,46,"Industrias manufactureras","Comercio al por menor"
321910,517910,"Fabricación de productos de madera para la construcción","Otros servicios de telecomunicaciones","0.609756097560976",2125.5,641.5,0.455345672983937,0.412091478082195,32,51,"Industrias manufactureras","Información en medios masivos"
321910,722517,"Fabricación de productos de madera para la construcción","Restaurantes con servicio de preparación de pizzas, hamburguesas, hot dogs y pollos rostizados para llevar","0.659574468085106",2125.5,6307.5,0.455345672983937,0.388196365290505,32,72,"Industrias manufactureras","Servicios de alojamiento temporal y de preparación de alimentos y bebidas"
321910,722519,"Fabricación de productos de madera para la construcción","Servicios de preparación de otros alimentos para consumo inmediato","0.707317073170732",2125.5,4460,0.455345672983937,0.495858484668207,32,72,"Industrias manufactureras","Servicios de alojamiento temporal y de preparación de alimentos y bebidas"
321920,611691,"Fabricación de productos para embalaje y envases de madera","Servicios de profesores particulares","0.444444444444444",265.5,340.5,0.271572833814156,0.304680701444702,32,61,"Industrias manufactureras","Servicios educativos"
321992,465919,"Fabricación de artículos y utensilios de madera para el hogar","Comercio al por menor de otros artículos de uso personal","0.521739130434783",92.5,819.5,0.370988894630977,0.459877437953544,32,46,"Industrias manufactureras","Comercio al por menor"
321993,813130,"Fabricación de productos de madera de uso industrial","Asociaciones y organizaciones de profesionistas","0.5",71,33.5,0.31334029292574,0.30332236780004,32,81,"Industrias manufactureras","Otros servicios excepto actividades gubernamentales"
321999,433410,"Fabricación de otros productos de madera","Comercio al por mayor de artículos de papelería","0.5",71.5,238,0.25620800809225,0.287987033440608,32,43,"Industrias manufactureras","Comercio al por mayor"
321999,462210,"Fabricación de otros productos de madera","Comercio al por menor en tiendas departamentales","0.6",71.5,4072.5,0.25620800809225,0.315982162285032,32,46,"Industrias manufactureras","Comercio al por menor"
321999,531210,"Fabricación de otros productos de madera","Inmobiliarias y corredores de bienes raíces","0.5",71.5,918.5,0.25620800809225,0.288325697946867,32,53,"Industrias manufactureras","Servicios inmobiliarios y de alquiler de bienes muebles e intangibles"
321999,541690,"Fabricación de otros productos de madera","Otros servicios de consultoría científica y técnica","0.5",71.5,100,0.25620800809225,0.246804083851568,32,54,"Industrias manufactureras","Servicios profesionales, científicos y técnicos"
322122,326192,"Fabricación de papel a partir de pulpa","Fabricación de autopartes de plástico con y sin reforzamiento","0.666666666666667",502,513.5,0.403462155292325,0.307304374705428,32,32,"Industrias manufactureras","Industrias manufactureras"
322122,332420,"Fabricación de papel a partir de pulpa","Fabricación de tanques metálicos de calibre grueso","1",502,457.5,0.403462155292325,0.357164861745983,32,33,"Industrias manufactureras","Industrias manufactureras"
322122,333112,"Fabricación de papel a partir de pulpa","Fabricación de maquinaria y equipo pecuario","1",502,5,0.403462155292325,0.313203730263115,32,33,"Industrias manufactureras","Industrias manufactureras"
322122,339914,"Fabricación de papel a partir de pulpa","Metalistería de metales no preciosos","1",502,10.5,0.403462155292325,0.311469556692428,32,33,"Industrias manufactureras","Industrias manufactureras"
322122,562111,"Fabricación de papel a partir de pulpa","Recolección de residuos peligrosos por el sector privado","0.666666666666667",502,56,0.403462155292325,0.283947010111784,32,56,"Industrias manufactureras","Servicios de apoyo a los negocios y manejo de residuos, y servicios de remediación"
322210,325211,"Fabricación de envases de cartón","Fabricación de resinas sintéticas","0.5",626,235,0.280259944252291,0.297547806367538,32,32,"Industrias manufactureras","Industrias manufactureras"
322220,331510,"Fabricación de bolsas de papel y productos celulósicos recubiertos y tratados","Moldeo por fundición de piezas de hierro y acero","0.4",25.5,445.5,0.247671074994322,0.364214337904656,32,33,"Industrias manufactureras","Industrias manufactureras"
322291,325220,"Fabricación de pañales desechables y productos sanitarios","Fabricación de fibras químicas","1",251,20.5,0.357692227632716,0.234473022623464,32,32,"Industrias manufactureras","Industrias manufactureras"
322291,325910,"Fabricación de pañales desechables y productos sanitarios","Fabricación de tintas para impresión","1",251,259,0.357692227632716,0.373642868657096,32,32,"Industrias manufactureras","Industrias manufactureras"
322291,713910,"Fabricación de pañales desechables y productos sanitarios","Campos de golf","1",251,216,0.357692227632716,0.306810716709789,32,71,"Industrias manufactureras","Servicios de esparcimiento culturales y deportivos, y otros servicios recreativos"
323111,339940,"Impresión de libros, periódicos y revistas","Fabricación de artículos y accesorios para escritura, pintura, dibujo y actividades de oficina","0.666666666666667",33.5,15,0.248498171668652,0.271307018099403,32,33,"Industrias manufactureras","Industrias manufactureras"
323111,433110,"Impresión de libros, periódicos y revistas","Comercio al por mayor de productos farmacéuticos","0.666666666666667",33.5,892.5,0.248498171668652,0.210068641814275,32,43,"Industrias manufactureras","Comercio al por mayor"
323111,433420,"Impresión de libros, periódicos y revistas","Comercio al por mayor de libros","0.666666666666667",33.5,7.5,0.248498171668652,0.252671440827217,32,43,"Industrias manufactureras","Comercio al por mayor"
323111,433510,"Impresión de libros, periódicos y revistas","Comercio al por mayor de electrodomésticos menores y aparatos de línea blanca","0.666666666666667",33.5,15,0.248498171668652,0.289061034173705,32,43,"Industrias manufactureras","Comercio al por mayor"
323111,435412,"Impresión de libros, periódicos y revistas","Comercio al por mayor de mobiliario y equipo de oficina","0.666666666666667",33.5,110,0.248498171668652,0.267374268855096,32,43,"Industrias manufactureras","Comercio al por mayor"
323111,465214,"Impresión de libros, periódicos y revistas","Comercio al por menor de equipo y material fotográfico","0.666666666666667",33.5,10,0.248498171668652,0.241093844684225,32,46,"Industrias manufactureras","Comercio al por menor"
323111,468111,"Impresión de libros, periódicos y revistas","Comercio al por menor de automóviles y camionetas nuevos","0.75",33.5,2690.5,0.248498171668652,0.293622530823277,32,46,"Industrias manufactureras","Comercio al por menor"
323111,484233,"Impresión de libros, periódicos y revistas","Autotransporte foráneo con refrigeración","0.666666666666667",33.5,28,0.248498171668652,0.283455817162993,32,48,"Industrias manufactureras","Transportes, correos y almacenamiento"
323111,492110,"Impresión de libros, periódicos y revistas","Servicios de mensajería y paquetería foránea","0.666666666666667",33.5,819.5,0.248498171668652,0.263712467021215,32,49,"Industrias manufactureras","Transportes, correos y almacenamiento"
323111,522440,"Impresión de libros, periódicos y revistas","Compañías de autofinanciamiento","0.666666666666667",33.5,5,0.248498171668652,0.260321031647829,32,52,"Industrias manufactureras","Servicios financieros y de seguros"
323111,522451,"Impresión de libros, periódicos y revistas","Montepíos","0.666666666666667",33.5,103.5,0.248498171668652,0.339539608248813,32,52,"Industrias manufactureras","Servicios financieros y de seguros"
323111,524210,"Impresión de libros, periódicos y revistas","Agentes, ajustadores y gestores de seguros y fianzas","0.666666666666667",33.5,754,0.248498171668652,0.256724935438546,32,52,"Industrias manufactureras","Servicios financieros y de seguros"
323111,532110,"Impresión de libros, periódicos y revistas","Alquiler de automóviles sin chofer","0.75",33.5,72,0.248498171668652,0.296711753681502,32,53,"Industrias manufactureras","Servicios inmobiliarios y de alquiler de bienes muebles e intangibles"
323111,541712,"Impresión de libros, periódicos y revistas","Servicios de investigación científica y desarrollo en ciencias naturales y exactas, ingeniería, y ciencias de la vida, prestados por el sector público","0.666666666666667",33.5,31,0.248498171668652,0.314153804805243,32,54,"Industrias manufactureras","Servicios profesionales, científicos y técnicos"
323111,561422,"Impresión de libros, periódicos y revistas","Servicios de recepción de llamadas telefónicas y promoción por teléfono","0.666666666666667",33.5,925.5,0.248498171668652,0.320599369124025,32,56,"Industrias manufactureras","Servicios de apoyo a los negocios y manejo de residuos, y servicios de remediación"
323111,611212,"Impresión de libros, periódicos y revistas","Escuelas de educación técnica superior del sector público","0.666666666666667",33.5,347,0.248498171668652,0.389192805363615,32,61,"Industrias manufactureras","Servicios educativos"
323111,623222,"Impresión de libros, periódicos y revistas","Residencias del sector público para el cuidado de personas con problemas de trastorno mental y adicción","0.666666666666667",33.5,63.5,0.248498171668652,0.390894389227496,32,62,"Industrias manufactureras","Servicios de salud y de asistencia social"
323111,624198,"Impresión de libros, periódicos y revistas","Otros servicios de orientación y trabajo social prestados por el sector privado","0.666666666666667",33.5,36,0.248498171668652,0.340001190441839,32,62,"Industrias manufactureras","Servicios de salud y de asistencia social"
323111,713941,"Impresión de libros, periódicos y revistas","Clubes deportivos del sector privado","0.666666666666667",33.5,265.5,0.248498171668652,0.313568790385847,32,71,"Industrias manufactureras","Servicios de esparcimiento culturales y deportivos, y otros servicios recreativos"
323119,463213,"Impresión de formas continuas y otros impresos","Comercio al por menor de lencería","0.56",1385,1464.5,0.253112395633782,0.46901188693251,32,46,"Industrias manufactureras","Comercio al por menor"
323119,465913,"Impresión de formas continuas y otros impresos","Comercio al por menor de artículos religiosos","0.535714285714286",1385,302.5,0.253112395633782,0.411713982418685,32,46,"Industrias manufactureras","Comercio al por menor"
323119,466211,"Impresión de formas continuas y otros impresos","Comercio al por menor de mobiliario, equipo y accesorios de cómputo","0.52",1385,340.5,0.253112395633782,0.254618231266379,32,46,"Industrias manufactureras","Comercio al por menor"
323120,433510,"Industrias conexas a la impresión","Comercio al por mayor de electrodomésticos menores y aparatos de línea blanca","0.666666666666667",15.5,15,0.233228486227307,0.289061034173705,32,43,"Industrias manufactureras","Comercio al por mayor"
323120,466314,"Industrias conexas a la impresión","Comercio al por menor de lámparas ornamentales y candiles","0.666666666666667",15.5,7.5,0.233228486227307,0.247037457939999,32,46,"Industrias manufactureras","Comercio al por menor"
323120,488491,"Industrias conexas a la impresión","Servicios de administración de centrales camioneras","0.666666666666667",15.5,116.5,0.233228486227307,0.42597720604047,32,48,"Industrias manufactureras","Transportes, correos y almacenamiento"
323120,513112,"Industrias conexas a la impresión","Edición de periódicos integrada con la impresión","0.666666666666667",15.5,282.5,0.233228486227307,0.277339849788849,32,51,"Industrias manufactureras","Información en medios masivos"
323120,513131,"Industrias conexas a la impresión","Edición de libros en formato electrónico","0.666666666666667",15.5,23,0.233228486227307,0.21882188273334,32,51,"Industrias manufactureras","Información en medios masivos"
323120,516210,"Industrias conexas a la impresión","Servicios de distribución de audio y video en tiempo real (streaming), redes sociales, cadenas de radio y televisión y otros proveedores de contenido","0.6",15.5,49,0.233228486227307,0.257833341323185,32,51,"Industrias manufactureras","Información en medios masivos"
323120,519290,"Industrias conexas a la impresión","Portales de búsqueda en la red y otros servicios de suministro de información","0.666666666666667",15.5,13,0.233228486227307,0.218049859068592,32,51,"Industrias manufactureras","Información en medios masivos"
323120,532121,"Industrias conexas a la impresión","Alquiler de camiones de carga sin chofer","0.75",15.5,29,0.233228486227307,0.277688443002734,32,53,"Industrias manufactureras","Servicios inmobiliarios y de alquiler de bienes muebles e intangibles"
323120,532289,"Industrias conexas a la impresión","Alquiler de otros artículos para el hogar y personales","0.666666666666667",15.5,10,0.233228486227307,0.262494601007477,32,53,"Industrias manufactureras","Servicios inmobiliarios y de alquiler de bienes muebles e intangibles"
323120,561590,"Industrias conexas a la impresión","Otros servicios de reservaciones","0.666666666666667",15.5,13,0.233228486227307,0.241756197886356,32,56,"Industrias manufactureras","Servicios de apoyo a los negocios y manejo de residuos, y servicios de remediación"
323120,561740,"Industrias conexas a la impresión","Servicios de limpieza de tapicería, alfombras y muebles","0.666666666666667",15.5,5,0.233228486227307,0.328246531979337,32,56,"Industrias manufactureras","Servicios de apoyo a los negocios y manejo de residuos, y servicios de remediación"
323120,611181,"Industrias conexas a la impresión","Escuelas del sector privado de educación para necesidades especiales","0.666666666666667",15.5,36,0.233228486227307,0.270030272919311,32,61,"Industrias manufactureras","Servicios educativos"
324110,325991,"Refinación de petróleo","Fabricación de cerillos","1",251,251,0.359049246122375,0.4648271579722,32,32,"Industrias manufactureras","Industrias manufactureras"
324110,486210,"Refinación de petróleo","Transporte de gas natural por ductos","1",251,2.5,0.359049246122375,0.309192130856985,32,48,"Industrias manufactureras","Transportes, correos y almacenamiento"
324120,326199,"Fabricación de productos de asfalto","Fabricación de otros productos de plástico sin reforzamiento","0.5",72,88.5,0.269924632911789,0.289322029458036,32,32,"Industrias manufactureras","Industrias manufactureras"
324120,326290,"Fabricación de productos de asfalto","Fabricación de otros productos de hule","0.6",72,361,0.269924632911789,0.311707403535955,32,32,"Industrias manufactureras","Industrias manufactureras"
324191,327123,"Fabricación de aceites y grasas lubricantes","Fabricación de productos refractarios","1",259,75.5,0.341574665444773,0.374747818505788,32,32,"Industrias manufactureras","Industrias manufactureras"
324191,493190,"Fabricación de aceites y grasas lubricantes","Otros servicios de almacenamiento con instalaciones especializadas","1",259,8,0.341574665444773,0.286038703905147,32,49,"Industrias manufactureras","Transportes, correos y almacenamiento"
324191,517410,"Fabricación de aceites y grasas lubricantes","Operadores de servicios de telecomunicaciones vía satélite","1",259,2.5,0.341574665444773,0.308709447852901,32,51,"Industrias manufactureras","Información en medios masivos"
325110,488492,"Fabricación de petroquímicos básicos del gas natural y del petróleo refinado","Servicios de administración de carreteras, puentes y servicios auxiliares","0.666666666666667",5,31,0.325338588569324,0.396094782380393,32,48,"Industrias manufactureras","Transportes, correos y almacenamiento"
325110,493120,"Fabricación de petroquímicos básicos del gas natural y del petróleo refinado","Almacenamiento con refrigeración","0.666666666666667",5,224,0.325338588569324,0.358743277468612,32,49,"Industrias manufactureras","Transportes, correos y almacenamiento"
325120,327211,"Fabricación de gases industriales","Fabricación de vidrio","0.666666666666667",116.5,271.5,0.380037800612022,0.356659532044878,32,32,"Industrias manufactureras","Industrias manufactureras"
325120,331310,"Fabricación de gases industriales","Industria básica del aluminio","0.666666666666667",116.5,267,0.380037800612022,0.334292411733196,32,33,"Industrias manufactureras","Industrias manufactureras"
325120,331520,"Fabricación de gases industriales","Moldeo por fundición de piezas metálicas no ferrosas","0.666666666666667",116.5,617,0.380037800612022,0.3766220531058,32,33,"Industrias manufactureras","Industrias manufactureras"
325120,332720,"Fabricación de gases industriales","Fabricación de tornillos, tuercas, remaches y similares","0.666666666666667",116.5,294.5,0.380037800612022,0.340501114937938,32,33,"Industrias manufactureras","Industrias manufactureras"
325120,335312,"Fabricación de gases industriales","Fabricación de equipo y aparatos de distribución de energía eléctrica","0.666666666666667",116.5,1394,0.380037800612022,0.36945994896694,32,33,"Industrias manufactureras","Industrias manufactureras"
325120,561110,"Fabricación de gases industriales","Servicios de administración de negocios","0.666666666666667",116.5,434,0.380037800612022,0.243263733287364,32,56,"Industrias manufactureras","Servicios de apoyo a los negocios y manejo de residuos, y servicios de remediación"
325120,562111,"Fabricación de gases industriales","Recolección de residuos peligrosos por el sector privado","0.666666666666667",116.5,56,0.380037800612022,0.283947010111784,32,56,"Industrias manufactureras","Servicios de apoyo a los negocios y manejo de residuos, y servicios de remediación"
325130,482110,"Fabricación de pigmentos y colorantes sintéticos","Transporte por ferrocarril","1",8,2.5,0.299369969877663,0.350049762956205,32,48,"Industrias manufactureras","Transportes, correos y almacenamiento"
325130,561720,"Fabricación de pigmentos y colorantes sintéticos","Servicios de limpieza de inmuebles","0.333333333333333",8,267.5,0.299369969877663,0.268278753007155,32,56,"Industrias manufactureras","Servicios de apoyo a los negocios y manejo de residuos, y servicios de remediación"
325180,325190,"Fabricación de otros productos químicos básicos inorgánicos","Fabricación de otros productos químicos básicos orgánicos","1",180.5,78,0.306499158245921,0.308370688598385,32,32,"Industrias manufactureras","Industrias manufactureras"
325180,325310,"Fabricación de otros productos químicos básicos inorgánicos","Fabricación de fertilizantes y composta","1",180.5,358.5,0.306499158245921,0.338614741844197,32,32,"Industrias manufactureras","Industrias manufactureras"
325180,326150,"Fabricación de otros productos químicos básicos inorgánicos","Fabricación de espumas y productos de uretano","1",180.5,151,0.306499158245921,0.260464333785512,32,32,"Industrias manufactureras","Industrias manufactureras"
325180,332910,"Fabricación de otros productos químicos básicos inorgánicos","Fabricación de válvulas metálicas","1",180.5,2.5,0.306499158245921,0.255900732980291,32,33,"Industrias manufactureras","Industrias manufactureras"
325180,333130,"Fabricación de otros productos químicos básicos inorgánicos","Fabricación de maquinaria y equipo para la industria extractiva","1",180.5,83.5,0.306499158245921,0.303211921116306,32,33,"Industrias manufactureras","Industrias manufactureras"
325180,333910,"Fabricación de otros productos químicos básicos inorgánicos","Fabricación de bombas y sistemas de bombeo","1",180.5,198.5,0.306499158245921,0.250771078704944,32,33,"Industrias manufactureras","Industrias manufactureras"
325180,561450,"Fabricación de otros productos químicos básicos inorgánicos","Despachos de investigación de solvencia financiera","1",180.5,5,0.306499158245921,0.230498392518118,32,56,"Industrias manufactureras","Servicios de apoyo a los negocios y manejo de residuos, y servicios de remediación"
325180,561790,"Fabricación de otros productos químicos básicos inorgánicos","Otros servicios de limpieza","1",180.5,8,0.306499158245921,0.31480558322542,32,56,"Industrias manufactureras","Servicios de apoyo a los negocios y manejo de residuos, y servicios de remediación"
325180,622211,"Fabricación de otros productos químicos básicos inorgánicos","Hospitales psiquiátricos y para el tratamiento por adicción del sector privado","1",180.5,2.5,0.306499158245921,0.331505823351494,32,62,"Industrias manufactureras","Servicios de salud y de asistencia social"
325180,711320,"Fabricación de otros productos químicos básicos inorgánicos","Promotores de espectáculos artísticos, culturales, deportivos y similares que no cuentan con instalaciones para presentarlos","1",180.5,20.5,0.306499158245921,0.252626107442331,32,71,"Industrias manufactureras","Servicios de esparcimiento culturales y deportivos, y otros servicios recreativos"
325190,325310,"Fabricación de otros productos químicos básicos orgánicos","Fabricación de fertilizantes y composta","1",78,358.5,0.308370688598385,0.338614741844197,32,32,"Industrias manufactureras","Industrias manufactureras"
325190,326150,"Fabricación de otros productos químicos básicos orgánicos","Fabricación de espumas y productos de uretano","1",78,151,0.308370688598385,0.260464333785512,32,32,"Industrias manufactureras","Industrias manufactureras"
325190,332910,"Fabricación de otros productos químicos básicos orgánicos","Fabricación de válvulas metálicas","1",78,2.5,0.308370688598385,0.255900732980291,32,33,"Industrias manufactureras","Industrias manufactureras"
325190,333130,"Fabricación de otros productos químicos básicos orgánicos","Fabricación de maquinaria y equipo para la industria extractiva","1",78,83.5,0.308370688598385,0.303211921116306,32,33,"Industrias manufactureras","Industrias manufactureras"
325190,333910,"Fabricación de otros productos químicos básicos orgánicos","Fabricación de bombas y sistemas de bombeo","1",78,198.5,0.308370688598385,0.250771078704944,32,33,"Industrias manufactureras","Industrias manufactureras"
325190,561450,"Fabricación de otros productos químicos básicos orgánicos","Despachos de investigación de solvencia financiera","1",78,5,0.308370688598385,0.230498392518118,32,56,"Industrias manufactureras","Servicios de apoyo a los negocios y manejo de residuos, y servicios de remediación"
325190,561790,"Fabricación de otros productos químicos básicos orgánicos","Otros servicios de limpieza","1",78,8,0.308370688598385,0.31480558322542,32,56,"Industrias manufactureras","Servicios de apoyo a los negocios y manejo de residuos, y servicios de remediación"
325190,622211,"Fabricación de otros productos químicos básicos orgánicos","Hospitales psiquiátricos y para el tratamiento por adicción del sector privado","1",78,2.5,0.308370688598385,0.331505823351494,32,62,"Industrias manufactureras","Servicios de salud y de asistencia social"
325190,711320,"Fabricación de otros productos químicos básicos orgánicos","Promotores de espectáculos artísticos, culturales, deportivos y similares que no cuentan con instalaciones para presentarlos","1",78,20.5,0.308370688598385,0.252626107442331,32,71,"Industrias manufactureras","Servicios de esparcimiento culturales y deportivos, y otros servicios recreativos"
325211,325412,"Fabricación de resinas sintéticas","Fabricación de preparaciones farmacéuticas","0.75",235,461.5,0.297547806367538,0.27104865089567,32,32,"Industrias manufactureras","Industrias manufactureras"
325211,331220,"Fabricación de resinas sintéticas","Fabricación de otros productos de hierro y acero","0.75",235,766,0.297547806367538,0.353963655370643,32,33,"Industrias manufactureras","Industrias manufactureras"
325220,325910,"Fabricación de fibras químicas","Fabricación de tintas para impresión","1",20.5,259,0.234473022623464,0.373642868657096,32,32,"Industrias manufactureras","Industrias manufactureras"
325220,713910,"Fabricación de fibras químicas","Campos de golf","1",20.5,216,0.234473022623464,0.306810716709789,32,71,"Industrias manufactureras","Servicios de esparcimiento culturales y deportivos, y otros servicios recreativos"
325310,326150,"Fabricación de fertilizantes y composta","Fabricación de espumas y productos de uretano","1",358.5,151,0.338614741844197,0.260464333785512,32,32,"Industrias manufactureras","Industrias manufactureras"
325310,332910,"Fabricación de fertilizantes y composta","Fabricación de válvulas metálicas","1",358.5,2.5,0.338614741844197,0.255900732980291,32,33,"Industrias manufactureras","Industrias manufactureras"
325310,333130,"Fabricación de fertilizantes y composta","Fabricación de maquinaria y equipo para la industria extractiva","1",358.5,83.5,0.338614741844197,0.303211921116306,32,33,"Industrias manufactureras","Industrias manufactureras"
325310,333910,"Fabricación de fertilizantes y composta","Fabricación de bombas y sistemas de bombeo","1",358.5,198.5,0.338614741844197,0.250771078704944,32,33,"Industrias manufactureras","Industrias manufactureras"
325310,561450,"Fabricación de fertilizantes y composta","Despachos de investigación de solvencia financiera","1",358.5,5,0.338614741844197,0.230498392518118,32,56,"Industrias manufactureras","Servicios de apoyo a los negocios y manejo de residuos, y servicios de remediación"
325310,561790,"Fabricación de fertilizantes y composta","Otros servicios de limpieza","1",358.5,8,0.338614741844197,0.31480558322542,32,56,"Industrias manufactureras","Servicios de apoyo a los negocios y manejo de residuos, y servicios de remediación"
325310,622211,"Fabricación de fertilizantes y composta","Hospitales psiquiátricos y para el tratamiento por adicción del sector privado","1",358.5,2.5,0.338614741844197,0.331505823351494,32,62,"Industrias manufactureras","Servicios de salud y de asistencia social"
325310,711320,"Fabricación de fertilizantes y composta","Promotores de espectáculos artísticos, culturales, deportivos y similares que no cuentan con instalaciones para presentarlos","1",358.5,20.5,0.338614741844197,0.252626107442331,32,71,"Industrias manufactureras","Servicios de esparcimiento culturales y deportivos, y otros servicios recreativos"
325320,325999,"Fabricación de plaguicidas y otros agroquímicos, excepto fertilizantes y composta","Fabricación de otros productos químicos","0.5",336.5,253.5,0.412005507088776,0.37382817448462,32,32,"Industrias manufactureras","Industrias manufactureras"
325412,331220,"Fabricación de preparaciones farmacéuticas","Fabricación de otros productos de hierro y acero","0.75",461.5,766,0.27104865089567,0.353963655370643,32,33,"Industrias manufactureras","Industrias manufactureras"
325412,331510,"Fabricación de preparaciones farmacéuticas","Moldeo por fundición de piezas de hierro y acero","0.8",461.5,445.5,0.27104865089567,0.364214337904656,32,33,"Industrias manufactureras","Industrias manufactureras"
325510,325520,"Fabricación de pinturas y recubrimientos","Fabricación de adhesivos","1",297.5,270,0.249700562180492,0.328969982986918,32,32,"Industrias manufactureras","Industrias manufactureras"
325510,336340,"Fabricación de pinturas y recubrimientos","Fabricación de partes de sistemas de frenos para vehículos automotrices","0.5",297.5,371.5,0.249700562180492,0.328835993965462,32,33,"Industrias manufactureras","Industrias manufactureras"
325510,611151,"Fabricación de pinturas y recubrimientos","Escuelas de educación media técnica terminal del sector privado","1",297.5,38.5,0.249700562180492,0.391635957792492,32,61,"Industrias manufactureras","Servicios educativos"
325520,611151,"Fabricación de adhesivos","Escuelas de educación media técnica terminal del sector privado","1",270,38.5,0.328969982986918,0.391635957792492,32,61,"Industrias manufactureras","Servicios educativos"
325610,466319,"Fabricación de jabones, limpiadores y dentífricos","Comercio al por menor de otros artículos para la decoración de interiores","0.478260869565217",247,413.5,0.260849145405308,0.352794206895237,32,46,"Industrias manufactureras","Comercio al por menor"
325620,431121,"Fabricación de cosméticos, perfumes y otras preparaciones de tocador","Comercio al por mayor de carnes rojas","0.375",40.5,81.5,0.315482698657197,0.273918067755974,32,43,"Industrias manufactureras","Comercio al por mayor"
325620,562122,"Fabricación de cosméticos, perfumes y otras preparaciones de tocador","Recolección de residuos no peligrosos por el sector público","0.375",40.5,18.5,0.315482698657197,0.351393640918454,32,56,"Industrias manufactureras","Servicios de apoyo a los negocios y manejo de residuos, y servicios de remediación"
325910,713910,"Fabricación de tintas para impresión","Campos de golf","1",259,216,0.373642868657096,0.306810716709789,32,71,"Industrias manufactureras","Servicios de esparcimiento culturales y deportivos, y otros servicios recreativos"
325920,339991,"Fabricación de explosivos","Fabricación de instrumentos musicales","0.333333333333333",7.5,13,0.286362169909782,0.263182937320787,32,33,"Industrias manufactureras","Industrias manufactureras"
325991,486210,"Fabricación de cerillos","Transporte de gas natural por ductos","1",251,2.5,0.4648271579722,0.309192130856985,32,48,"Industrias manufactureras","Transportes, correos y almacenamiento"
325993,433313,"Fabricación de resinas de plásticos reciclados","Comercio al por mayor de artículos y aparatos deportivos","0.5",5,52,0.284534404958756,0.260581546200179,32,43,"Industrias manufactureras","Comercio al por mayor"
325999,562121,"Fabricación de otros productos químicos","Recolección de residuos no peligrosos por el sector privado","0.5",253.5,229.5,0.37382817448462,0.28910327905678,32,56,"Industrias manufactureras","Servicios de apoyo a los negocios y manejo de residuos, y servicios de remediación"
326110,541620,"Fabricación de bolsas y películas de plástico","Servicios de consultoría en medio ambiente","0.5",178,80,0.301453582822641,0.279116615509462,32,54,"Industrias manufactureras","Servicios profesionales, científicos y técnicos"
326120,331220,"Fabricación de tubería y conexiones, y tubos para embalaje","Fabricación de otros productos de hierro y acero","0.75",105,766,0.287547010027733,0.353963655370643,32,33,"Industrias manufactureras","Industrias manufactureras"
326120,332999,"Fabricación de tubería y conexiones, y tubos para embalaje","Fabricación de otros productos metálicos","0.75",105,110.5,0.287547010027733,0.272225241563144,32,33,"Industrias manufactureras","Industrias manufactureras"
326120,561730,"Fabricación de tubería y conexiones, y tubos para embalaje","Servicios de instalación y mantenimiento de áreas verdes","0.666666666666667",105,56.5,0.287547010027733,0.251337725067036,32,56,"Industrias manufactureras","Servicios de apoyo a los negocios y manejo de residuos, y servicios de remediación"
326130,327122,"Fabricación de laminados de plástico","Fabricación de azulejos y losetas no refractarias","1",2.5,8,0.273596530013367,0.295980249934352,32,32,"Industrias manufactureras","Industrias manufactureras"
326130,332991,"Fabricación de laminados de plástico","Fabricación de baleros o rodamientos","1",2.5,2.5,0.273596530013367,0.272948716554693,32,33,"Industrias manufactureras","Industrias manufactureras"
326130,333992,"Fabricación de laminados de plástico","Fabricación de maquinaria y equipo para envasar y empacar","1",2.5,2.5,0.273596530013367,0.242170137669288,32,33,"Industrias manufactureras","Industrias manufactureras"
326130,335220,"Fabricación de laminados de plástico","Fabricación de aparatos de línea blanca","1",2.5,2.5,0.273596530013367,0.270835533393701,32,33,"Industrias manufactureras","Industrias manufactureras"
326130,431123,"Fabricación de laminados de plástico","Comercio al por mayor de pescados y mariscos","1",2.5,2.5,0.273596530013367,0.278507802479404,32,43,"Industrias manufactureras","Comercio al por mayor"
326130,431193,"Fabricación de laminados de plástico","Comercio al por mayor de conservas alimenticias","1",2.5,78,0.273596530013367,0.281874903624276,32,43,"Industrias manufactureras","Comercio al por mayor"
326130,431212,"Fabricación de laminados de plástico","Comercio al por mayor de vinos y licores","1",2.5,21,0.273596530013367,0.210875508787304,32,43,"Industrias manufactureras","Comercio al por mayor"
326130,431220,"Fabricación de laminados de plástico","Comercio al por mayor de cigarros, puros y tabaco","1",2.5,61,0.273596530013367,0.321323089338725,32,43,"Industrias manufactureras","Comercio al por mayor"
326130,481210,"Fabricación de laminados de plástico","Transporte aéreo no regular","1",2.5,8,0.273596530013367,0.244426385742583,32,48,"Industrias manufactureras","Transportes, correos y almacenamiento"
326130,484111,"Fabricación de laminados de plástico","Autotransporte local de productos agrícolas sin refrigeración","1",2.5,2.5,0.273596530013367,0.283931217488884,32,48,"Industrias manufactureras","Transportes, correos y almacenamiento"
326130,486910,"Fabricación de laminados de plástico","Transporte por ductos de productos refinados del petróleo","1",2.5,8,0.273596530013367,0.277077589218141,32,48,"Industrias manufactureras","Transportes, correos y almacenamiento"
326130,488112,"Fabricación de laminados de plástico","Administración de aeropuertos y helipuertos","1",2.5,20.5,0.273596530013367,0.282745640603857,32,48,"Industrias manufactureras","Transportes, correos y almacenamiento"
326130,488190,"Fabricación de laminados de plástico","Otros servicios relacionados con el transporte aéreo","1",2.5,43.5,0.273596530013367,0.283400741135613,32,48,"Industrias manufactureras","Transportes, correos y almacenamiento"
326130,488511,"Fabricación de laminados de plástico","Servicios de agencias aduanales","1",2.5,7.5,0.273596530013367,0.269153349746806,32,48,"Industrias manufactureras","Transportes, correos y almacenamiento"
326130,513121,"Fabricación de laminados de plástico","Edición de revistas y otras publicaciones periódicas en formato electrónico","1",2.5,2.5,0.273596530013367,0.302962498349444,32,51,"Industrias manufactureras","Información en medios masivos"
326130,513210,"Fabricación de laminados de plástico","Edición de software","1",2.5,2.5,0.273596530013367,0.201417353600563,32,51,"Industrias manufactureras","Información en medios masivos"
326130,524130,"Fabricación de laminados de plástico","Compañías afianzadoras","1",2.5,15.5,0.273596530013367,0.213940415730347,32,52,"Industrias manufactureras","Servicios financieros y de seguros"
326130,532412,"Fabricación de laminados de plástico","Alquiler de equipo de transporte, excepto terrestre","1",2.5,8,0.273596530013367,0.273410240000319,32,53,"Industrias manufactureras","Servicios inmobiliarios y de alquiler de bienes muebles e intangibles"
326130,541350,"Fabricación de laminados de plástico","Servicios de inspección de edificios","1",2.5,89,0.273596530013367,0.385511648068737,32,54,"Industrias manufactureras","Servicios profesionales, científicos y técnicos"
326130,541722,"Fabricación de laminados de plástico","Servicios de investigación científica y desarrollo en ciencias sociales y humanidades, prestados por el sector público","1",2.5,75.5,0.273596530013367,0.3926697655495,32,54,"Industrias manufactureras","Servicios profesionales, científicos y técnicos"
326130,541820,"Fabricación de laminados de plástico","Agencias de relaciones públicas","1",2.5,8,0.273596530013367,0.187220354878919,32,54,"Industrias manufactureras","Servicios profesionales, científicos y técnicos"
326130,541870,"Fabricación de laminados de plástico","Distribución de material publicitario","1",2.5,2.5,0.273596530013367,0.297138636536386,32,54,"Industrias manufactureras","Servicios profesionales, científicos y técnicos"
326130,541910,"Fabricación de laminados de plástico","Servicios de investigación de mercados y encuestas de opinión pública","1",2.5,41,0.273596530013367,0.182545817011302,32,54,"Industrias manufactureras","Servicios profesionales, científicos y técnicos"
326130,541990,"Fabricación de laminados de plástico","Otros servicios profesionales, científicos y técnicos","1",2.5,5,0.273596530013367,0.252814701117202,32,54,"Industrias manufactureras","Servicios profesionales, científicos y técnicos"
326130,611431,"Fabricación de laminados de plástico","Escuelas para la capacitación de ejecutivos del sector privado","1",2.5,43,0.273596530013367,0.329957515805206,32,61,"Industrias manufactureras","Servicios educativos"
326130,621114,"Fabricación de laminados de plástico","Consultorios de medicina especializada del sector público","1",2.5,8,0.273596530013367,0.360460039424648,32,62,"Industrias manufactureras","Servicios de salud y de asistencia social"
326130,621411,"Fabricación de laminados de plástico","Centros de planificación familiar del sector privado","1",2.5,36,0.273596530013367,0.295842120354262,32,62,"Industrias manufactureras","Servicios de salud y de asistencia social"
326130,621412,"Fabricación de laminados de plástico","Centros de planificación familiar del sector público","1",2.5,20.5,0.273596530013367,0.452740413072709,32,62,"Industrias manufactureras","Servicios de salud y de asistencia social"
326130,621492,"Fabricación de laminados de plástico","Otros centros del sector público para la atención de pacientes que no requieren hospitalización","1",2.5,20.5,0.273596530013367,0.410589166151199,32,62,"Industrias manufactureras","Servicios de salud y de asistencia social"
326130,621512,"Fabricación de laminados de plástico","Laboratorios médicos y de diagnóstico del sector público","1",2.5,81,0.273596530013367,0.405751894001053,32,62,"Industrias manufactureras","Servicios de salud y de asistencia social"
326130,621992,"Fabricación de laminados de plástico","Servicios de bancos de órganos, bancos de sangre y otros servicios auxiliares al tratamiento médico prestados por el sector público","1",2.5,40.5,0.273596530013367,0.437933820392971,32,62,"Industrias manufactureras","Servicios de salud y de asistencia social"
326130,624221,"Fabricación de laminados de plástico","Refugios temporales comunitarios del sector privado","1",2.5,2.5,0.273596530013367,0.299862818722939,32,62,"Industrias manufactureras","Servicios de salud y de asistencia social"
326130,713299,"Fabricación de laminados de plástico","Otros juegos de azar","1",2.5,478,0.273596530013367,0.270589016115023,32,71,"Industrias manufactureras","Servicios de esparcimiento culturales y deportivos, y otros servicios recreativos"
326130,713950,"Fabricación de laminados de plástico","Boliches","1",2.5,28.5,0.273596530013367,0.289971036915563,32,71,"Industrias manufactureras","Servicios de esparcimiento culturales y deportivos, y otros servicios recreativos"
326130,931110,"Fabricación de laminados de plástico","Órganos legislativos","1",2.5,326.5,0.273596530013367,0.425402710869892,32,93,"Industrias manufactureras","Actividades legislativas, gubernamentales, de impartición de justicia y de organismos internacionales y extraterritoriales"
326140,561910,"Fabricación de espumas y productos de poliestireno","Servicios de empacado y etiquetado","0.5",261.5,5,0.269120560482645,0.299286616884835,32,56,"Industrias manufactureras","Servicios de apoyo a los negocios y manejo de residuos, y servicios de remediación"
326150,332910,"Fabricación de espumas y productos de uretano","Fabricación de válvulas metálicas","1",151,2.5,0.260464333785512,0.255900732980291,32,33,"Industrias manufactureras","Industrias manufactureras"
326150,333130,"Fabricación de espumas y productos de uretano","Fabricación de maquinaria y equipo para la industria extractiva","1",151,83.5,0.260464333785512,0.303211921116306,32,33,"Industrias manufactureras","Industrias manufactureras"
326150,333910,"Fabricación de espumas y productos de uretano","Fabricación de bombas y sistemas de bombeo","1",151,198.5,0.260464333785512,0.250771078704944,32,33,"Industrias manufactureras","Industrias manufactureras"
326150,561450,"Fabricación de espumas y productos de uretano","Despachos de investigación de solvencia financiera","1",151,5,0.260464333785512,0.230498392518118,32,56,"Industrias manufactureras","Servicios de apoyo a los negocios y manejo de residuos, y servicios de remediación"
326150,561790,"Fabricación de espumas y productos de uretano","Otros servicios de limpieza","1",151,8,0.260464333785512,0.31480558322542,32,56,"Industrias manufactureras","Servicios de apoyo a los negocios y manejo de residuos, y servicios de remediación"
326150,622211,"Fabricación de espumas y productos de uretano","Hospitales psiquiátricos y para el tratamiento por adicción del sector privado","1",151,2.5,0.260464333785512,0.331505823351494,32,62,"Industrias manufactureras","Servicios de salud y de asistencia social"
326150,711320,"Fabricación de espumas y productos de uretano","Promotores de espectáculos artísticos, culturales, deportivos y similares que no cuentan con instalaciones para presentarlos","1",151,20.5,0.260464333785512,0.252626107442331,32,71,"Industrias manufactureras","Servicios de esparcimiento culturales y deportivos, y otros servicios recreativos"
326160,333411,"Fabricación de botellas de plástico","Fabricación de equipo de aire acondicionado y calefacción","0.6",471,23.5,0.303066239634956,0.299018805890206,32,33,"Industrias manufactureras","Industrias manufactureras"
326191,326194,"Fabricación de productos de plástico para el hogar con y sin reforzamiento","Fabricación de otros productos de plástico de uso industrial sin reforzamiento","0.6",571.5,387.5,0.323737878866835,0.216448080463166,32,32,"Industrias manufactureras","Industrias manufactureras"
326192,332420,"Fabricación de autopartes de plástico con y sin reforzamiento","Fabricación de tanques metálicos de calibre grueso","0.666666666666667",513.5,457.5,0.307304374705428,0.357164861745983,32,33,"Industrias manufactureras","Industrias manufactureras"
326192,333112,"Fabricación de autopartes de plástico con y sin reforzamiento","Fabricación de maquinaria y equipo pecuario","0.666666666666667",513.5,5,0.307304374705428,0.313203730263115,32,33,"Industrias manufactureras","Industrias manufactureras"
326192,336370,"Fabricación de autopartes de plástico con y sin reforzamiento","Fabricación de piezas metálicas troqueladas para vehículos automotrices","0.666666666666667",513.5,279.5,0.307304374705428,0.283292946698469,32,33,"Industrias manufactureras","Industrias manufactureras"
326192,336510,"Fabricación de autopartes de plástico con y sin reforzamiento","Fabricación de equipo ferroviario","0.666666666666667",513.5,515,0.307304374705428,0.380487402607004,32,33,"Industrias manufactureras","Industrias manufactureras"
326192,339914,"Fabricación de autopartes de plástico con y sin reforzamiento","Metalistería de metales no preciosos","0.666666666666667",513.5,10.5,0.307304374705428,0.311469556692428,32,33,"Industrias manufactureras","Industrias manufactureras"
326192,562111,"Fabricación de autopartes de plástico con y sin reforzamiento","Recolección de residuos peligrosos por el sector privado","0.666666666666667",513.5,56,0.307304374705428,0.283947010111784,32,56,"Industrias manufactureras","Servicios de apoyo a los negocios y manejo de residuos, y servicios de remediación"
326193,326290,"Fabricación de envases y contenedores de plástico para embalaje con y sin reforzamiento","Fabricación de otros productos de hule","0.6",315.5,361,0.264765283911331,0.311707403535955,32,32,"Industrias manufactureras","Industrias manufactureras"
326193,339930,"Fabricación de envases y contenedores de plástico para embalaje con y sin reforzamiento","Fabricación de juguetes","0.428571428571429",315.5,82.5,0.264765283911331,0.281216463275975,32,33,"Industrias manufactureras","Industrias manufactureras"
326198,336110,"Fabricación de otros productos de plástico con reforzamiento","Fabricación de automóviles y camionetas","1",8,251,0.214457895806598,0.355501171469373,32,33,"Industrias manufactureras","Industrias manufactureras"
326198,513192,"Fabricación de otros productos de plástico con reforzamiento","Edición de otros materiales integrada con la impresión","0.5",8,5,0.214457895806598,0.246072546352847,32,51,"Industrias manufactureras","Información en medios masivos"
326220,333999,"Fabricación de bandas y mangueras de hule y de plástico","Fabricación de otra maquinaria y equipo para la industria en general","0.666666666666667",284.5,43.5,0.341383187481917,0.287582561379419,32,33,"Industrias manufactureras","Industrias manufactureras"
326220,712132,"Fabricación de bandas y mangueras de hule y de plástico","Jardines botánicos y zoológicos del sector público","0.666666666666667",284.5,41,0.341383187481917,0.345978673429053,32,71,"Industrias manufactureras","Servicios de esparcimiento culturales y deportivos, y otros servicios recreativos"
326290,436111,"Fabricación de otros productos de hule","Comercio al por mayor de camiones","0.5",361,174,0.311707403535955,0.296270851421145,32,43,"Industrias manufactureras","Comercio al por mayor"
326290,561730,"Fabricación de otros productos de hule","Servicios de instalación y mantenimiento de áreas verdes","0.666666666666667",361,56.5,0.311707403535955,0.251337725067036,32,56,"Industrias manufactureras","Servicios de apoyo a los negocios y manejo de residuos, y servicios de remediación"
327111,333411,"Fabricación de artículos de alfarería, porcelana y loza","Fabricación de equipo de aire acondicionado y calefacción","0.4",1578,23.5,0.52638773118268,0.299018805890206,32,33,"Industrias manufactureras","Industrias manufactureras"
327121,432119,"Fabricación de ladrillos no refractarios","Comercio al por mayor de otros productos textiles","0.6",172,70.5,0.391769222938133,0.268908875257237,32,43,"Industrias manufactureras","Comercio al por mayor"
327122,332991,"Fabricación de azulejos y losetas no refractarias","Fabricación de baleros o rodamientos","1",8,2.5,0.295980249934352,0.272948716554693,32,33,"Industrias manufactureras","Industrias manufactureras"
327122,333992,"Fabricación de azulejos y losetas no refractarias","Fabricación de maquinaria y equipo para envasar y empacar","1",8,2.5,0.295980249934352,0.242170137669288,32,33,"Industrias manufactureras","Industrias manufactureras"
327122,335220,"Fabricación de azulejos y losetas no refractarias","Fabricación de aparatos de línea blanca","1",8,2.5,0.295980249934352,0.270835533393701,32,33,"Industrias manufactureras","Industrias manufactureras"
327122,431123,"Fabricación de azulejos y losetas no refractarias","Comercio al por mayor de pescados y mariscos","1",8,2.5,0.295980249934352,0.278507802479404,32,43,"Industrias manufactureras","Comercio al por mayor"
327122,431193,"Fabricación de azulejos y losetas no refractarias","Comercio al por mayor de conservas alimenticias","1",8,78,0.295980249934352,0.281874903624276,32,43,"Industrias manufactureras","Comercio al por mayor"
327122,431212,"Fabricación de azulejos y losetas no refractarias","Comercio al por mayor de vinos y licores","1",8,21,0.295980249934352,0.210875508787304,32,43,"Industrias manufactureras","Comercio al por mayor"
327122,431220,"Fabricación de azulejos y losetas no refractarias","Comercio al por mayor de cigarros, puros y tabaco","1",8,61,0.295980249934352,0.321323089338725,32,43,"Industrias manufactureras","Comercio al por mayor"
327122,481210,"Fabricación de azulejos y losetas no refractarias","Transporte aéreo no regular","1",8,8,0.295980249934352,0.244426385742583,32,48,"Industrias manufactureras","Transportes, correos y almacenamiento"
327122,484111,"Fabricación de azulejos y losetas no refractarias","Autotransporte local de productos agrícolas sin refrigeración","1",8,2.5,0.295980249934352,0.283931217488884,32,48,"Industrias manufactureras","Transportes, correos y almacenamiento"
327122,486910,"Fabricación de azulejos y losetas no refractarias","Transporte por ductos de productos refinados del petróleo","1",8,8,0.295980249934352,0.277077589218141,32,48,"Industrias manufactureras","Transportes, correos y almacenamiento"
327122,488112,"Fabricación de azulejos y losetas no refractarias","Administración de aeropuertos y helipuertos","1",8,20.5,0.295980249934352,0.282745640603857,32,48,"Industrias manufactureras","Transportes, correos y almacenamiento"
327122,488190,"Fabricación de azulejos y losetas no refractarias","Otros servicios relacionados con el transporte aéreo","1",8,43.5,0.295980249934352,0.283400741135613,32,48,"Industrias manufactureras","Transportes, correos y almacenamiento"
327122,488511,"Fabricación de azulejos y losetas no refractarias","Servicios de agencias aduanales","1",8,7.5,0.295980249934352,0.269153349746806,32,48,"Industrias manufactureras","Transportes, correos y almacenamiento"
327122,513121,"Fabricación de azulejos y losetas no refractarias","Edición de revistas y otras publicaciones periódicas en formato electrónico","1",8,2.5,0.295980249934352,0.302962498349444,32,51,"Industrias manufactureras","Información en medios masivos"
327122,513210,"Fabricación de azulejos y losetas no refractarias","Edición de software","1",8,2.5,0.295980249934352,0.201417353600563,32,51,"Industrias manufactureras","Información en medios masivos"
327122,524130,"Fabricación de azulejos y losetas no refractarias","Compañías afianzadoras","1",8,15.5,0.295980249934352,0.213940415730347,32,52,"Industrias manufactureras","Servicios financieros y de seguros"
327122,532412,"Fabricación de azulejos y losetas no refractarias","Alquiler de equipo de transporte, excepto terrestre","1",8,8,0.295980249934352,0.273410240000319,32,53,"Industrias manufactureras","Servicios inmobiliarios y de alquiler de bienes muebles e intangibles"
327122,541350,"Fabricación de azulejos y losetas no refractarias","Servicios de inspección de edificios","1",8,89,0.295980249934352,0.385511648068737,32,54,"Industrias manufactureras","Servicios profesionales, científicos y técnicos"
327122,541722,"Fabricación de azulejos y losetas no refractarias","Servicios de investigación científica y desarrollo en ciencias sociales y humanidades, prestados por el sector público","1",8,75.5,0.295980249934352,0.3926697655495,32,54,"Industrias manufactureras","Servicios profesionales, científicos y técnicos"
327122,541820,"Fabricación de azulejos y losetas no refractarias","Agencias de relaciones públicas","1",8,8,0.295980249934352,0.187220354878919,32,54,"Industrias manufactureras","Servicios profesionales, científicos y técnicos"
327122,541870,"Fabricación de azulejos y losetas no refractarias","Distribución de material publicitario","1",8,2.5,0.295980249934352,0.297138636536386,32,54,"Industrias manufactureras","Servicios profesionales, científicos y técnicos"
327122,541910,"Fabricación de azulejos y losetas no refractarias","Servicios de investigación de mercados y encuestas de opinión pública","1",8,41,0.295980249934352,0.182545817011302,32,54,"Industrias manufactureras","Servicios profesionales, científicos y técnicos"
327122,541990,"Fabricación de azulejos y losetas no refractarias","Otros servicios profesionales, científicos y técnicos","1",8,5,0.295980249934352,0.252814701117202,32,54,"Industrias manufactureras","Servicios profesionales, científicos y técnicos"
327122,611431,"Fabricación de azulejos y losetas no refractarias","Escuelas para la capacitación de ejecutivos del sector privado","1",8,43,0.295980249934352,0.329957515805206,32,61,"Industrias manufactureras","Servicios educativos"
327122,621114,"Fabricación de azulejos y losetas no refractarias","Consultorios de medicina especializada del sector público","1",8,8,0.295980249934352,0.360460039424648,32,62,"Industrias manufactureras","Servicios de salud y de asistencia social"
327122,621411,"Fabricación de azulejos y losetas no refractarias","Centros de planificación familiar del sector privado","1",8,36,0.295980249934352,0.295842120354262,32,62,"Industrias manufactureras","Servicios de salud y de asistencia social"
327122,621412,"Fabricación de azulejos y losetas no refractarias","Centros de planificación familiar del sector público","1",8,20.5,0.295980249934352,0.452740413072709,32,62,"Industrias manufactureras","Servicios de salud y de asistencia social"
327122,621492,"Fabricación de azulejos y losetas no refractarias","Otros centros del sector público para la atención de pacientes que no requieren hospitalización","1",8,20.5,0.295980249934352,0.410589166151199,32,62,"Industrias manufactureras","Servicios de salud y de asistencia social"
327122,621512,"Fabricación de azulejos y losetas no refractarias","Laboratorios médicos y de diagnóstico del sector público","1",8,81,0.295980249934352,0.405751894001053,32,62,"Industrias manufactureras","Servicios de salud y de asistencia social"
327122,621992,"Fabricación de azulejos y losetas no refractarias","Servicios de bancos de órganos, bancos de sangre y otros servicios auxiliares al tratamiento médico prestados por el sector público","1",8,40.5,0.295980249934352,0.437933820392971,32,62,"Industrias manufactureras","Servicios de salud y de asistencia social"
327122,624221,"Fabricación de azulejos y losetas no refractarias","Refugios temporales comunitarios del sector privado","1",8,2.5,0.295980249934352,0.299862818722939,32,62,"Industrias manufactureras","Servicios de salud y de asistencia social"
327122,713299,"Fabricación de azulejos y losetas no refractarias","Otros juegos de azar","1",8,478,0.295980249934352,0.270589016115023,32,71,"Industrias manufactureras","Servicios de esparcimiento culturales y deportivos, y otros servicios recreativos"
327122,713950,"Fabricación de azulejos y losetas no refractarias","Boliches","1",8,28.5,0.295980249934352,0.289971036915563,32,71,"Industrias manufactureras","Servicios de esparcimiento culturales y deportivos, y otros servicios recreativos"
327122,931110,"Fabricación de azulejos y losetas no refractarias","Órganos legislativos","1",8,326.5,0.295980249934352,0.425402710869892,32,93,"Industrias manufactureras","Actividades legislativas, gubernamentales, de impartición de justicia y de organismos internacionales y extraterritoriales"
327123,493190,"Fabricación de productos refractarios","Otros servicios de almacenamiento con instalaciones especializadas","1",75.5,8,0.374747818505788,0.286038703905147,32,49,"Industrias manufactureras","Transportes, correos y almacenamiento"
327123,517410,"Fabricación de productos refractarios","Operadores de servicios de telecomunicaciones vía satélite","1",75.5,2.5,0.374747818505788,0.308709447852901,32,51,"Industrias manufactureras","Información en medios masivos"
327211,331520,"Fabricación de vidrio","Moldeo por fundición de piezas metálicas no ferrosas","1",271.5,617,0.356659532044878,0.3766220531058,32,33,"Industrias manufactureras","Industrias manufactureras"
327211,335312,"Fabricación de vidrio","Fabricación de equipo y aparatos de distribución de energía eléctrica","1",271.5,1394,0.356659532044878,0.36945994896694,32,33,"Industrias manufactureras","Industrias manufactureras"
327211,561110,"Fabricación de vidrio","Servicios de administración de negocios","0.666666666666667",271.5,434,0.356659532044878,0.243263733287364,32,56,"Industrias manufactureras","Servicios de apoyo a los negocios y manejo de residuos, y servicios de remediación"
327215,334410,"Fabricación de artículos de vidrio de uso doméstico","Fabricación de componentes electrónicos","1",264,2.5,0.404648715786179,0.239704770706103,32,33,"Industrias manufactureras","Industrias manufactureras"
327215,431170,"Fabricación de artículos de vidrio de uso doméstico","Comercio al por mayor de embutidos","1",264,359,0.404648715786179,0.333728518376003,32,43,"Industrias manufactureras","Comercio al por mayor"
327215,437311,"Fabricación de artículos de vidrio de uso doméstico","Intermediación de comercio al por mayor de productos agropecuarios","1",264,2.5,0.404648715786179,0.362839284396922,32,43,"Industrias manufactureras","Comercio al por mayor"
327215,533110,"Fabricación de artículos de vidrio de uso doméstico","Servicios de alquiler de marcas registradas, patentes y franquicias","1",264,2.5,0.404648715786179,0.251869071603987,32,53,"Industrias manufactureras","Servicios inmobiliarios y de alquiler de bienes muebles e intangibles"
327219,466313,"Fabricación de otros productos de vidrio","Comercio al por menor de antigüedades y obras de arte","0.5",40,30,0.276485482249173,0.290511681874749,32,46,"Industrias manufactureras","Comercio al por menor"
327310,541620,"Fabricación de cemento y productos a base de cemento en plantas integradas","Servicios de consultoría en medio ambiente","0.5",1100,80,0.384176679907413,0.279116615509462,32,54,"Industrias manufactureras","Servicios profesionales, científicos y técnicos"
327320,531115,"Fabricación de concreto","Alquiler sin intermediación de teatros, estadios, auditorios y similares","0.571428571428571",451.5,27.5,0.355101143909599,0.238051194218099,32,53,"Industrias manufactureras","Servicios inmobiliarios y de alquiler de bienes muebles e intangibles"
327330,811111,"Fabricación de tubos y bloques de cemento y concreto","Reparación mecánica en general de automóviles y camiones","0.617647058823529",684,6616.5,0.478408005494873,0.422766902381048,32,81,"Industrias manufactureras","Otros servicios excepto actividades gubernamentales"
327391,484121,"Fabricación de productos preesforzados de concreto","Autotransporte foráneo de productos agrícolas sin refrigeración","0.666666666666667",360,292.5,0.402338583408609,0.280341549782964,32,48,"Industrias manufactureras","Transportes, correos y almacenamiento"
327391,488491,"Fabricación de productos preesforzados de concreto","Servicios de administración de centrales camioneras","0.666666666666667",360,116.5,0.402338583408609,0.42597720604047,32,48,"Industrias manufactureras","Transportes, correos y almacenamiento"
327391,522451,"Fabricación de productos preesforzados de concreto","Montepíos","0.666666666666667",360,103.5,0.402338583408609,0.339539608248813,32,52,"Industrias manufactureras","Servicios financieros y de seguros"
327391,541420,"Fabricación de productos preesforzados de concreto","Diseño industrial","0.666666666666667",360,10,0.402338583408609,0.317574721775686,32,54,"Industrias manufactureras","Servicios profesionales, científicos y técnicos"
327391,541610,"Fabricación de productos preesforzados de concreto","Servicios de consultoría en administración","0.666666666666667",360,688,0.402338583408609,0.230744193278461,32,54,"Industrias manufactureras","Servicios profesionales, científicos y técnicos"
327391,541712,"Fabricación de productos preesforzados de concreto","Servicios de investigación científica y desarrollo en ciencias naturales y exactas, ingeniería, y ciencias de la vida, prestados por el sector público","0.666666666666667",360,31,0.402338583408609,0.314153804805243,32,54,"Industrias manufactureras","Servicios profesionales, científicos y técnicos"
327391,561110,"Fabricación de productos preesforzados de concreto","Servicios de administración de negocios","0.666666666666667",360,434,0.402338583408609,0.243263733287364,32,56,"Industrias manufactureras","Servicios de apoyo a los negocios y manejo de residuos, y servicios de remediación"
327391,561520,"Fabricación de productos preesforzados de concreto","Organización de excursiones y paquetes turísticos para agencias de viajes (Operadores de tours)","0.666666666666667",360,30.5,0.402338583408609,0.270002731704595,32,56,"Industrias manufactureras","Servicios de apoyo a los negocios y manejo de residuos, y servicios de remediación"
327399,624411,"Fabricación de otros productos de cemento y concreto","Guarderías del sector privado","0.466666666666667",116,667.5,0.389716947331502,0.328709888601829,32,62,"Industrias manufactureras","Servicios de salud y de asistencia social"
327410,333120,"Fabricación de cal","Fabricación de maquinaria y equipo para la construcción","0.5",467,178,0.362738010731138,0.364707460391184,32,33,"Industrias manufactureras","Industrias manufactureras"
327410,713114,"Fabricación de cal","Parques acuáticos y balnearios del sector público","0.5",467,10.5,0.362738010731138,0.315620869887607,32,71,"Industrias manufactureras","Servicios de esparcimiento culturales y deportivos, y otros servicios recreativos"
327420,336210,"Fabricación de yeso y productos de yeso","Fabricación de carrocerías y remolques","0.571428571428571",30,348,0.33921011039641,0.322642218115778,32,33,"Industrias manufactureras","Industrias manufactureras"
327420,561210,"Fabricación de yeso y productos de yeso","Servicios integrales de apoyo a los negocios en instalaciones","0.571428571428571",30,50.5,0.33921011039641,0.251712994041785,32,56,"Industrias manufactureras","Servicios de apoyo a los negocios y manejo de residuos, y servicios de remediación"
327991,434226,"Fabricación de productos a base de piedras de cantera","Comercio al por mayor de pintura","0.416666666666667",558,106.5,0.386599216041187,0.264863959417775,32,43,"Industrias manufactureras","Comercio al por mayor"
331210,333242,"Fabricación de tubos y postes de hierro y acero","Fabricación de maquinaria y equipo para la industria del hule y del plástico","0.666666666666667",81.5,41,0.262987951155144,0.279265619007229,33,33,"Industrias manufactureras","Industrias manufactureras"
331210,561720,"Fabricación de tubos y postes de hierro y acero","Servicios de limpieza de inmuebles","0.666666666666667",81.5,267.5,0.262987951155144,0.268278753007155,33,56,"Industrias manufactureras","Servicios de apoyo a los negocios y manejo de residuos, y servicios de remediación"
331220,561730,"Fabricación de otros productos de hierro y acero","Servicios de instalación y mantenimiento de áreas verdes","0.666666666666667",766,56.5,0.353963655370643,0.251337725067036,33,56,"Industrias manufactureras","Servicios de apoyo a los negocios y manejo de residuos, y servicios de remediación"
331520,335312,"Moldeo por fundición de piezas metálicas no ferrosas","Fabricación de equipo y aparatos de distribución de energía eléctrica","1",617,1394,0.3766220531058,0.36945994896694,33,33,"Industrias manufactureras","Industrias manufactureras"
331520,561110,"Moldeo por fundición de piezas metálicas no ferrosas","Servicios de administración de negocios","0.666666666666667",617,434,0.3766220531058,0.243263733287364,33,56,"Industrias manufactureras","Servicios de apoyo a los negocios y manejo de residuos, y servicios de remediación"
332110,561210,"Fabricación de productos metálicos forjados y troquelados","Servicios integrales de apoyo a los negocios en instalaciones","0.5",239.5,50.5,0.249271063575303,0.251712994041785,33,56,"Industrias manufactureras","Servicios de apoyo a los negocios y manejo de residuos, y servicios de remediación"
332211,434229,"Fabricación de herramientas de mano metálicas sin motor","Comercio al por mayor de otras materias primas para otras industrias","0.75",69.5,137,0.302281983667432,0.278360611626002,33,43,"Industrias manufactureras","Comercio al por mayor"
332211,711121,"Fabricación de herramientas de mano metálicas sin motor","Compañías de danza del sector privado","0.625",69.5,30,0.302281983667432,0.468344657931789,33,71,"Industrias manufactureras","Servicios de esparcimiento culturales y deportivos, y otros servicios recreativos"
332212,561310,"Fabricación de utensilios de cocina metálicos","Agencias de colocación","0.666666666666667",39.5,28.5,0.274371843290033,0.257713638505764,33,56,"Industrias manufactureras","Servicios de apoyo a los negocios y manejo de residuos, y servicios de remediación"
332212,561620,"Fabricación de utensilios de cocina metálicos","Servicios de protección y custodia mediante el monitoreo de sistemas de seguridad","0.571428571428571",39.5,328.5,0.274371843290033,0.283860086459228,33,56,"Industrias manufactureras","Servicios de apoyo a los negocios y manejo de residuos, y servicios de remediación"
332212,813130,"Fabricación de utensilios de cocina metálicos","Asociaciones y organizaciones de profesionistas","0.5",39.5,33.5,0.274371843290033,0.30332236780004,33,81,"Industrias manufactureras","Otros servicios excepto actividades gubernamentales"
332310,434230,"Fabricación de estructuras metálicas","Comercio al por mayor de combustibles","0.6",1939,382.5,0.362200609509564,0.294491778411639,33,43,"Industrias manufactureras","Comercio al por mayor"
332320,461110,"Fabricación de productos de herrería","Comercio al por menor en tiendas de abarrotes, ultramarinos y misceláneas","0.672413793103448",4262,43718,0.4685627271731,0.524835380675089,33,46,"Industrias manufactureras","Comercio al por menor"
332320,463113,"Fabricación de productos de herrería","Comercio al por menor de artículos de mercería y bonetería","0.666666666666667",4262,1308.5,0.4685627271731,0.486097608618326,33,46,"Industrias manufactureras","Comercio al por menor"
332320,466312,"Fabricación de productos de herrería","Comercio al por menor de plantas y flores naturales","0.680851063829787",4262,3354,0.4685627271731,0.470659399320998,33,46,"Industrias manufactureras","Comercio al por menor"
332320,532282,"Fabricación de productos de herrería","Alquiler de mesas, sillas, vajillas y similares","0.714285714285714",4262,1173,0.4685627271731,0.473045589530131,33,53,"Industrias manufactureras","Servicios inmobiliarios y de alquiler de bienes muebles e intangibles"
332320,813210,"Fabricación de productos de herrería","Asociaciones y organizaciones religiosas","0.68",4262,6569.5,0.4685627271731,0.366897866752468,33,81,"Industrias manufactureras","Otros servicios excepto actividades gubernamentales"
332410,333244,"Fabricación de calderas industriales","Fabricación de maquinaria y equipo para la industria textil","1",2.5,2.5,0.269239040116936,0.280966282144413,33,33,"Industrias manufactureras","Industrias manufactureras"
332420,333112,"Fabricación de tanques metálicos de calibre grueso","Fabricación de maquinaria y equipo pecuario","1",457.5,5,0.357164861745983,0.313203730263115,33,33,"Industrias manufactureras","Industrias manufactureras"
332420,339914,"Fabricación de tanques metálicos de calibre grueso","Metalistería de metales no preciosos","1",457.5,10.5,0.357164861745983,0.311469556692428,33,33,"Industrias manufactureras","Industrias manufactureras"
332420,562111,"Fabricación de tanques metálicos de calibre grueso","Recolección de residuos peligrosos por el sector privado","0.666666666666667",457.5,56,0.357164861745983,0.283947010111784,33,56,"Industrias manufactureras","Servicios de apoyo a los negocios y manejo de residuos, y servicios de remediación"
332430,523910,"Fabricación de envases metálicos de calibre ligero","Asesoría en inversiones","0.5",224,2.5,0.353613467231214,0.194132110485454,33,52,"Industrias manufactureras","Servicios financieros y de seguros"
332430,562999,"Fabricación de envases metálicos de calibre ligero","Otros servicios de manejo de residuos por el sector público","0.5",224,75.5,0.353613467231214,0.405636339792912,33,56,"Industrias manufactureras","Servicios de apoyo a los negocios y manejo de residuos, y servicios de remediación"
332510,335210,"Fabricación de herrajes y cerraduras","Fabricación de enseres electrodomésticos menores","1",5,5,0.213388007643259,0.242367104387799,33,33,"Industrias manufactureras","Industrias manufactureras"
332510,611632,"Fabricación de herrajes y cerraduras","Escuelas de idiomas del sector público","0.5",5,2.5,0.213388007643259,0.330472480622854,33,61,"Industrias manufactureras","Servicios educativos"
332610,431194,"Fabricación de alambre, productos de alambre y resortes","Comercio al por mayor de miel","0.5",159,17.5,0.300014164483222,0.375875438215359,33,43,"Industrias manufactureras","Comercio al por mayor"
332710,434230,"Maquinado de piezas para maquinaria y equipo en general","Comercio al por mayor de combustibles","0.444444444444444",1256,382.5,0.274023594568388,0.294491778411639,33,43,"Industrias manufactureras","Comercio al por mayor"
332710,811312,"Maquinado de piezas para maquinaria y equipo en general","Reparación y mantenimiento de maquinaria y equipo industrial","0.454545454545455",1256,1574.5,0.274023594568388,0.323539907756486,33,81,"Industrias manufactureras","Otros servicios excepto actividades gubernamentales"
332720,335311,"Fabricación de tornillos, tuercas, remaches y similares","Fabricación de motores y generadores eléctricos","0.666666666666667",294.5,577.5,0.340501114937938,0.340282092536437,33,33,"Industrias manufactureras","Industrias manufactureras"
332720,541420,"Fabricación de tornillos, tuercas, remaches y similares","Diseño industrial","0.666666666666667",294.5,10,0.340501114937938,0.317574721775686,33,54,"Industrias manufactureras","Servicios profesionales, científicos y técnicos"
332720,562111,"Fabricación de tornillos, tuercas, remaches y similares","Recolección de residuos peligrosos por el sector privado","0.666666666666667",294.5,56,0.340501114937938,0.283947010111784,33,56,"Industrias manufactureras","Servicios de apoyo a los negocios y manejo de residuos, y servicios de remediación"
332720,562211,"Fabricación de tornillos, tuercas, remaches y similares","Tratamiento y disposición final de residuos peligrosos por el sector privado","0.666666666666667",294.5,16,0.340501114937938,0.333551788869579,33,56,"Industrias manufactureras","Servicios de apoyo a los negocios y manejo de residuos, y servicios de remediación"
332810,562111,"Recubrimientos y terminados metálicos","Recolección de residuos peligrosos por el sector privado","0.6",152,56,0.261848637098722,0.283947010111784,33,56,"Industrias manufactureras","Servicios de apoyo a los negocios y manejo de residuos, y servicios de remediación"
332910,333130,"Fabricación de válvulas metálicas","Fabricación de maquinaria y equipo para la industria extractiva","1",2.5,83.5,0.255900732980291,0.303211921116306,33,33,"Industrias manufactureras","Industrias manufactureras"
332910,333910,"Fabricación de válvulas metálicas","Fabricación de bombas y sistemas de bombeo","1",2.5,198.5,0.255900732980291,0.250771078704944,33,33,"Industrias manufactureras","Industrias manufactureras"
332910,561450,"Fabricación de válvulas metálicas","Despachos de investigación de solvencia financiera","1",2.5,5,0.255900732980291,0.230498392518118,33,56,"Industrias manufactureras","Servicios de apoyo a los negocios y manejo de residuos, y servicios de remediación"
332910,561790,"Fabricación de válvulas metálicas","Otros servicios de limpieza","1",2.5,8,0.255900732980291,0.31480558322542,33,56,"Industrias manufactureras","Servicios de apoyo a los negocios y manejo de residuos, y servicios de remediación"
332910,622211,"Fabricación de válvulas metálicas","Hospitales psiquiátricos y para el tratamiento por adicción del sector privado","1",2.5,2.5,0.255900732980291,0.331505823351494,33,62,"Industrias manufactureras","Servicios de salud y de asistencia social"
332910,711320,"Fabricación de válvulas metálicas","Promotores de espectáculos artísticos, culturales, deportivos y similares que no cuentan con instalaciones para presentarlos","1",2.5,20.5,0.255900732980291,0.252626107442331,33,71,"Industrias manufactureras","Servicios de esparcimiento culturales y deportivos, y otros servicios recreativos"
332991,333992,"Fabricación de baleros o rodamientos","Fabricación de maquinaria y equipo para envasar y empacar","1",2.5,2.5,0.272948716554693,0.242170137669288,33,33,"Industrias manufactureras","Industrias manufactureras"
332991,335220,"Fabricación de baleros o rodamientos","Fabricación de aparatos de línea blanca","1",2.5,2.5,0.272948716554693,0.270835533393701,33,33,"Industrias manufactureras","Industrias manufactureras"
332991,431123,"Fabricación de baleros o rodamientos","Comercio al por mayor de pescados y mariscos","1",2.5,2.5,0.272948716554693,0.278507802479404,33,43,"Industrias manufactureras","Comercio al por mayor"
332991,431193,"Fabricación de baleros o rodamientos","Comercio al por mayor de conservas alimenticias","1",2.5,78,0.272948716554693,0.281874903624276,33,43,"Industrias manufactureras","Comercio al por mayor"
332991,431212,"Fabricación de baleros o rodamientos","Comercio al por mayor de vinos y licores","1",2.5,21,0.272948716554693,0.210875508787304,33,43,"Industrias manufactureras","Comercio al por mayor"
332991,431220,"Fabricación de baleros o rodamientos","Comercio al por mayor de cigarros, puros y tabaco","1",2.5,61,0.272948716554693,0.321323089338725,33,43,"Industrias manufactureras","Comercio al por mayor"
332991,481210,"Fabricación de baleros o rodamientos","Transporte aéreo no regular","1",2.5,8,0.272948716554693,0.244426385742583,33,48,"Industrias manufactureras","Transportes, correos y almacenamiento"
332991,484111,"Fabricación de baleros o rodamientos","Autotransporte local de productos agrícolas sin refrigeración","1",2.5,2.5,0.272948716554693,0.283931217488884,33,48,"Industrias manufactureras","Transportes, correos y almacenamiento"
332991,486910,"Fabricación de baleros o rodamientos","Transporte por ductos de productos refinados del petróleo","1",2.5,8,0.272948716554693,0.277077589218141,33,48,"Industrias manufactureras","Transportes, correos y almacenamiento"
332991,488112,"Fabricación de baleros o rodamientos","Administración de aeropuertos y helipuertos","1",2.5,20.5,0.272948716554693,0.282745640603857,33,48,"Industrias manufactureras","Transportes, correos y almacenamiento"
332991,488190,"Fabricación de baleros o rodamientos","Otros servicios relacionados con el transporte aéreo","1",2.5,43.5,0.272948716554693,0.283400741135613,33,48,"Industrias manufactureras","Transportes, correos y almacenamiento"
332991,488511,"Fabricación de baleros o rodamientos","Servicios de agencias aduanales","1",2.5,7.5,0.272948716554693,0.269153349746806,33,48,"Industrias manufactureras","Transportes, correos y almacenamiento"
332991,513121,"Fabricación de baleros o rodamientos","Edición de revistas y otras publicaciones periódicas en formato electrónico","1",2.5,2.5,0.272948716554693,0.302962498349444,33,51,"Industrias manufactureras","Información en medios masivos"
332991,513210,"Fabricación de baleros o rodamientos","Edición de software","1",2.5,2.5,0.272948716554693,0.201417353600563,33,51,"Industrias manufactureras","Información en medios masivos"
332991,524130,"Fabricación de baleros o rodamientos","Compañías afianzadoras","1",2.5,15.5,0.272948716554693,0.213940415730347,33,52,"Industrias manufactureras","Servicios financieros y de seguros"
332991,532412,"Fabricación de baleros o rodamientos","Alquiler de equipo de transporte, excepto terrestre","1",2.5,8,0.272948716554693,0.273410240000319,33,53,"Industrias manufactureras","Servicios inmobiliarios y de alquiler de bienes muebles e intangibles"
332991,541350,"Fabricación de baleros o rodamientos","Servicios de inspección de edificios","1",2.5,89,0.272948716554693,0.385511648068737,33,54,"Industrias manufactureras","Servicios profesionales, científicos y técnicos"
332991,541722,"Fabricación de baleros o rodamientos","Servicios de investigación científica y desarrollo en ciencias sociales y humanidades, prestados por el sector público","1",2.5,75.5,0.272948716554693,0.3926697655495,33,54,"Industrias manufactureras","Servicios profesionales, científicos y técnicos"
332991,541820,"Fabricación de baleros o rodamientos","Agencias de relaciones públicas","1",2.5,8,0.272948716554693,0.187220354878919,33,54,"Industrias manufactureras","Servicios profesionales, científicos y técnicos"
332991,541870,"Fabricación de baleros o rodamientos","Distribución de material publicitario","1",2.5,2.5,0.272948716554693,0.297138636536386,33,54,"Industrias manufactureras","Servicios profesionales, científicos y técnicos"
332991,541910,"Fabricación de baleros o rodamientos","Servicios de investigación de mercados y encuestas de opinión pública","1",2.5,41,0.272948716554693,0.182545817011302,33,54,"Industrias manufactureras","Servicios profesionales, científicos y técnicos"
332991,541990,"Fabricación de baleros o rodamientos","Otros servicios profesionales, científicos y técnicos","1",2.5,5,0.272948716554693,0.252814701117202,33,54,"Industrias manufactureras","Servicios profesionales, científicos y técnicos"
332991,611431,"Fabricación de baleros o rodamientos","Escuelas para la capacitación de ejecutivos del sector privado","1",2.5,43,0.272948716554693,0.329957515805206,33,61,"Industrias manufactureras","Servicios educativos"
332991,621114,"Fabricación de baleros o rodamientos","Consultorios de medicina especializada del sector público","1",2.5,8,0.272948716554693,0.360460039424648,33,62,"Industrias manufactureras","Servicios de salud y de asistencia social"
332991,621411,"Fabricación de baleros o rodamientos","Centros de planificación familiar del sector privado","1",2.5,36,0.272948716554693,0.295842120354262,33,62,"Industrias manufactureras","Servicios de salud y de asistencia social"
332991,621412,"Fabricación de baleros o rodamientos","Centros de planificación familiar del sector público","1",2.5,20.5,0.272948716554693,0.452740413072709,33,62,"Industrias manufactureras","Servicios de salud y de asistencia social"
332991,621492,"Fabricación de baleros o rodamientos","Otros centros del sector público para la atención de pacientes que no requieren hospitalización","1",2.5,20.5,0.272948716554693,0.410589166151199,33,62,"Industrias manufactureras","Servicios de salud y de asistencia social"
332991,621512,"Fabricación de baleros o rodamientos","Laboratorios médicos y de diagnóstico del sector público","1",2.5,81,0.272948716554693,0.405751894001053,33,62,"Industrias manufactureras","Servicios de salud y de asistencia social"
332991,621992,"Fabricación de baleros o rodamientos","Servicios de bancos de órganos, bancos de sangre y otros servicios auxiliares al tratamiento médico prestados por el sector público","1",2.5,40.5,0.272948716554693,0.437933820392971,33,62,"Industrias manufactureras","Servicios de salud y de asistencia social"
332991,624221,"Fabricación de baleros o rodamientos","Refugios temporales comunitarios del sector privado","1",2.5,2.5,0.272948716554693,0.299862818722939,33,62,"Industrias manufactureras","Servicios de salud y de asistencia social"
332991,713299,"Fabricación de baleros o rodamientos","Otros juegos de azar","1",2.5,478,0.272948716554693,0.270589016115023,33,71,"Industrias manufactureras","Servicios de esparcimiento culturales y deportivos, y otros servicios recreativos"
332991,713950,"Fabricación de baleros o rodamientos","Boliches","1",2.5,28.5,0.272948716554693,0.289971036915563,33,71,"Industrias manufactureras","Servicios de esparcimiento culturales y deportivos, y otros servicios recreativos"
332991,931110,"Fabricación de baleros o rodamientos","Órganos legislativos","1",2.5,326.5,0.272948716554693,0.425402710869892,33,93,"Industrias manufactureras","Actividades legislativas, gubernamentales, de impartición de justicia y de organismos internacionales y extraterritoriales"
332999,623211,"Fabricación de otros productos metálicos","Residencias del sector privado para el cuidado de personas con problemas de retardo mental","0.75",110.5,15.5,0.272225241563144,0.310873439091635,33,62,"Industrias manufactureras","Servicios de salud y de asistencia social"
333112,339914,"Fabricación de maquinaria y equipo pecuario","Metalistería de metales no preciosos","1",5,10.5,0.313203730263115,0.311469556692428,33,33,"Industrias manufactureras","Industrias manufactureras"
333112,562111,"Fabricación de maquinaria y equipo pecuario","Recolección de residuos peligrosos por el sector privado","0.666666666666667",5,56,0.313203730263115,0.283947010111784,33,56,"Industrias manufactureras","Servicios de apoyo a los negocios y manejo de residuos, y servicios de remediación"
333120,466113,"Fabricación de maquinaria y equipo para la construcción","Comercio al por menor de muebles para jardín","1",178,83,0.364707460391184,0.368872662826552,33,46,"Industrias manufactureras","Comercio al por menor"
333130,333910,"Fabricación de maquinaria y equipo para la industria extractiva","Fabricación de bombas y sistemas de bombeo","1",83.5,198.5,0.303211921116306,0.250771078704944,33,33,"Industrias manufactureras","Industrias manufactureras"
333130,561450,"Fabricación de maquinaria y equipo para la industria extractiva","Despachos de investigación de solvencia financiera","1",83.5,5,0.303211921116306,0.230498392518118,33,56,"Industrias manufactureras","Servicios de apoyo a los negocios y manejo de residuos, y servicios de remediación"
333130,561790,"Fabricación de maquinaria y equipo para la industria extractiva","Otros servicios de limpieza","1",83.5,8,0.303211921116306,0.31480558322542,33,56,"Industrias manufactureras","Servicios de apoyo a los negocios y manejo de residuos, y servicios de remediación"
333130,622211,"Fabricación de maquinaria y equipo para la industria extractiva","Hospitales psiquiátricos y para el tratamiento por adicción del sector privado","1",83.5,2.5,0.303211921116306,0.331505823351494,33,62,"Industrias manufactureras","Servicios de salud y de asistencia social"
333130,711320,"Fabricación de maquinaria y equipo para la industria extractiva","Promotores de espectáculos artísticos, culturales, deportivos y similares que no cuentan con instalaciones para presentarlos","1",83.5,20.5,0.303211921116306,0.252626107442331,33,71,"Industrias manufactureras","Servicios de esparcimiento culturales y deportivos, y otros servicios recreativos"
333241,512190,"Fabricación de maquinaria y equipo para la industria de la madera","Servicios de postproducción y otros servicios para la industria fílmica y del video","1",8,2.5,0.41867706728591,0.17256816397201,33,51,"Industrias manufactureras","Información en medios masivos"
333241,611411,"Fabricación de maquinaria y equipo para la industria de la madera","Escuelas comerciales y secretariales del sector privado","0.5",8,13,0.41867706728591,0.451027799144692,33,61,"Industrias manufactureras","Servicios educativos"
333241,611632,"Fabricación de maquinaria y equipo para la industria de la madera","Escuelas de idiomas del sector público","1",8,2.5,0.41867706728591,0.330472480622854,33,61,"Industrias manufactureras","Servicios educativos"
333243,465313,"Fabricación de maquinaria y equipo para la industria alimentaria y de las bebidas","Comercio al por menor de revistas y periódicos","0.454545454545455",41.5,227.5,0.334344661063296,0.291022529269121,33,46,"Industrias manufactureras","Comercio al por menor"
333319,532289,"Fabricación de otra maquinaria y equipo para el comercio y los servicios","Alquiler de otros artículos para el hogar y personales","0.333333333333333",129,10,0.263606823791488,0.262494601007477,33,53,"Industrias manufactureras","Servicios inmobiliarios y de alquiler de bienes muebles e intangibles"
333411,522220,"Fabricación de equipo de aire acondicionado y calefacción","Fondos y fideicomisos financieros","0.6",23.5,272,0.299018805890206,0.387234103928216,33,52,"Industrias manufactureras","Servicios financieros y de seguros"
333412,337910,"Fabricación de equipo de refrigeración industrial y comercial","Fabricación de colchones","1",33.5,5,0.258450453889343,0.270056510865231,33,33,"Industrias manufactureras","Industrias manufactureras"
333412,611151,"Fabricación de equipo de refrigeración industrial y comercial","Escuelas de educación media técnica terminal del sector privado","0.5",33.5,38.5,0.258450453889343,0.391635957792492,33,61,"Industrias manufactureras","Servicios educativos"
333510,713942,"Fabricación de maquinaria y equipo para la industria metalmecánica","Clubes deportivos del sector público","0.4",552.5,33,0.323556633436054,0.397266735538321,33,71,"Industrias manufactureras","Servicios de esparcimiento culturales y deportivos, y otros servicios recreativos"
333910,561450,"Fabricación de bombas y sistemas de bombeo","Despachos de investigación de solvencia financiera","1",198.5,5,0.250771078704944,0.230498392518118,33,56,"Industrias manufactureras","Servicios de apoyo a los negocios y manejo de residuos, y servicios de remediación"
333910,561790,"Fabricación de bombas y sistemas de bombeo","Otros servicios de limpieza","1",198.5,8,0.250771078704944,0.31480558322542,33,56,"Industrias manufactureras","Servicios de apoyo a los negocios y manejo de residuos, y servicios de remediación"
333910,622211,"Fabricación de bombas y sistemas de bombeo","Hospitales psiquiátricos y para el tratamiento por adicción del sector privado","1",198.5,2.5,0.250771078704944,0.331505823351494,33,62,"Industrias manufactureras","Servicios de salud y de asistencia social"
333910,711320,"Fabricación de bombas y sistemas de bombeo","Promotores de espectáculos artísticos, culturales, deportivos y similares que no cuentan con instalaciones para presentarlos","1",198.5,20.5,0.250771078704944,0.252626107442331,33,71,"Industrias manufactureras","Servicios de esparcimiento culturales y deportivos, y otros servicios recreativos"
333920,437311,"Fabricación de maquinaria y equipo para levantar y trasladar","Intermediación de comercio al por mayor de productos agropecuarios","0.5",23,2.5,0.277115101403358,0.362839284396922,33,43,"Industrias manufactureras","Comercio al por mayor"
333920,531116,"Fabricación de maquinaria y equipo para levantar y trasladar","Alquiler sin intermediación de edificios industriales dentro de un parque industrial","0.5",23,10.5,0.277115101403358,0.262300879969807,33,53,"Industrias manufactureras","Servicios inmobiliarios y de alquiler de bienes muebles e intangibles"
333920,532492,"Fabricación de maquinaria y equipo para levantar y trasladar","Alquiler de maquinaria y equipo para mover, levantar y acomodar materiales","0.5",23,246.5,0.277115101403358,0.302841205770382,33,53,"Industrias manufactureras","Servicios inmobiliarios y de alquiler de bienes muebles e intangibles"
333920,541712,"Fabricación de maquinaria y equipo para levantar y trasladar","Servicios de investigación científica y desarrollo en ciencias naturales y exactas, ingeniería, y ciencias de la vida, prestados por el sector público","0.666666666666667",23,31,0.277115101403358,0.314153804805243,33,54,"Industrias manufactureras","Servicios profesionales, científicos y técnicos"
333920,611622,"Fabricación de maquinaria y equipo para levantar y trasladar","Escuelas de deporte del sector público","0.666666666666667",23,7.5,0.277115101403358,0.312991844062613,33,61,"Industrias manufactureras","Servicios educativos"
333920,711320,"Fabricación de maquinaria y equipo para levantar y trasladar","Promotores de espectáculos artísticos, culturales, deportivos y similares que no cuentan con instalaciones para presentarlos","0.5",23,20.5,0.277115101403358,0.252626107442331,33,71,"Industrias manufactureras","Servicios de esparcimiento culturales y deportivos, y otros servicios recreativos"
333992,335220,"Fabricación de maquinaria y equipo para envasar y empacar","Fabricación de aparatos de línea blanca","1",2.5,2.5,0.242170137669288,0.270835533393701,33,33,"Industrias manufactureras","Industrias manufactureras"
333992,431123,"Fabricación de maquinaria y equipo para envasar y empacar","Comercio al por mayor de pescados y mariscos","1",2.5,2.5,0.242170137669288,0.278507802479404,33,43,"Industrias manufactureras","Comercio al por mayor"
333992,431193,"Fabricación de maquinaria y equipo para envasar y empacar","Comercio al por mayor de conservas alimenticias","1",2.5,78,0.242170137669288,0.281874903624276,33,43,"Industrias manufactureras","Comercio al por mayor"
333992,431212,"Fabricación de maquinaria y equipo para envasar y empacar","Comercio al por mayor de vinos y licores","1",2.5,21,0.242170137669288,0.210875508787304,33,43,"Industrias manufactureras","Comercio al por mayor"
333992,431220,"Fabricación de maquinaria y equipo para envasar y empacar","Comercio al por mayor de cigarros, puros y tabaco","1",2.5,61,0.242170137669288,0.321323089338725,33,43,"Industrias manufactureras","Comercio al por mayor"
333992,481210,"Fabricación de maquinaria y equipo para envasar y empacar","Transporte aéreo no regular","1",2.5,8,0.242170137669288,0.244426385742583,33,48,"Industrias manufactureras","Transportes, correos y almacenamiento"
333992,484111,"Fabricación de maquinaria y equipo para envasar y empacar","Autotransporte local de productos agrícolas sin refrigeración","1",2.5,2.5,0.242170137669288,0.283931217488884,33,48,"Industrias manufactureras","Transportes, correos y almacenamiento"
333992,486910,"Fabricación de maquinaria y equipo para envasar y empacar","Transporte por ductos de productos refinados del petróleo","1",2.5,8,0.242170137669288,0.277077589218141,33,48,"Industrias manufactureras","Transportes, correos y almacenamiento"
333992,488112,"Fabricación de maquinaria y equipo para envasar y empacar","Administración de aeropuertos y helipuertos","1",2.5,20.5,0.242170137669288,0.282745640603857,33,48,"Industrias manufactureras","Transportes, correos y almacenamiento"
333992,488190,"Fabricación de maquinaria y equipo para envasar y empacar","Otros servicios relacionados con el transporte aéreo","1",2.5,43.5,0.242170137669288,0.283400741135613,33,48,"Industrias manufactureras","Transportes, correos y almacenamiento"
333992,488511,"Fabricación de maquinaria y equipo para envasar y empacar","Servicios de agencias aduanales","1",2.5,7.5,0.242170137669288,0.269153349746806,33,48,"Industrias manufactureras","Transportes, correos y almacenamiento"
333992,513121,"Fabricación de maquinaria y equipo para envasar y empacar","Edición de revistas y otras publicaciones periódicas en formato electrónico","1",2.5,2.5,0.242170137669288,0.302962498349444,33,51,"Industrias manufactureras","Información en medios masivos"
333992,513210,"Fabricación de maquinaria y equipo para envasar y empacar","Edición de software","1",2.5,2.5,0.242170137669288,0.201417353600563,33,51,"Industrias manufactureras","Información en medios masivos"
333992,524130,"Fabricación de maquinaria y equipo para envasar y empacar","Compañías afianzadoras","1",2.5,15.5,0.242170137669288,0.213940415730347,33,52,"Industrias manufactureras","Servicios financieros y de seguros"
333992,532412,"Fabricación de maquinaria y equipo para envasar y empacar","Alquiler de equipo de transporte, excepto terrestre","1",2.5,8,0.242170137669288,0.273410240000319,33,53,"Industrias manufactureras","Servicios inmobiliarios y de alquiler de bienes muebles e intangibles"
333992,541350,"Fabricación de maquinaria y equipo para envasar y empacar","Servicios de inspección de edificios","1",2.5,89,0.242170137669288,0.385511648068737,33,54,"Industrias manufactureras","Servicios profesionales, científicos y técnicos"
333992,541722,"Fabricación de maquinaria y equipo para envasar y empacar","Servicios de investigación científica y desarrollo en ciencias sociales y humanidades, prestados por el sector público","1",2.5,75.5,0.242170137669288,0.3926697655495,33,54,"Industrias manufactureras","Servicios profesionales, científicos y técnicos"
333992,541820,"Fabricación de maquinaria y equipo para envasar y empacar","Agencias de relaciones públicas","1",2.5,8,0.242170137669288,0.187220354878919,33,54,"Industrias manufactureras","Servicios profesionales, científicos y técnicos"
333992,541870,"Fabricación de maquinaria y equipo para envasar y empacar","Distribución de material publicitario","1",2.5,2.5,0.242170137669288,0.297138636536386,33,54,"Industrias manufactureras","Servicios profesionales, científicos y técnicos"
333992,541910,"Fabricación de maquinaria y equipo para envasar y empacar","Servicios de investigación de mercados y encuestas de opinión pública","1",2.5,41,0.242170137669288,0.182545817011302,33,54,"Industrias manufactureras","Servicios profesionales, científicos y técnicos"
333992,541990,"Fabricación de maquinaria y equipo para envasar y empacar","Otros servicios profesionales, científicos y técnicos","1",2.5,5,0.242170137669288,0.252814701117202,33,54,"Industrias manufactureras","Servicios profesionales, científicos y técnicos"
333992,611431,"Fabricación de maquinaria y equipo para envasar y empacar","Escuelas para la capacitación de ejecutivos del sector privado","1",2.5,43,0.242170137669288,0.329957515805206,33,61,"Industrias manufactureras","Servicios educativos"
333992,621114,"Fabricación de maquinaria y equipo para envasar y empacar","Consultorios de medicina especializada del sector público","1",2.5,8,0.242170137669288,0.360460039424648,33,62,"Industrias manufactureras","Servicios de salud y de asistencia social"
333992,621411,"Fabricación de maquinaria y equipo para envasar y empacar","Centros de planificación familiar del sector privado","1",2.5,36,0.242170137669288,0.295842120354262,33,62,"Industrias manufactureras","Servicios de salud y de asistencia social"
333992,621412,"Fabricación de maquinaria y equipo para envasar y empacar","Centros de planificación familiar del sector público","1",2.5,20.5,0.242170137669288,0.452740413072709,33,62,"Industrias manufactureras","Servicios de salud y de asistencia social"
333992,621492,"Fabricación de maquinaria y equipo para envasar y empacar","Otros centros del sector público para la atención de pacientes que no requieren hospitalización","1",2.5,20.5,0.242170137669288,0.410589166151199,33,62,"Industrias manufactureras","Servicios de salud y de asistencia social"
333992,621512,"Fabricación de maquinaria y equipo para envasar y empacar","Laboratorios médicos y de diagnóstico del sector público","1",2.5,81,0.242170137669288,0.405751894001053,33,62,"Industrias manufactureras","Servicios de salud y de asistencia social"
333992,621992,"Fabricación de maquinaria y equipo para envasar y empacar","Servicios de bancos de órganos, bancos de sangre y otros servicios auxiliares al tratamiento médico prestados por el sector público","1",2.5,40.5,0.242170137669288,0.437933820392971,33,62,"Industrias manufactureras","Servicios de salud y de asistencia social"
333992,624221,"Fabricación de maquinaria y equipo para envasar y empacar","Refugios temporales comunitarios del sector privado","1",2.5,2.5,0.242170137669288,0.299862818722939,33,62,"Industrias manufactureras","Servicios de salud y de asistencia social"
333992,713299,"Fabricación de maquinaria y equipo para envasar y empacar","Otros juegos de azar","1",2.5,478,0.242170137669288,0.270589016115023,33,71,"Industrias manufactureras","Servicios de esparcimiento culturales y deportivos, y otros servicios recreativos"
333992,713950,"Fabricación de maquinaria y equipo para envasar y empacar","Boliches","1",2.5,28.5,0.242170137669288,0.289971036915563,33,71,"Industrias manufactureras","Servicios de esparcimiento culturales y deportivos, y otros servicios recreativos"
333992,931110,"Fabricación de maquinaria y equipo para envasar y empacar","Órganos legislativos","1",2.5,326.5,0.242170137669288,0.425402710869892,33,93,"Industrias manufactureras","Actividades legislativas, gubernamentales, de impartición de justicia y de organismos internacionales y extraterritoriales"
333993,433430,"Fabricación de aparatos e instrumentos para pesar","Comercio al por mayor de revistas y periódicos","0.5",2.5,5,0.279564443539454,0.249266791270407,33,43,"Industrias manufactureras","Comercio al por mayor"
333999,712132,"Fabricación de otra maquinaria y equipo para la industria en general","Jardines botánicos y zoológicos del sector público","1",43.5,41,0.287582561379419,0.345978673429053,33,71,"Industrias manufactureras","Servicios de esparcimiento culturales y deportivos, y otros servicios recreativos"
334410,431170,"Fabricación de componentes electrónicos","Comercio al por mayor de embutidos","1",2.5,359,0.239704770706103,0.333728518376003,33,43,"Industrias manufactureras","Comercio al por mayor"
334410,437311,"Fabricación de componentes electrónicos","Intermediación de comercio al por mayor de productos agropecuarios","1",2.5,2.5,0.239704770706103,0.362839284396922,33,43,"Industrias manufactureras","Comercio al por mayor"
334410,533110,"Fabricación de componentes electrónicos","Servicios de alquiler de marcas registradas, patentes y franquicias","1",2.5,2.5,0.239704770706103,0.251869071603987,33,53,"Industrias manufactureras","Servicios inmobiliarios y de alquiler de bienes muebles e intangibles"
335132,466313,"Fabricación de lámparas ornamentales","Comercio al por menor de antigüedades y obras de arte","0.2",2.5,30,0.251014040482107,0.290511681874749,33,46,"Industrias manufactureras","Comercio al por menor"
335220,431123,"Fabricación de aparatos de línea blanca","Comercio al por mayor de pescados y mariscos","1",2.5,2.5,0.270835533393701,0.278507802479404,33,43,"Industrias manufactureras","Comercio al por mayor"
335220,431193,"Fabricación de aparatos de línea blanca","Comercio al por mayor de conservas alimenticias","1",2.5,78,0.270835533393701,0.281874903624276,33,43,"Industrias manufactureras","Comercio al por mayor"
335220,431212,"Fabricación de aparatos de línea blanca","Comercio al por mayor de vinos y licores","1",2.5,21,0.270835533393701,0.210875508787304,33,43,"Industrias manufactureras","Comercio al por mayor"
335220,431220,"Fabricación de aparatos de línea blanca","Comercio al por mayor de cigarros, puros y tabaco","1",2.5,61,0.270835533393701,0.321323089338725,33,43,"Industrias manufactureras","Comercio al por mayor"
335220,481210,"Fabricación de aparatos de línea blanca","Transporte aéreo no regular","1",2.5,8,0.270835533393701,0.244426385742583,33,48,"Industrias manufactureras","Transportes, correos y almacenamiento"
335220,484111,"Fabricación de aparatos de línea blanca","Autotransporte local de productos agrícolas sin refrigeración","1",2.5,2.5,0.270835533393701,0.283931217488884,33,48,"Industrias manufactureras","Transportes, correos y almacenamiento"
335220,486910,"Fabricación de aparatos de línea blanca","Transporte por ductos de productos refinados del petróleo","1",2.5,8,0.270835533393701,0.277077589218141,33,48,"Industrias manufactureras","Transportes, correos y almacenamiento"
335220,488112,"Fabricación de aparatos de línea blanca","Administración de aeropuertos y helipuertos","1",2.5,20.5,0.270835533393701,0.282745640603857,33,48,"Industrias manufactureras","Transportes, correos y almacenamiento"
335220,488190,"Fabricación de aparatos de línea blanca","Otros servicios relacionados con el transporte aéreo","1",2.5,43.5,0.270835533393701,0.283400741135613,33,48,"Industrias manufactureras","Transportes, correos y almacenamiento"
335220,488511,"Fabricación de aparatos de línea blanca","Servicios de agencias aduanales","1",2.5,7.5,0.270835533393701,0.269153349746806,33,48,"Industrias manufactureras","Transportes, correos y almacenamiento"
335220,513121,"Fabricación de aparatos de línea blanca","Edición de revistas y otras publicaciones periódicas en formato electrónico","1",2.5,2.5,0.270835533393701,0.302962498349444,33,51,"Industrias manufactureras","Información en medios masivos"
335220,513210,"Fabricación de aparatos de línea blanca","Edición de software","1",2.5,2.5,0.270835533393701,0.201417353600563,33,51,"Industrias manufactureras","Información en medios masivos"
335220,524130,"Fabricación de aparatos de línea blanca","Compañías afianzadoras","1",2.5,15.5,0.270835533393701,0.213940415730347,33,52,"Industrias manufactureras","Servicios financieros y de seguros"
335220,532412,"Fabricación de aparatos de línea blanca","Alquiler de equipo de transporte, excepto terrestre","1",2.5,8,0.270835533393701,0.273410240000319,33,53,"Industrias manufactureras","Servicios inmobiliarios y de alquiler de bienes muebles e intangibles"
335220,541350,"Fabricación de aparatos de línea blanca","Servicios de inspección de edificios","1",2.5,89,0.270835533393701,0.385511648068737,33,54,"Industrias manufactureras","Servicios profesionales, científicos y técnicos"
335220,541722,"Fabricación de aparatos de línea blanca","Servicios de investigación científica y desarrollo en ciencias sociales y humanidades, prestados por el sector público","1",2.5,75.5,0.270835533393701,0.3926697655495,33,54,"Industrias manufactureras","Servicios profesionales, científicos y técnicos"
335220,541820,"Fabricación de aparatos de línea blanca","Agencias de relaciones públicas","1",2.5,8,0.270835533393701,0.187220354878919,33,54,"Industrias manufactureras","Servicios profesionales, científicos y técnicos"
335220,541870,"Fabricación de aparatos de línea blanca","Distribución de material publicitario","1",2.5,2.5,0.270835533393701,0.297138636536386,33,54,"Industrias manufactureras","Servicios profesionales, científicos y técnicos"
335220,541910,"Fabricación de aparatos de línea blanca","Servicios de investigación de mercados y encuestas de opinión pública","1",2.5,41,0.270835533393701,0.182545817011302,33,54,"Industrias manufactureras","Servicios profesionales, científicos y técnicos"
335220,541990,"Fabricación de aparatos de línea blanca","Otros servicios profesionales, científicos y técnicos","1",2.5,5,0.270835533393701,0.252814701117202,33,54,"Industrias manufactureras","Servicios profesionales, científicos y técnicos"
335220,611431,"Fabricación de aparatos de línea blanca","Escuelas para la capacitación de ejecutivos del sector privado","1",2.5,43,0.270835533393701,0.329957515805206,33,61,"Industrias manufactureras","Servicios educativos"
335220,621114,"Fabricación de aparatos de línea blanca","Consultorios de medicina especializada del sector público","1",2.5,8,0.270835533393701,0.360460039424648,33,62,"Industrias manufactureras","Servicios de salud y de asistencia social"
335220,621411,"Fabricación de aparatos de línea blanca","Centros de planificación familiar del sector privado","1",2.5,36,0.270835533393701,0.295842120354262,33,62,"Industrias manufactureras","Servicios de salud y de asistencia social"
335220,621412,"Fabricación de aparatos de línea blanca","Centros de planificación familiar del sector público","1",2.5,20.5,0.270835533393701,0.452740413072709,33,62,"Industrias manufactureras","Servicios de salud y de asistencia social"
335220,621492,"Fabricación de aparatos de línea blanca","Otros centros del sector público para la atención de pacientes que no requieren hospitalización","1",2.5,20.5,0.270835533393701,0.410589166151199,33,62,"Industrias manufactureras","Servicios de salud y de asistencia social"
335220,621512,"Fabricación de aparatos de línea blanca","Laboratorios médicos y de diagnóstico del sector público","1",2.5,81,0.270835533393701,0.405751894001053,33,62,"Industrias manufactureras","Servicios de salud y de asistencia social"
335220,621992,"Fabricación de aparatos de línea blanca","Servicios de bancos de órganos, bancos de sangre y otros servicios auxiliares al tratamiento médico prestados por el sector público","1",2.5,40.5,0.270835533393701,0.437933820392971,33,62,"Industrias manufactureras","Servicios de salud y de asistencia social"
335220,624221,"Fabricación de aparatos de línea blanca","Refugios temporales comunitarios del sector privado","1",2.5,2.5,0.270835533393701,0.299862818722939,33,62,"Industrias manufactureras","Servicios de salud y de asistencia social"
335220,713299,"Fabricación de aparatos de línea blanca","Otros juegos de azar","1",2.5,478,0.270835533393701,0.270589016115023,33,71,"Industrias manufactureras","Servicios de esparcimiento culturales y deportivos, y otros servicios recreativos"
335220,713950,"Fabricación de aparatos de línea blanca","Boliches","1",2.5,28.5,0.270835533393701,0.289971036915563,33,71,"Industrias manufactureras","Servicios de esparcimiento culturales y deportivos, y otros servicios recreativos"
335220,931110,"Fabricación de aparatos de línea blanca","Órganos legislativos","1",2.5,326.5,0.270835533393701,0.425402710869892,33,93,"Industrias manufactureras","Actividades legislativas, gubernamentales, de impartición de justicia y de organismos internacionales y extraterritoriales"
335312,561110,"Fabricación de equipo y aparatos de distribución de energía eléctrica","Servicios de administración de negocios","0.666666666666667",1394,434,0.36945994896694,0.243263733287364,33,56,"Industrias manufactureras","Servicios de apoyo a los negocios y manejo de residuos, y servicios de remediación"
336110,339112,"Fabricación de automóviles y camionetas","Fabricación de material desechable de uso médico","0.5",251,271.5,0.355501171469373,0.296427548409965,33,33,"Industrias manufactureras","Industrias manufactureras"
336120,336370,"Fabricación de camiones y tractocamiones","Fabricación de piezas metálicas troqueladas para vehículos automotrices","0.666666666666667",251,279.5,0.313693972071125,0.283292946698469,33,33,"Industrias manufactureras","Industrias manufactureras"
336120,561330,"Fabricación de camiones y tractocamiones","Suministro de personal permanente","1",251,131.5,0.313693972071125,0.25409769794019,33,56,"Industrias manufactureras","Servicios de apoyo a los negocios y manejo de residuos, y servicios de remediación"
336210,713111,"Fabricación de carrocerías y remolques","Parques de diversiones y temáticos del sector privado","0.571428571428571",348,57.5,0.322642218115778,0.2739138423465,33,71,"Industrias manufactureras","Servicios de esparcimiento culturales y deportivos, y otros servicios recreativos"
336310,611411,"Fabricación de motores y sus partes para vehículos automotrices","Escuelas comerciales y secretariales del sector privado","0.5",25.5,13,0.299401242293971,0.451027799144692,33,61,"Industrias manufactureras","Servicios educativos"
336320,562111,"Fabricación de equipo eléctrico y electrónico y sus partes para vehículos automotores","Recolección de residuos peligrosos por el sector privado","0.666666666666667",577.5,56,0.327734154725361,0.283947010111784,33,56,"Industrias manufactureras","Servicios de apoyo a los negocios y manejo de residuos, y servicios de remediación"
336350,562999,"Fabricación de partes de sistemas de transmisión para vehículos automotores","Otros servicios de manejo de residuos por el sector público","1",75.5,75.5,0.278127461039885,0.405636339792912,33,56,"Industrias manufactureras","Servicios de apoyo a los negocios y manejo de residuos, y servicios de remediación"
336360,621491,"Fabricación de asientos y accesorios interiores para vehículos automotores","Otros centros del sector privado para la atención de pacientes que no requieren hospitalización","0.428571428571429",41,258.5,0.30579867258456,0.346444846612452,33,62,"Industrias manufactureras","Servicios de salud y de asistencia social"
336370,336510,"Fabricación de piezas metálicas troqueladas para vehículos automotrices","Fabricación de equipo ferroviario","0.666666666666667",279.5,515,0.283292946698469,0.380487402607004,33,33,"Industrias manufactureras","Industrias manufactureras"
336370,561330,"Fabricación de piezas metálicas troqueladas para vehículos automotrices","Suministro de personal permanente","0.666666666666667",279.5,131.5,0.283292946698469,0.25409769794019,33,56,"Industrias manufactureras","Servicios de apoyo a los negocios y manejo de residuos, y servicios de remediación"
336390,488210,"Fabricación de otras partes para vehículos automotrices","Servicios relacionados con el transporte por ferrocarril","0.5",134.5,78,0.279019522007611,0.383337966685644,33,48,"Industrias manufactureras","Transportes, correos y almacenamiento"
336390,541320,"Fabricación de otras partes para vehículos automotrices","Servicios de arquitectura de paisaje y urbanismo","0.5",134.5,48.5,0.279019522007611,0.36673942993831,33,54,"Industrias manufactureras","Servicios profesionales, científicos y técnicos"
337110,532411,"Fabricación de cocinas integrales y muebles modulares de baño","Alquiler de maquinaria y equipo para construcción, minería y actividades forestales","0.444444444444444",207.5,275.5,0.315791536132571,0.340702142908725,33,53,"Industrias manufactureras","Servicios inmobiliarios y de alquiler de bienes muebles e intangibles"
337110,624412,"Fabricación de cocinas integrales y muebles modulares de baño","Guarderías del sector público","0.411764705882353",207.5,680,0.315791536132571,0.316463348236381,33,62,"Industrias manufactureras","Servicios de salud y de asistencia social"
337110,712112,"Fabricación de cocinas integrales y muebles modulares de baño","Museos del sector público","0.428571428571429",207.5,200.5,0.315791536132571,0.358867225265195,33,71,"Industrias manufactureras","Servicios de esparcimiento culturales y deportivos, y otros servicios recreativos"
337110,931310,"Fabricación de cocinas integrales y muebles modulares de baño","Regulación y fomento del desarrollo económico","0.357142857142857",207.5,3440.5,0.315791536132571,0.428093422438495,33,93,"Industrias manufactureras","Actividades legislativas, gubernamentales, de impartición de justicia y de organismos internacionales y extraterritoriales"
337120,812990,"Fabricación de muebles, excepto cocinas integrales, muebles modulares de baño y muebles de oficina y estantería","Otros servicios personales","0.434782608695652",2672,527.5,0.315010686895346,0.386988924919222,33,81,"Industrias manufactureras","Otros servicios excepto actividades gubernamentales"
337210,461220,"Fabricación de muebles de oficina y estantería","Comercio al por menor de cigarros, puros y tabaco","0.6",433,15,0.271967381525589,0.266470384056286,33,46,"Industrias manufactureras","Comercio al por menor"
337910,532492,"Fabricación de colchones","Alquiler de maquinaria y equipo para mover, levantar y acomodar materiales","0.5",5,246.5,0.270056510865231,0.302841205770382,33,53,"Industrias manufactureras","Servicios inmobiliarios y de alquiler de bienes muebles e intangibles"
339111,468413,"Fabricación de equipo no electrónico para uso médico, dental y para laboratorio","Comercio al por menor de gas LP en estaciones de carburación","0.461538461538462",205,206.5,0.219142269488357,0.416224047966818,33,46,"Industrias manufactureras","Comercio al por menor"
339112,484223,"Fabricación de material desechable de uso médico","Autotransporte local con refrigeración","0.5",271.5,40.5,0.296427548409965,0.315910326675193,33,48,"Industrias manufactureras","Transportes, correos y almacenamiento"
339113,541219,"Fabricación de artículos oftálmicos","Otros servicios técnicos relacionados con la contabilidad","0.6",27.5,12.5,0.21635754832576,0.283957858059453,33,54,"Industrias manufactureras","Servicios profesionales, científicos y técnicos"
339113,561310,"Fabricación de artículos oftálmicos","Agencias de colocación","0.6",27.5,28.5,0.21635754832576,0.257713638505764,33,56,"Industrias manufactureras","Servicios de apoyo a los negocios y manejo de residuos, y servicios de remediación"
339912,516210,"Orfebrería y joyería de metales y piedras preciosos","Servicios de distribución de audio y video en tiempo real (streaming), redes sociales, cadenas de radio y televisión y otros proveedores de contenido","0.5",38,49,0.304467696550062,0.257833341323185,33,51,"Industrias manufactureras","Información en medios masivos"
339913,462111,"Joyería de metales y piedras no preciosos y de otros materiales","Comercio al por menor en supermercados","0.538461538461538",47.5,5961,0.399594672298633,0.269972671137536,33,46,"Industrias manufactureras","Comercio al por menor"
339913,484221,"Joyería de metales y piedras no preciosos y de otros materiales","Autotransporte local de materiales para la construcción","0.416666666666667",47.5,576,0.399594672298633,0.40571304581011,33,48,"Industrias manufactureras","Transportes, correos y almacenamiento"
339914,562111,"Metalistería de metales no preciosos","Recolección de residuos peligrosos por el sector privado","0.666666666666667",10.5,56,0.311469556692428,0.283947010111784,33,56,"Industrias manufactureras","Servicios de apoyo a los negocios y manejo de residuos, y servicios de remediación"
339920,623311,"Fabricación de artículos deportivos","Asilos y otras residencias del sector privado para el cuidado de ancianos","0.8",18,67,0.286736063366259,0.297336581889142,33,62,"Industrias manufactureras","Servicios de salud y de asistencia social"
339950,622111,"Fabricación de anuncios y señalamientos","Hospitales generales del sector privado","0.571428571428571",84.5,1769.5,0.277662203560076,0.284171250864315,33,62,"Industrias manufactureras","Servicios de salud y de asistencia social"
339991,611212,"Fabricación de instrumentos musicales","Escuelas de educación técnica superior del sector público","0.666666666666667",13,347,0.263182937320787,0.389192805363615,33,61,"Industrias manufactureras","Servicios educativos"
339993,624198,"Fabricación de escobas, cepillos y similares","Otros servicios de orientación y trabajo social prestados por el sector privado","0.5",38,36,0.292470623762092,0.340001190441839,33,62,"Industrias manufactureras","Servicios de salud y de asistencia social"
339993,931710,"Fabricación de escobas, cepillos y similares","Relaciones exteriores","0.75",38,94,0.292470623762092,0.360265347122579,33,93,"Industrias manufactureras","Actividades legislativas, gubernamentales, de impartición de justicia y de organismos internacionales y extraterritoriales"
339994,484229,"Fabricación de velas y veladoras","Otro autotransporte local de carga especializado","0.5",138.5,183.5,0.404165090475064,0.311578906391725,33,48,"Industrias manufactureras","Transportes, correos y almacenamiento"
339999,811410,"Otras industrias manufactureras","Reparación y mantenimiento de aparatos eléctricos para el hogar y personales","0.571428571428571",409.5,1014,0.379782473017022,0.370869510072565,33,81,"Industrias manufactureras","Otros servicios excepto actividades gubernamentales"
431110,621391,"Comercio al por mayor de abarrotes","Consultorios de nutriólogos y dietistas del sector privado","0.5",1430.5,404,0.314857886037111,0.365911275997444,43,62,"Comercio al por mayor","Servicios de salud y de asistencia social"
431122,462111,"Comercio al por mayor de carne de aves","Comercio al por menor en supermercados","0.461538461538462",136.5,5961,0.332839150297863,0.269972671137536,43,46,"Comercio al por mayor","Comercio al por menor"
431123,431193,"Comercio al por mayor de pescados y mariscos","Comercio al por mayor de conservas alimenticias","1",2.5,78,0.278507802479404,0.281874903624276,43,43,"Comercio al por mayor","Comercio al por mayor"
431123,431212,"Comercio al por mayor de pescados y mariscos","Comercio al por mayor de vinos y licores","1",2.5,21,0.278507802479404,0.210875508787304,43,43,"Comercio al por mayor","Comercio al por mayor"
431123,431220,"Comercio al por mayor de pescados y mariscos","Comercio al por mayor de cigarros, puros y tabaco","1",2.5,61,0.278507802479404,0.321323089338725,43,43,"Comercio al por mayor","Comercio al por mayor"
431123,481210,"Comercio al por mayor de pescados y mariscos","Transporte aéreo no regular","1",2.5,8,0.278507802479404,0.244426385742583,43,48,"Comercio al por mayor","Transportes, correos y almacenamiento"
431123,484111,"Comercio al por mayor de pescados y mariscos","Autotransporte local de productos agrícolas sin refrigeración","1",2.5,2.5,0.278507802479404,0.283931217488884,43,48,"Comercio al por mayor","Transportes, correos y almacenamiento"
431123,486910,"Comercio al por mayor de pescados y mariscos","Transporte por ductos de productos refinados del petróleo","1",2.5,8,0.278507802479404,0.277077589218141,43,48,"Comercio al por mayor","Transportes, correos y almacenamiento"
431123,488112,"Comercio al por mayor de pescados y mariscos","Administración de aeropuertos y helipuertos","1",2.5,20.5,0.278507802479404,0.282745640603857,43,48,"Comercio al por mayor","Transportes, correos y almacenamiento"
431123,488190,"Comercio al por mayor de pescados y mariscos","Otros servicios relacionados con el transporte aéreo","1",2.5,43.5,0.278507802479404,0.283400741135613,43,48,"Comercio al por mayor","Transportes, correos y almacenamiento"
431123,488511,"Comercio al por mayor de pescados y mariscos","Servicios de agencias aduanales","1",2.5,7.5,0.278507802479404,0.269153349746806,43,48,"Comercio al por mayor","Transportes, correos y almacenamiento"
431123,513121,"Comercio al por mayor de pescados y mariscos","Edición de revistas y otras publicaciones periódicas en formato electrónico","1",2.5,2.5,0.278507802479404,0.302962498349444,43,51,"Comercio al por mayor","Información en medios masivos"
431123,513210,"Comercio al por mayor de pescados y mariscos","Edición de software","1",2.5,2.5,0.278507802479404,0.201417353600563,43,51,"Comercio al por mayor","Información en medios masivos"
431123,524130,"Comercio al por mayor de pescados y mariscos","Compañías afianzadoras","1",2.5,15.5,0.278507802479404,0.213940415730347,43,52,"Comercio al por mayor","Servicios financieros y de seguros"
431123,532412,"Comercio al por mayor de pescados y mariscos","Alquiler de equipo de transporte, excepto terrestre","1",2.5,8,0.278507802479404,0.273410240000319,43,53,"Comercio al por mayor","Servicios inmobiliarios y de alquiler de bienes muebles e intangibles"
431123,541350,"Comercio al por mayor de pescados y mariscos","Servicios de inspección de edificios","1",2.5,89,0.278507802479404,0.385511648068737,43,54,"Comercio al por mayor","Servicios profesionales, científicos y técnicos"
431123,541722,"Comercio al por mayor de pescados y mariscos","Servicios de investigación científica y desarrollo en ciencias sociales y humanidades, prestados por el sector público","1",2.5,75.5,0.278507802479404,0.3926697655495,43,54,"Comercio al por mayor","Servicios profesionales, científicos y técnicos"
431123,541820,"Comercio al por mayor de pescados y mariscos","Agencias de relaciones públicas","1",2.5,8,0.278507802479404,0.187220354878919,43,54,"Comercio al por mayor","Servicios profesionales, científicos y técnicos"
431123,541870,"Comercio al por mayor de pescados y mariscos","Distribución de material publicitario","1",2.5,2.5,0.278507802479404,0.297138636536386,43,54,"Comercio al por mayor","Servicios profesionales, científicos y técnicos"
431123,541910,"Comercio al por mayor de pescados y mariscos","Servicios de investigación de mercados y encuestas de opinión pública","1",2.5,41,0.278507802479404,0.182545817011302,43,54,"Comercio al por mayor","Servicios profesionales, científicos y técnicos"
431123,541990,"Comercio al por mayor de pescados y mariscos","Otros servicios profesionales, científicos y técnicos","1",2.5,5,0.278507802479404,0.252814701117202,43,54,"Comercio al por mayor","Servicios profesionales, científicos y técnicos"
431123,611431,"Comercio al por mayor de pescados y mariscos","Escuelas para la capacitación de ejecutivos del sector privado","1",2.5,43,0.278507802479404,0.329957515805206,43,61,"Comercio al por mayor","Servicios educativos"
431123,621114,"Comercio al por mayor de pescados y mariscos","Consultorios de medicina especializada del sector público","1",2.5,8,0.278507802479404,0.360460039424648,43,62,"Comercio al por mayor","Servicios de salud y de asistencia social"
431123,621411,"Comercio al por mayor de pescados y mariscos","Centros de planificación familiar del sector privado","1",2.5,36,0.278507802479404,0.295842120354262,43,62,"Comercio al por mayor","Servicios de salud y de asistencia social"
431123,621412,"Comercio al por mayor de pescados y mariscos","Centros de planificación familiar del sector público","1",2.5,20.5,0.278507802479404,0.452740413072709,43,62,"Comercio al por mayor","Servicios de salud y de asistencia social"
431123,621492,"Comercio al por mayor de pescados y mariscos","Otros centros del sector público para la atención de pacientes que no requieren hospitalización","1",2.5,20.5,0.278507802479404,0.410589166151199,43,62,"Comercio al por mayor","Servicios de salud y de asistencia social"
431123,621512,"Comercio al por mayor de pescados y mariscos","Laboratorios médicos y de diagnóstico del sector público","1",2.5,81,0.278507802479404,0.405751894001053,43,62,"Comercio al por mayor","Servicios de salud y de asistencia social"
431123,621992,"Comercio al por mayor de pescados y mariscos","Servicios de bancos de órganos, bancos de sangre y otros servicios auxiliares al tratamiento médico prestados por el sector público","1",2.5,40.5,0.278507802479404,0.437933820392971,43,62,"Comercio al por mayor","Servicios de salud y de asistencia social"
431123,624221,"Comercio al por mayor de pescados y mariscos","Refugios temporales comunitarios del sector privado","1",2.5,2.5,0.278507802479404,0.299862818722939,43,62,"Comercio al por mayor","Servicios de salud y de asistencia social"
431123,713299,"Comercio al por mayor de pescados y mariscos","Otros juegos de azar","1",2.5,478,0.278507802479404,0.270589016115023,43,71,"Comercio al por mayor","Servicios de esparcimiento culturales y deportivos, y otros servicios recreativos"
431123,713950,"Comercio al por mayor de pescados y mariscos","Boliches","1",2.5,28.5,0.278507802479404,0.289971036915563,43,71,"Comercio al por mayor","Servicios de esparcimiento culturales y deportivos, y otros servicios recreativos"
431123,931110,"Comercio al por mayor de pescados y mariscos","Órganos legislativos","1",2.5,326.5,0.278507802479404,0.425402710869892,43,93,"Comercio al por mayor","Actividades legislativas, gubernamentales, de impartición de justicia y de organismos internacionales y extraterritoriales"
431130,516210,"Comercio al por mayor de frutas y verduras frescas","Servicios de distribución de audio y video en tiempo real (streaming), redes sociales, cadenas de radio y televisión y otros proveedores de contenido","0.666666666666667",334.5,49,0.290868970751886,0.257833341323185,43,51,"Comercio al por mayor","Información en medios masivos"
431140,611511,"Comercio al por mayor de huevo","Escuelas del sector privado dedicadas a la enseñanza de oficios","0.5",172.5,489.5,0.315265991091573,0.4154605365576,43,61,"Comercio al por mayor","Servicios educativos"
431150,561410,"Comercio al por mayor de semillas y granos alimenticios, especias y chiles secos","Servicios de preparación de documentos","0.4",345.5,17.5,0.31638877780905,0.310707483877702,43,56,"Comercio al por mayor","Servicios de apoyo a los negocios y manejo de residuos, y servicios de remediación"
431160,431199,"Comercio al por mayor de leche y otros productos lácteos","Comercio al por mayor de otros alimentos","0.666666666666667",1455.5,153.5,0.400265740959828,0.286918488455809,43,43,"Comercio al por mayor","Comercio al por mayor"
431170,437311,"Comercio al por mayor de embutidos","Intermediación de comercio al por mayor de productos agropecuarios","1",359,2.5,0.333728518376003,0.362839284396922,43,43,"Comercio al por mayor","Comercio al por mayor"
431170,533110,"Comercio al por mayor de embutidos","Servicios de alquiler de marcas registradas, patentes y franquicias","1",359,2.5,0.333728518376003,0.251869071603987,43,53,"Comercio al por mayor","Servicios inmobiliarios y de alquiler de bienes muebles e intangibles"
431180,434227,"Comercio al por mayor de dulces y materias primas para repostería","Comercio al por mayor de vidrios y espejos","0.571428571428571",264.5,40.5,0.260712557080974,0.321939612378085,43,43,"Comercio al por mayor","Comercio al por mayor"
431191,522460,"Comercio al por mayor de pan y pasteles","Sociedades financieras de objeto múltiple","0.571428571428571",1416.5,1205.5,0.401737527027691,0.372323667038523,43,52,"Comercio al por mayor","Servicios financieros y de seguros"
431191,722330,"Comercio al por mayor de pan y pasteles","Servicios de preparación de alimentos en unidades móviles","0.571428571428571",1416.5,42.5,0.401737527027691,0.320324782613383,43,72,"Comercio al por mayor","Servicios de alojamiento temporal y de preparación de alimentos y bebidas"
431191,931510,"Comercio al por mayor de pan y pasteles","Regulación y fomento de actividades para mejorar y preservar el medio ambiente","0.571428571428571",1416.5,1794,0.401737527027691,0.412929392816319,43,93,"Comercio al por mayor","Actividades legislativas, gubernamentales, de impartición de justicia y de organismos internacionales y extraterritoriales"
431192,435313,"Comercio al por mayor de botanas y frituras","Comercio al por mayor de mobiliario, equipo e instrumental médico y de laboratorio","0.625",1073.5,214.5,0.403780336099605,0.192597584754579,43,43,"Comercio al por mayor","Comercio al por mayor"
431192,611311,"Comercio al por mayor de botanas y frituras","Escuelas de educación superior del sector privado","0.6",1073.5,4743,0.403780336099605,0.397828808137921,43,61,"Comercio al por mayor","Servicios educativos"
431192,713112,"Comercio al por mayor de botanas y frituras","Parques de diversiones y temáticos del sector público","0.625",1073.5,54,0.403780336099605,0.307840991655305,43,71,"Comercio al por mayor","Servicios de esparcimiento culturales y deportivos, y otros servicios recreativos"
431193,431212,"Comercio al por mayor de conservas alimenticias","Comercio al por mayor de vinos y licores","1",78,21,0.281874903624276,0.210875508787304,43,43,"Comercio al por mayor","Comercio al por mayor"
431193,431220,"Comercio al por mayor de conservas alimenticias","Comercio al por mayor de cigarros, puros y tabaco","1",78,61,0.281874903624276,0.321323089338725,43,43,"Comercio al por mayor","Comercio al por mayor"
431193,481210,"Comercio al por mayor de conservas alimenticias","Transporte aéreo no regular","1",78,8,0.281874903624276,0.244426385742583,43,48,"Comercio al por mayor","Transportes, correos y almacenamiento"
431193,484111,"Comercio al por mayor de conservas alimenticias","Autotransporte local de productos agrícolas sin refrigeración","1",78,2.5,0.281874903624276,0.283931217488884,43,48,"Comercio al por mayor","Transportes, correos y almacenamiento"
431193,486910,"Comercio al por mayor de conservas alimenticias","Transporte por ductos de productos refinados del petróleo","1",78,8,0.281874903624276,0.277077589218141,43,48,"Comercio al por mayor","Transportes, correos y almacenamiento"
431193,488112,"Comercio al por mayor de conservas alimenticias","Administración de aeropuertos y helipuertos","1",78,20.5,0.281874903624276,0.282745640603857,43,48,"Comercio al por mayor","Transportes, correos y almacenamiento"
431193,488190,"Comercio al por mayor de conservas alimenticias","Otros servicios relacionados con el transporte aéreo","1",78,43.5,0.281874903624276,0.283400741135613,43,48,"Comercio al por mayor","Transportes, correos y almacenamiento"
431193,488511,"Comercio al por mayor de conservas alimenticias","Servicios de agencias aduanales","1",78,7.5,0.281874903624276,0.269153349746806,43,48,"Comercio al por mayor","Transportes, correos y almacenamiento"
431193,513121,"Comercio al por mayor de conservas alimenticias","Edición de revistas y otras publicaciones periódicas en formato electrónico","1",78,2.5,0.281874903624276,0.302962498349444,43,51,"Comercio al por mayor","Información en medios masivos"
431193,513210,"Comercio al por mayor de conservas alimenticias","Edición de software","1",78,2.5,0.281874903624276,0.201417353600563,43,51,"Comercio al por mayor","Información en medios masivos"
431193,524130,"Comercio al por mayor de conservas alimenticias","Compañías afianzadoras","1",78,15.5,0.281874903624276,0.213940415730347,43,52,"Comercio al por mayor","Servicios financieros y de seguros"
431193,532412,"Comercio al por mayor de conservas alimenticias","Alquiler de equipo de transporte, excepto terrestre","1",78,8,0.281874903624276,0.273410240000319,43,53,"Comercio al por mayor","Servicios inmobiliarios y de alquiler de bienes muebles e intangibles"
431193,541350,"Comercio al por mayor de conservas alimenticias","Servicios de inspección de edificios","1",78,89,0.281874903624276,0.385511648068737,43,54,"Comercio al por mayor","Servicios profesionales, científicos y técnicos"
431193,541722,"Comercio al por mayor de conservas alimenticias","Servicios de investigación científica y desarrollo en ciencias sociales y humanidades, prestados por el sector público","1",78,75.5,0.281874903624276,0.3926697655495,43,54,"Comercio al por mayor","Servicios profesionales, científicos y técnicos"
431193,541820,"Comercio al por mayor de conservas alimenticias","Agencias de relaciones públicas","1",78,8,0.281874903624276,0.187220354878919,43,54,"Comercio al por mayor","Servicios profesionales, científicos y técnicos"
431193,541870,"Comercio al por mayor de conservas alimenticias","Distribución de material publicitario","1",78,2.5,0.281874903624276,0.297138636536386,43,54,"Comercio al por mayor","Servicios profesionales, científicos y técnicos"
431193,541910,"Comercio al por mayor de conservas alimenticias","Servicios de investigación de mercados y encuestas de opinión pública","1",78,41,0.281874903624276,0.182545817011302,43,54,"Comercio al por mayor","Servicios profesionales, científicos y técnicos"
431193,541990,"Comercio al por mayor de conservas alimenticias","Otros servicios profesionales, científicos y técnicos","1",78,5,0.281874903624276,0.252814701117202,43,54,"Comercio al por mayor","Servicios profesionales, científicos y técnicos"
431193,611431,"Comercio al por mayor de conservas alimenticias","Escuelas para la capacitación de ejecutivos del sector privado","1",78,43,0.281874903624276,0.329957515805206,43,61,"Comercio al por mayor","Servicios educativos"
431193,621114,"Comercio al por mayor de conservas alimenticias","Consultorios de medicina especializada del sector público","1",78,8,0.281874903624276,0.360460039424648,43,62,"Comercio al por mayor","Servicios de salud y de asistencia social"
431193,621411,"Comercio al por mayor de conservas alimenticias","Centros de planificación familiar del sector privado","1",78,36,0.281874903624276,0.295842120354262,43,62,"Comercio al por mayor","Servicios de salud y de asistencia social"
431193,621412,"Comercio al por mayor de conservas alimenticias","Centros de planificación familiar del sector público","1",78,20.5,0.281874903624276,0.452740413072709,43,62,"Comercio al por mayor","Servicios de salud y de asistencia social"
431193,621492,"Comercio al por mayor de conservas alimenticias","Otros centros del sector público para la atención de pacientes que no requieren hospitalización","1",78,20.5,0.281874903624276,0.410589166151199,43,62,"Comercio al por mayor","Servicios de salud y de asistencia social"
431193,621512,"Comercio al por mayor de conservas alimenticias","Laboratorios médicos y de diagnóstico del sector público","1",78,81,0.281874903624276,0.405751894001053,43,62,"Comercio al por mayor","Servicios de salud y de asistencia social"
431193,621992,"Comercio al por mayor de conservas alimenticias","Servicios de bancos de órganos, bancos de sangre y otros servicios auxiliares al tratamiento médico prestados por el sector público","1",78,40.5,0.281874903624276,0.437933820392971,43,62,"Comercio al por mayor","Servicios de salud y de asistencia social"
431193,624221,"Comercio al por mayor de conservas alimenticias","Refugios temporales comunitarios del sector privado","1",78,2.5,0.281874903624276,0.299862818722939,43,62,"Comercio al por mayor","Servicios de salud y de asistencia social"
431193,713299,"Comercio al por mayor de conservas alimenticias","Otros juegos de azar","1",78,478,0.281874903624276,0.270589016115023,43,71,"Comercio al por mayor","Servicios de esparcimiento culturales y deportivos, y otros servicios recreativos"
431193,713950,"Comercio al por mayor de conservas alimenticias","Boliches","1",78,28.5,0.281874903624276,0.289971036915563,43,71,"Comercio al por mayor","Servicios de esparcimiento culturales y deportivos, y otros servicios recreativos"
431193,931110,"Comercio al por mayor de conservas alimenticias","Órganos legislativos","1",78,326.5,0.281874903624276,0.425402710869892,43,93,"Comercio al por mayor","Actividades legislativas, gubernamentales, de impartición de justicia y de organismos internacionales y extraterritoriales"
431199,541219,"Comercio al por mayor de otros alimentos","Otros servicios técnicos relacionados con la contabilidad","0.6",153.5,12.5,0.286918488455809,0.283957858059453,43,54,"Comercio al por mayor","Servicios profesionales, científicos y técnicos"
431211,541211,"Comercio al por mayor de bebidas no alcohólicas y hielo","Servicios de contabilidad y auditoría","0.538461538461538",3777,1880,0.449028217653658,0.281492658129778,43,54,"Comercio al por mayor","Servicios profesionales, científicos y técnicos"
431211,561610,"Comercio al por mayor de bebidas no alcohólicas y hielo","Servicios de investigación y de protección y custodia, excepto mediante monitoreo","0.538461538461538",3777,3314.5,0.449028217653658,0.358153728440035,43,56,"Comercio al por mayor","Servicios de apoyo a los negocios y manejo de residuos, y servicios de remediación"
431212,431220,"Comercio al por mayor de vinos y licores","Comercio al por mayor de cigarros, puros y tabaco","1",21,61,0.210875508787304,0.321323089338725,43,43,"Comercio al por mayor","Comercio al por mayor"
431212,481210,"Comercio al por mayor de vinos y licores","Transporte aéreo no regular","1",21,8,0.210875508787304,0.244426385742583,43,48,"Comercio al por mayor","Transportes, correos y almacenamiento"
431212,484111,"Comercio al por mayor de vinos y licores","Autotransporte local de productos agrícolas sin refrigeración","1",21,2.5,0.210875508787304,0.283931217488884,43,48,"Comercio al por mayor","Transportes, correos y almacenamiento"
431212,486910,"Comercio al por mayor de vinos y licores","Transporte por ductos de productos refinados del petróleo","1",21,8,0.210875508787304,0.277077589218141,43,48,"Comercio al por mayor","Transportes, correos y almacenamiento"
431212,488112,"Comercio al por mayor de vinos y licores","Administración de aeropuertos y helipuertos","1",21,20.5,0.210875508787304,0.282745640603857,43,48,"Comercio al por mayor","Transportes, correos y almacenamiento"
431212,488190,"Comercio al por mayor de vinos y licores","Otros servicios relacionados con el transporte aéreo","1",21,43.5,0.210875508787304,0.283400741135613,43,48,"Comercio al por mayor","Transportes, correos y almacenamiento"
431212,488511,"Comercio al por mayor de vinos y licores","Servicios de agencias aduanales","1",21,7.5,0.210875508787304,0.269153349746806,43,48,"Comercio al por mayor","Transportes, correos y almacenamiento"
431212,513121,"Comercio al por mayor de vinos y licores","Edición de revistas y otras publicaciones periódicas en formato electrónico","1",21,2.5,0.210875508787304,0.302962498349444,43,51,"Comercio al por mayor","Información en medios masivos"
431212,513210,"Comercio al por mayor de vinos y licores","Edición de software","1",21,2.5,0.210875508787304,0.201417353600563,43,51,"Comercio al por mayor","Información en medios masivos"
431212,524130,"Comercio al por mayor de vinos y licores","Compañías afianzadoras","1",21,15.5,0.210875508787304,0.213940415730347,43,52,"Comercio al por mayor","Servicios financieros y de seguros"
431212,532412,"Comercio al por mayor de vinos y licores","Alquiler de equipo de transporte, excepto terrestre","1",21,8,0.210875508787304,0.273410240000319,43,53,"Comercio al por mayor","Servicios inmobiliarios y de alquiler de bienes muebles e intangibles"
431212,541350,"Comercio al por mayor de vinos y licores","Servicios de inspección de edificios","1",21,89,0.210875508787304,0.385511648068737,43,54,"Comercio al por mayor","Servicios profesionales, científicos y técnicos"
431212,541722,"Comercio al por mayor de vinos y licores","Servicios de investigación científica y desarrollo en ciencias sociales y humanidades, prestados por el sector público","1",21,75.5,0.210875508787304,0.3926697655495,43,54,"Comercio al por mayor","Servicios profesionales, científicos y técnicos"
431212,541820,"Comercio al por mayor de vinos y licores","Agencias de relaciones públicas","1",21,8,0.210875508787304,0.187220354878919,43,54,"Comercio al por mayor","Servicios profesionales, científicos y técnicos"
431212,541870,"Comercio al por mayor de vinos y licores","Distribución de material publicitario","1",21,2.5,0.210875508787304,0.297138636536386,43,54,"Comercio al por mayor","Servicios profesionales, científicos y técnicos"
431212,541910,"Comercio al por mayor de vinos y licores","Servicios de investigación de mercados y encuestas de opinión pública","1",21,41,0.210875508787304,0.182545817011302,43,54,"Comercio al por mayor","Servicios profesionales, científicos y técnicos"
431212,541990,"Comercio al por mayor de vinos y licores","Otros servicios profesionales, científicos y técnicos","1",21,5,0.210875508787304,0.252814701117202,43,54,"Comercio al por mayor","Servicios profesionales, científicos y técnicos"
431212,611431,"Comercio al por mayor de vinos y licores","Escuelas para la capacitación de ejecutivos del sector privado","1",21,43,0.210875508787304,0.329957515805206,43,61,"Comercio al por mayor","Servicios educativos"
431212,621114,"Comercio al por mayor de vinos y licores","Consultorios de medicina especializada del sector público","1",21,8,0.210875508787304,0.360460039424648,43,62,"Comercio al por mayor","Servicios de salud y de asistencia social"
431212,621411,"Comercio al por mayor de vinos y licores","Centros de planificación familiar del sector privado","1",21,36,0.210875508787304,0.295842120354262,43,62,"Comercio al por mayor","Servicios de salud y de asistencia social"
431212,621412,"Comercio al por mayor de vinos y licores","Centros de planificación familiar del sector público","1",21,20.5,0.210875508787304,0.452740413072709,43,62,"Comercio al por mayor","Servicios de salud y de asistencia social"
431212,621492,"Comercio al por mayor de vinos y licores","Otros centros del sector público para la atención de pacientes que no requieren hospitalización","1",21,20.5,0.210875508787304,0.410589166151199,43,62,"Comercio al por mayor","Servicios de salud y de asistencia social"
431212,621512,"Comercio al por mayor de vinos y licores","Laboratorios médicos y de diagnóstico del sector público","1",21,81,0.210875508787304,0.405751894001053,43,62,"Comercio al por mayor","Servicios de salud y de asistencia social"
431212,621992,"Comercio al por mayor de vinos y licores","Servicios de bancos de órganos, bancos de sangre y otros servicios auxiliares al tratamiento médico prestados por el sector público","1",21,40.5,0.210875508787304,0.437933820392971,43,62,"Comercio al por mayor","Servicios de salud y de asistencia social"
431212,624221,"Comercio al por mayor de vinos y licores","Refugios temporales comunitarios del sector privado","1",21,2.5,0.210875508787304,0.299862818722939,43,62,"Comercio al por mayor","Servicios de salud y de asistencia social"
431212,713299,"Comercio al por mayor de vinos y licores","Otros juegos de azar","1",21,478,0.210875508787304,0.270589016115023,43,71,"Comercio al por mayor","Servicios de esparcimiento culturales y deportivos, y otros servicios recreativos"
431212,713950,"Comercio al por mayor de vinos y licores","Boliches","1",21,28.5,0.210875508787304,0.289971036915563,43,71,"Comercio al por mayor","Servicios de esparcimiento culturales y deportivos, y otros servicios recreativos"
431212,931110,"Comercio al por mayor de vinos y licores","Órganos legislativos","1",21,326.5,0.210875508787304,0.425402710869892,43,93,"Comercio al por mayor","Actividades legislativas, gubernamentales, de impartición de justicia y de organismos internacionales y extraterritoriales"
431213,485111,"Comercio al por mayor de cerveza","Transporte colectivo urbano y suburbano de pasajeros en autobuses de ruta fija","0.444444444444444",663,1748,0.388005674982065,0.387527313375367,43,48,"Comercio al por mayor","Transportes, correos y almacenamiento"
431220,481210,"Comercio al por mayor de cigarros, puros y tabaco","Transporte aéreo no regular","1",61,8,0.321323089338725,0.244426385742583,43,48,"Comercio al por mayor","Transportes, correos y almacenamiento"
431220,484111,"Comercio al por mayor de cigarros, puros y tabaco","Autotransporte local de productos agrícolas sin refrigeración","1",61,2.5,0.321323089338725,0.283931217488884,43,48,"Comercio al por mayor","Transportes, correos y almacenamiento"
431220,486910,"Comercio al por mayor de cigarros, puros y tabaco","Transporte por ductos de productos refinados del petróleo","1",61,8,0.321323089338725,0.277077589218141,43,48,"Comercio al por mayor","Transportes, correos y almacenamiento"
431220,488112,"Comercio al por mayor de cigarros, puros y tabaco","Administración de aeropuertos y helipuertos","1",61,20.5,0.321323089338725,0.282745640603857,43,48,"Comercio al por mayor","Transportes, correos y almacenamiento"
431220,488190,"Comercio al por mayor de cigarros, puros y tabaco","Otros servicios relacionados con el transporte aéreo","1",61,43.5,0.321323089338725,0.283400741135613,43,48,"Comercio al por mayor","Transportes, correos y almacenamiento"
431220,488511,"Comercio al por mayor de cigarros, puros y tabaco","Servicios de agencias aduanales","1",61,7.5,0.321323089338725,0.269153349746806,43,48,"Comercio al por mayor","Transportes, correos y almacenamiento"
431220,513121,"Comercio al por mayor de cigarros, puros y tabaco","Edición de revistas y otras publicaciones periódicas en formato electrónico","1",61,2.5,0.321323089338725,0.302962498349444,43,51,"Comercio al por mayor","Información en medios masivos"
431220,513210,"Comercio al por mayor de cigarros, puros y tabaco","Edición de software","1",61,2.5,0.321323089338725,0.201417353600563,43,51,"Comercio al por mayor","Información en medios masivos"
431220,524130,"Comercio al por mayor de cigarros, puros y tabaco","Compañías afianzadoras","1",61,15.5,0.321323089338725,0.213940415730347,43,52,"Comercio al por mayor","Servicios financieros y de seguros"
431220,532412,"Comercio al por mayor de cigarros, puros y tabaco","Alquiler de equipo de transporte, excepto terrestre","1",61,8,0.321323089338725,0.273410240000319,43,53,"Comercio al por mayor","Servicios inmobiliarios y de alquiler de bienes muebles e intangibles"
431220,541350,"Comercio al por mayor de cigarros, puros y tabaco","Servicios de inspección de edificios","1",61,89,0.321323089338725,0.385511648068737,43,54,"Comercio al por mayor","Servicios profesionales, científicos y técnicos"
431220,541722,"Comercio al por mayor de cigarros, puros y tabaco","Servicios de investigación científica y desarrollo en ciencias sociales y humanidades, prestados por el sector público","1",61,75.5,0.321323089338725,0.3926697655495,43,54,"Comercio al por mayor","Servicios profesionales, científicos y técnicos"
431220,541820,"Comercio al por mayor de cigarros, puros y tabaco","Agencias de relaciones públicas","1",61,8,0.321323089338725,0.187220354878919,43,54,"Comercio al por mayor","Servicios profesionales, científicos y técnicos"
431220,541870,"Comercio al por mayor de cigarros, puros y tabaco","Distribución de material publicitario","1",61,2.5,0.321323089338725,0.297138636536386,43,54,"Comercio al por mayor","Servicios profesionales, científicos y técnicos"
431220,541910,"Comercio al por mayor de cigarros, puros y tabaco","Servicios de investigación de mercados y encuestas de opinión pública","1",61,41,0.321323089338725,0.182545817011302,43,54,"Comercio al por mayor","Servicios profesionales, científicos y técnicos"
431220,541990,"Comercio al por mayor de cigarros, puros y tabaco","Otros servicios profesionales, científicos y técnicos","1",61,5,0.321323089338725,0.252814701117202,43,54,"Comercio al por mayor","Servicios profesionales, científicos y técnicos"
431220,561740,"Comercio al por mayor de cigarros, puros y tabaco","Servicios de limpieza de tapicería, alfombras y muebles","0.5",61,5,0.321323089338725,0.328246531979337,43,56,"Comercio al por mayor","Servicios de apoyo a los negocios y manejo de residuos, y servicios de remediación"
431220,611431,"Comercio al por mayor de cigarros, puros y tabaco","Escuelas para la capacitación de ejecutivos del sector privado","1",61,43,0.321323089338725,0.329957515805206,43,61,"Comercio al por mayor","Servicios educativos"
431220,621114,"Comercio al por mayor de cigarros, puros y tabaco","Consultorios de medicina especializada del sector público","1",61,8,0.321323089338725,0.360460039424648,43,62,"Comercio al por mayor","Servicios de salud y de asistencia social"
431220,621411,"Comercio al por mayor de cigarros, puros y tabaco","Centros de planificación familiar del sector privado","1",61,36,0.321323089338725,0.295842120354262,43,62,"Comercio al por mayor","Servicios de salud y de asistencia social"
431220,621412,"Comercio al por mayor de cigarros, puros y tabaco","Centros de planificación familiar del sector público","1",61,20.5,0.321323089338725,0.452740413072709,43,62,"Comercio al por mayor","Servicios de salud y de asistencia social"
431220,621492,"Comercio al por mayor de cigarros, puros y tabaco","Otros centros del sector público para la atención de pacientes que no requieren hospitalización","1",61,20.5,0.321323089338725,0.410589166151199,43,62,"Comercio al por mayor","Servicios de salud y de asistencia social"
431220,621512,"Comercio al por mayor de cigarros, puros y tabaco","Laboratorios médicos y de diagnóstico del sector público","1",61,81,0.321323089338725,0.405751894001053,43,62,"Comercio al por mayor","Servicios de salud y de asistencia social"
431220,621992,"Comercio al por mayor de cigarros, puros y tabaco","Servicios de bancos de órganos, bancos de sangre y otros servicios auxiliares al tratamiento médico prestados por el sector público","1",61,40.5,0.321323089338725,0.437933820392971,43,62,"Comercio al por mayor","Servicios de salud y de asistencia social"
431220,624221,"Comercio al por mayor de cigarros, puros y tabaco","Refugios temporales comunitarios del sector privado","1",61,2.5,0.321323089338725,0.299862818722939,43,62,"Comercio al por mayor","Servicios de salud y de asistencia social"
431220,713299,"Comercio al por mayor de cigarros, puros y tabaco","Otros juegos de azar","1",61,478,0.321323089338725,0.270589016115023,43,71,"Comercio al por mayor","Servicios de esparcimiento culturales y deportivos, y otros servicios recreativos"
431220,713950,"Comercio al por mayor de cigarros, puros y tabaco","Boliches","1",61,28.5,0.321323089338725,0.289971036915563,43,71,"Comercio al por mayor","Servicios de esparcimiento culturales y deportivos, y otros servicios recreativos"
431220,931110,"Comercio al por mayor de cigarros, puros y tabaco","Órganos legislativos","1",61,326.5,0.321323089338725,0.425402710869892,43,93,"Comercio al por mayor","Actividades legislativas, gubernamentales, de impartición de justicia y de organismos internacionales y extraterritoriales"
432112,493130,"Comercio al por mayor de blancos","Almacenamiento de productos agrícolas que no requieren refrigeración","0.5",5,5,0.289010480862957,0.276351423268042,43,49,"Comercio al por mayor","Transportes, correos y almacenamiento"
432112,624198,"Comercio al por mayor de blancos","Otros servicios de orientación y trabajo social prestados por el sector privado","0.666666666666667",5,36,0.289010480862957,0.340001190441839,43,62,"Comercio al por mayor","Servicios de salud y de asistencia social"
432112,713941,"Comercio al por mayor de blancos","Clubes deportivos del sector privado","0.666666666666667",5,265.5,0.289010480862957,0.313568790385847,43,71,"Comercio al por mayor","Servicios de esparcimiento culturales y deportivos, y otros servicios recreativos"
432113,434229,"Comercio al por mayor de cueros y pieles","Comercio al por mayor de otras materias primas para otras industrias","0.5",25.5,137,0.254089200572089,0.278360611626002,43,43,"Comercio al por mayor","Comercio al por mayor"
432119,434240,"Comercio al por mayor de otros productos textiles","Comercio al por mayor de artículos desechables","0.625",70.5,231,0.268908875257237,0.358703958982514,43,43,"Comercio al por mayor","Comercio al por mayor"
432119,621421,"Comercio al por mayor de otros productos textiles","Centros del sector privado de atención médica externa para enfermos mentales y adictos","0.5",70.5,103.5,0.268908875257237,0.342270720885342,43,62,"Comercio al por mayor","Servicios de salud y de asistencia social"
432120,811312,"Comercio al por mayor de ropa, bisutería y accesorios de vestir","Reparación y mantenimiento de maquinaria y equipo industrial","0.454545454545455",144,1574.5,0.258338627238545,0.323539907756486,43,81,"Comercio al por mayor","Otros servicios excepto actividades gubernamentales"
432130,516210,"Comercio al por mayor de calzado","Servicios de distribución de audio y video en tiempo real (streaming), redes sociales, cadenas de radio y televisión y otros proveedores de contenido","0.6",46.5,49,0.268771007586286,0.257833341323185,43,51,"Comercio al por mayor","Información en medios masivos"
432130,518210,"Comercio al por mayor de calzado","Provisión de infraestructura de servicios de cómputo, procesamiento de datos, hospedaje de páginas de internet y otros servicios relacionados","0.75",46.5,46,0.268771007586286,0.293183874802029,43,51,"Comercio al por mayor","Información en medios masivos"
433110,433420,"Comercio al por mayor de productos farmacéuticos","Comercio al por mayor de libros","1",892.5,7.5,0.210068641814275,0.252671440827217,43,43,"Comercio al por mayor","Comercio al por mayor"
433110,433510,"Comercio al por mayor de productos farmacéuticos","Comercio al por mayor de electrodomésticos menores y aparatos de línea blanca","0.666666666666667",892.5,15,0.210068641814275,0.289061034173705,43,43,"Comercio al por mayor","Comercio al por mayor"
433110,435412,"Comercio al por mayor de productos farmacéuticos","Comercio al por mayor de mobiliario y equipo de oficina","0.666666666666667",892.5,110,0.210068641814275,0.267374268855096,43,43,"Comercio al por mayor","Comercio al por mayor"
433110,484233,"Comercio al por mayor de productos farmacéuticos","Autotransporte foráneo con refrigeración","1",892.5,28,0.210068641814275,0.283455817162993,43,48,"Comercio al por mayor","Transportes, correos y almacenamiento"
433110,492110,"Comercio al por mayor de productos farmacéuticos","Servicios de mensajería y paquetería foránea","0.666666666666667",892.5,819.5,0.210068641814275,0.263712467021215,43,49,"Comercio al por mayor","Transportes, correos y almacenamiento"
433110,541712,"Comercio al por mayor de productos farmacéuticos","Servicios de investigación científica y desarrollo en ciencias naturales y exactas, ingeniería, y ciencias de la vida, prestados por el sector público","0.666666666666667",892.5,31,0.210068641814275,0.314153804805243,43,54,"Comercio al por mayor","Servicios profesionales, científicos y técnicos"
433110,561422,"Comercio al por mayor de productos farmacéuticos","Servicios de recepción de llamadas telefónicas y promoción por teléfono","1",892.5,925.5,0.210068641814275,0.320599369124025,43,56,"Comercio al por mayor","Servicios de apoyo a los negocios y manejo de residuos, y servicios de remediación"
433110,611212,"Comercio al por mayor de productos farmacéuticos","Escuelas de educación técnica superior del sector público","0.666666666666667",892.5,347,0.210068641814275,0.389192805363615,43,61,"Comercio al por mayor","Servicios educativos"
433110,623222,"Comercio al por mayor de productos farmacéuticos","Residencias del sector público para el cuidado de personas con problemas de trastorno mental y adicción","0.666666666666667",892.5,63.5,0.210068641814275,0.390894389227496,43,62,"Comercio al por mayor","Servicios de salud y de asistencia social"
433210,485990,"Comercio al por mayor de artículos de perfumería y cosméticos","Otro transporte terrestre de pasajeros","0.5",72,74.5,0.216335430245944,0.386970954678869,43,48,"Comercio al por mayor","Transportes, correos y almacenamiento"
433210,541410,"Comercio al por mayor de artículos de perfumería y cosméticos","Diseño y decoración de interiores","0.666666666666667",72,58,0.216335430245944,0.256704600084724,43,54,"Comercio al por mayor","Servicios profesionales, científicos y técnicos"
433220,622111,"Comercio al por mayor de artículos de joyería y relojes","Hospitales generales del sector privado","0.571428571428571",50.5,1769.5,0.227990441662114,0.284171250864315,43,62,"Comercio al por mayor","Servicios de salud y de asistencia social"
433220,931810,"Comercio al por mayor de artículos de joyería y relojes","Actividades de seguridad nacional","0.428571428571429",50.5,764.5,0.227990441662114,0.372946930839662,43,93,"Comercio al por mayor","Actividades legislativas, gubernamentales, de impartición de justicia y de organismos internacionales y extraterritoriales"
433311,713114,"Comercio al por mayor de grabaciones de audio y video en medios físicos","Parques acuáticos y balnearios del sector público","0.5",2.5,10.5,0.17256816397201,0.315620869887607,43,71,"Comercio al por mayor","Servicios de esparcimiento culturales y deportivos, y otros servicios recreativos"
433312,519211,"Comercio al por mayor de juguetes y bicicletas","Bibliotecas y archivos del sector privado","0.6",17.5,18,0.258196010738845,0.348736391344385,43,51,"Comercio al por mayor","Información en medios masivos"
433312,531114,"Comercio al por mayor de juguetes y bicicletas","Alquiler sin intermediación de oficinas y locales comerciales","0.75",17.5,253.5,0.258196010738845,0.271912551221367,43,53,"Comercio al por mayor","Servicios inmobiliarios y de alquiler de bienes muebles e intangibles"
433312,541219,"Comercio al por mayor de juguetes y bicicletas","Otros servicios técnicos relacionados con la contabilidad","0.75",17.5,12.5,0.258196010738845,0.283957858059453,43,54,"Comercio al por mayor","Servicios profesionales, científicos y técnicos"
433410,621421,"Comercio al por mayor de artículos de papelería","Centros del sector privado de atención médica externa para enfermos mentales y adictos","0.5",238,103.5,0.287987033440608,0.342270720885342,43,62,"Comercio al por mayor","Servicios de salud y de asistencia social"
433420,433510,"Comercio al por mayor de libros","Comercio al por mayor de electrodomésticos menores y aparatos de línea blanca","0.666666666666667",7.5,15,0.252671440827217,0.289061034173705,43,43,"Comercio al por mayor","Comercio al por mayor"
433420,435412,"Comercio al por mayor de libros","Comercio al por mayor de mobiliario y equipo de oficina","0.666666666666667",7.5,110,0.252671440827217,0.267374268855096,43,43,"Comercio al por mayor","Comercio al por mayor"
433420,484233,"Comercio al por mayor de libros","Autotransporte foráneo con refrigeración","1",7.5,28,0.252671440827217,0.283455817162993,43,48,"Comercio al por mayor","Transportes, correos y almacenamiento"
433420,492110,"Comercio al por mayor de libros","Servicios de mensajería y paquetería foránea","0.666666666666667",7.5,819.5,0.252671440827217,0.263712467021215,43,49,"Comercio al por mayor","Transportes, correos y almacenamiento"
433420,541712,"Comercio al por mayor de libros","Servicios de investigación científica y desarrollo en ciencias naturales y exactas, ingeniería, y ciencias de la vida, prestados por el sector público","0.666666666666667",7.5,31,0.252671440827217,0.314153804805243,43,54,"Comercio al por mayor","Servicios profesionales, científicos y técnicos"
433420,561422,"Comercio al por mayor de libros","Servicios de recepción de llamadas telefónicas y promoción por teléfono","1",7.5,925.5,0.252671440827217,0.320599369124025,43,56,"Comercio al por mayor","Servicios de apoyo a los negocios y manejo de residuos, y servicios de remediación"
433420,611212,"Comercio al por mayor de libros","Escuelas de educación técnica superior del sector público","0.666666666666667",7.5,347,0.252671440827217,0.389192805363615,43,61,"Comercio al por mayor","Servicios educativos"
433420,623222,"Comercio al por mayor de libros","Residencias del sector público para el cuidado de personas con problemas de trastorno mental y adicción","0.666666666666667",7.5,63.5,0.252671440827217,0.390894389227496,43,62,"Comercio al por mayor","Servicios de salud y de asistencia social"
433430,713114,"Comercio al por mayor de revistas y periódicos","Parques acuáticos y balnearios del sector público","0.5",5,10.5,0.249266791270407,0.315620869887607,43,71,"Comercio al por mayor","Servicios de esparcimiento culturales y deportivos, y otros servicios recreativos"
433430,721210,"Comercio al por mayor de revistas y periódicos","Campamentos y albergues recreativos","0.5",5,2.5,0.249266791270407,0.347708226805699,43,72,"Comercio al por mayor","Servicios de alojamiento temporal y de preparación de alimentos y bebidas"
433510,435412,"Comercio al por mayor de electrodomésticos menores y aparatos de línea blanca","Comercio al por mayor de mobiliario y equipo de oficina","0.666666666666667",15,110,0.289061034173705,0.267374268855096,43,43,"Comercio al por mayor","Comercio al por mayor"
433510,484233,"Comercio al por mayor de electrodomésticos menores y aparatos de línea blanca","Autotransporte foráneo con refrigeración","0.666666666666667",15,28,0.289061034173705,0.283455817162993,43,48,"Comercio al por mayor","Transportes, correos y almacenamiento"
433510,492110,"Comercio al por mayor de electrodomésticos menores y aparatos de línea blanca","Servicios de mensajería y paquetería foránea","0.666666666666667",15,819.5,0.289061034173705,0.263712467021215,43,49,"Comercio al por mayor","Transportes, correos y almacenamiento"
433510,513112,"Comercio al por mayor de electrodomésticos menores y aparatos de línea blanca","Edición de periódicos integrada con la impresión","0.666666666666667",15,282.5,0.289061034173705,0.277339849788849,43,51,"Comercio al por mayor","Información en medios masivos"
433510,541712,"Comercio al por mayor de electrodomésticos menores y aparatos de línea blanca","Servicios de investigación científica y desarrollo en ciencias naturales y exactas, ingeniería, y ciencias de la vida, prestados por el sector público","0.666666666666667",15,31,0.289061034173705,0.314153804805243,43,54,"Comercio al por mayor","Servicios profesionales, científicos y técnicos"
433510,561422,"Comercio al por mayor de electrodomésticos menores y aparatos de línea blanca","Servicios de recepción de llamadas telefónicas y promoción por teléfono","0.666666666666667",15,925.5,0.289061034173705,0.320599369124025,43,56,"Comercio al por mayor","Servicios de apoyo a los negocios y manejo de residuos, y servicios de remediación"
433510,561590,"Comercio al por mayor de electrodomésticos menores y aparatos de línea blanca","Otros servicios de reservaciones","0.666666666666667",15,13,0.289061034173705,0.241756197886356,43,56,"Comercio al por mayor","Servicios de apoyo a los negocios y manejo de residuos, y servicios de remediación"
433510,611212,"Comercio al por mayor de electrodomésticos menores y aparatos de línea blanca","Escuelas de educación técnica superior del sector público","0.666666666666667",15,347,0.289061034173705,0.389192805363615,43,61,"Comercio al por mayor","Servicios educativos"
433510,623222,"Comercio al por mayor de electrodomésticos menores y aparatos de línea blanca","Residencias del sector público para el cuidado de personas con problemas de trastorno mental y adicción","0.666666666666667",15,63.5,0.289061034173705,0.390894389227496,43,62,"Comercio al por mayor","Servicios de salud y de asistencia social"
434112,461110,"Comercio al por mayor de medicamentos veterinarios y alimentos para animales, excepto mascotas","Comercio al por menor en tiendas de abarrotes, ultramarinos y misceláneas","0.655172413793103",1863.5,43718,0.472847466201514,0.524835380675089,43,46,"Comercio al por mayor","Comercio al por menor"
434112,461121,"Comercio al por mayor de medicamentos veterinarios y alimentos para animales, excepto mascotas","Comercio al por menor de carnes rojas","0.705882352941177",1863.5,5239.5,0.472847466201514,0.433012119263974,43,46,"Comercio al por mayor","Comercio al por menor"
434112,463113,"Comercio al por mayor de medicamentos veterinarios y alimentos para animales, excepto mascotas","Comercio al por menor de artículos de mercería y bonetería","0.693877551020408",1863.5,1308.5,0.472847466201514,0.486097608618326,43,46,"Comercio al por mayor","Comercio al por menor"
434112,463211,"Comercio al por mayor de medicamentos veterinarios y alimentos para animales, excepto mascotas","Comercio al por menor de ropa, excepto de bebé y lencería","0.693877551020408",1863.5,14388.5,0.472847466201514,0.48941921885538,43,46,"Comercio al por mayor","Comercio al por menor"
434112,465912,"Comercio al por mayor de medicamentos veterinarios y alimentos para animales, excepto mascotas","Comercio al por menor de regalos","0.705882352941177",1863.5,7820,0.472847466201514,0.505022853356727,43,46,"Comercio al por mayor","Comercio al por menor"
434112,466312,"Comercio al por mayor de medicamentos veterinarios y alimentos para animales, excepto mascotas","Comercio al por menor de plantas y flores naturales","0.673469387755102",1863.5,3354,0.472847466201514,0.470659399320998,43,46,"Comercio al por mayor","Comercio al por menor"
434112,467114,"Comercio al por mayor de medicamentos veterinarios y alimentos para animales, excepto mascotas","Comercio al por menor de vidrios y espejos","0.693877551020408",1863.5,2129,0.472847466201514,0.475997410792549,43,46,"Comercio al por mayor","Comercio al por menor"
434112,522210,"Comercio al por mayor de medicamentos veterinarios y alimentos para animales, excepto mascotas","Banca de desarrollo","0.672727272727273",1863.5,411.5,0.472847466201514,0.478588919880533,43,52,"Comercio al por mayor","Servicios financieros y de seguros"
434112,532282,"Comercio al por mayor de medicamentos veterinarios y alimentos para animales, excepto mascotas","Alquiler de mesas, sillas, vajillas y similares","0.755102040816326",1863.5,1173,0.472847466201514,0.473045589530131,43,53,"Comercio al por mayor","Servicios inmobiliarios y de alquiler de bienes muebles e intangibles"
434112,541920,"Comercio al por mayor de medicamentos veterinarios y alimentos para animales, excepto mascotas","Servicios de fotografía y videograbación","0.63265306122449",1863.5,824,0.472847466201514,0.478459062888812,43,54,"Comercio al por mayor","Servicios profesionales, científicos y técnicos"
434112,561432,"Comercio al por mayor de medicamentos veterinarios y alimentos para animales, excepto mascotas","Servicios de acceso a computadoras","0.705882352941177",1863.5,1946.5,0.472847466201514,0.525132573213025,43,56,"Comercio al por mayor","Servicios de apoyo a los negocios y manejo de residuos, y servicios de remediación"
434112,624212,"Comercio al por mayor de medicamentos veterinarios y alimentos para animales, excepto mascotas","Servicios de alimentación comunitarios prestados por el sector público","0.673469387755102",1863.5,519,0.472847466201514,0.411337102493397,43,62,"Comercio al por mayor","Servicios de salud y de asistencia social"
434112,722517,"Comercio al por mayor de medicamentos veterinarios y alimentos para animales, excepto mascotas","Restaurantes con servicio de preparación de pizzas, hamburguesas, hot dogs y pollos rostizados para llevar","0.693877551020408",1863.5,6307.5,0.472847466201514,0.388196365290505,43,72,"Comercio al por mayor","Servicios de alojamiento temporal y de preparación de alimentos y bebidas"
434112,812310,"Comercio al por mayor de medicamentos veterinarios y alimentos para animales, excepto mascotas","Servicios funerarios","0.693877551020408",1863.5,891.5,0.472847466201514,0.364736566379803,43,81,"Comercio al por mayor","Otros servicios excepto actividades gubernamentales"
434211,463211,"Comercio al por mayor de cemento, tabique y grava","Comercio al por menor de ropa, excepto de bebé y lencería","0.653061224489796",2454.5,14388.5,0.459064652276101,0.48941921885538,43,46,"Comercio al por mayor","Comercio al por menor"
434211,813210,"Comercio al por mayor de cemento, tabique y grava","Asociaciones y organizaciones religiosas","0.68",2454.5,6569.5,0.459064652276101,0.366897866752468,43,81,"Comercio al por mayor","Otros servicios excepto actividades gubernamentales"
434219,541850,"Comercio al por mayor de otros materiales para la construcción, excepto de madera y metálicos","Agencias de anuncios publicitarios","0.5",271,73.5,0.261686990680843,0.261646300244169,43,54,"Comercio al por mayor","Servicios profesionales, científicos y técnicos"
434219,611111,"Comercio al por mayor de otros materiales para la construcción, excepto de madera y metálicos","Escuelas de educación preescolar y centros de estimulación temprana del sector privado","0.5",271,1206.5,0.261686990680843,0.317583716163985,43,61,"Comercio al por mayor","Servicios educativos"
434219,611511,"Comercio al por mayor de otros materiales para la construcción, excepto de madera y metálicos","Escuelas del sector privado dedicadas a la enseñanza de oficios","0.6",271,489.5,0.261686990680843,0.4154605365576,43,61,"Comercio al por mayor","Servicios educativos"
434219,713113,"Comercio al por mayor de otros materiales para la construcción, excepto de madera y metálicos","Parques acuáticos y balnearios del sector privado","0.4",271,462,0.261686990680843,0.453335651188235,43,71,"Comercio al por mayor","Servicios de esparcimiento culturales y deportivos, y otros servicios recreativos"
434221,561610,"Comercio al por mayor de materiales metálicos para la construcción y la manufactura","Servicios de investigación y de protección y custodia, excepto mediante monitoreo","0.555555555555556",1169.5,3314.5,0.286215223274462,0.358153728440035,43,56,"Comercio al por mayor","Servicios de apoyo a los negocios y manejo de residuos, y servicios de remediación"
434222,561730,"Comercio al por mayor de productos químicos para la industria farmacéutica y para otro uso industrial","Servicios de instalación y mantenimiento de áreas verdes","0.666666666666667",387.5,56.5,0.260581546200179,0.251337725067036,43,56,"Comercio al por mayor","Servicios de apoyo a los negocios y manejo de residuos, y servicios de remediación"
434222,811312,"Comercio al por mayor de productos químicos para la industria farmacéutica y para otro uso industrial","Reparación y mantenimiento de maquinaria y equipo industrial","0.545454545454545",387.5,1574.5,0.260581546200179,0.323539907756486,43,81,"Comercio al por mayor","Otros servicios excepto actividades gubernamentales"
434224,611621,"Comercio al por mayor de madera para la construcción y la industria","Escuelas de deporte del sector privado","0.52",657,664.5,0.293762421481469,0.349849494750553,43,61,"Comercio al por mayor","Servicios educativos"
434224,713943,"Comercio al por mayor de madera para la construcción y la industria","Centros de acondicionamiento físico del sector privado","0.52",657,2577,0.293762421481469,0.39233564350558,43,71,"Comercio al por mayor","Servicios de esparcimiento culturales y deportivos, y otros servicios recreativos"
434224,812990,"Comercio al por mayor de madera para la construcción y la industria","Otros servicios personales","0.48",657,527.5,0.293762421481469,0.386988924919222,43,81,"Comercio al por mayor","Otros servicios excepto actividades gubernamentales"
434225,561990,"Comercio al por mayor de equipo y material eléctrico","Otros servicios de apoyo a los negocios","0.357142857142857",848.5,196.5,0.226613475069855,0.256884897707116,43,56,"Comercio al por mayor","Servicios de apoyo a los negocios y manejo de residuos, y servicios de remediación"
434225,611171,"Comercio al por mayor de equipo y material eléctrico","Escuelas del sector privado que combinan diversos niveles de educación","0.428571428571429",848.5,5819,0.226613475069855,0.296069417930392,43,61,"Comercio al por mayor","Servicios educativos"
434226,561620,"Comercio al por mayor de pintura","Servicios de protección y custodia mediante el monitoreo de sistemas de seguridad","0.5",106.5,328.5,0.264863959417775,0.283860086459228,43,56,"Comercio al por mayor","Servicios de apoyo a los negocios y manejo de residuos, y servicios de remediación"
434227,561620,"Comercio al por mayor de vidrios y espejos","Servicios de protección y custodia mediante el monitoreo de sistemas de seguridad","0.714285714285714",40.5,328.5,0.321939612378085,0.283860086459228,43,56,"Comercio al por mayor","Servicios de apoyo a los negocios y manejo de residuos, y servicios de remediación"
434227,713111,"Comercio al por mayor de vidrios y espejos","Parques de diversiones y temáticos del sector privado","0.571428571428571",40.5,57.5,0.321939612378085,0.2739138423465,43,71,"Comercio al por mayor","Servicios de esparcimiento culturales y deportivos, y otros servicios recreativos"
434228,468211,"Comercio al por mayor de ganado y aves en pie","Comercio al por menor de partes y refacciones nuevas para automóviles, camionetas y camiones","0.611111111111111",138.5,4811,0.367067272543217,0.352899386675477,43,46,"Comercio al por mayor","Comercio al por menor"
434228,711510,"Comercio al por mayor de ganado y aves en pie","Artistas, escritores y técnicos independientes","0.529411764705882",138.5,58,0.367067272543217,0.375131531039644,43,71,"Comercio al por mayor","Servicios de esparcimiento culturales y deportivos, y otros servicios recreativos"
434228,811114,"Comercio al por mayor de ganado y aves en pie","Reparación de transmisiones de automóviles y camiones","0.588235294117647",138.5,429.5,0.367067272543217,0.368640914363755,43,81,"Comercio al por mayor","Otros servicios excepto actividades gubernamentales"
434229,561710,"Comercio al por mayor de otras materias primas para otras industrias","Servicios de control y exterminación de plagas","0.625",137,69,0.278360611626002,0.322265241371142,43,56,"Comercio al por mayor","Servicios de apoyo a los negocios y manejo de residuos, y servicios de remediación"
434311,561431,"Comercio al por mayor de desechos metálicos","Servicios de fotocopiado, fax y afines","0.5",650,527,0.289936278946103,0.428318887420971,43,56,"Comercio al por mayor","Servicios de apoyo a los negocios y manejo de residuos, y servicios de remediación"
434312,522452,"Comercio al por mayor de desechos de papel y de cartón","Casas de empeño","0.533333333333333",164.5,623.5,0.290931952834358,0.313215967021921,43,52,"Comercio al por mayor","Servicios financieros y de seguros"
434313,561730,"Comercio al por mayor de desechos de vidrio","Servicios de instalación y mantenimiento de áreas verdes","0.625",71,56.5,0.43217142648781,0.251337725067036,43,56,"Comercio al por mayor","Servicios de apoyo a los negocios y manejo de residuos, y servicios de remediación"
434313,624312,"Comercio al por mayor de desechos de vidrio","Servicios de capacitación para el trabajo prestados por el sector público para personas desempleadas, subempleadas o con discapacidad","0.625",71,300,0.43217142648781,0.450797751251427,43,62,"Comercio al por mayor","Servicios de salud y de asistencia social"
434313,811313,"Comercio al por mayor de desechos de vidrio","Reparación y mantenimiento de maquinaria y equipo para mover, levantar y acomodar materiales","0.625",71,25,0.43217142648781,0.285962430520241,43,81,"Comercio al por mayor","Otros servicios excepto actividades gubernamentales"
434314,811314,"Comercio al por mayor de desechos de plástico","Reparación y mantenimiento de maquinaria y equipo comercial y de servicios","0.523809523809524",175,135.5,0.339043119975694,0.364439390727056,43,81,"Comercio al por mayor","Otros servicios excepto actividades gubernamentales"
434319,467117,"Comercio al por mayor de otros materiales de desecho","Comercio al por menor de artículos para albercas y otros artículos","0.5",131,440.5,0.318016875252253,0.394023505779789,43,46,"Comercio al por mayor","Comercio al por menor"
435110,722512,"Comercio al por mayor de maquinaria y equipo agropecuario, forestal y para la pesca","Restaurantes con servicio de preparación de pescados y mariscos","0.444444444444444",393,1982,0.351754604259253,0.343074473929322,43,72,"Comercio al por mayor","Servicios de alojamiento temporal y de preparación de alimentos y bebidas"
435210,468111,"Comercio al por mayor de maquinaria y equipo para la construcción y la minería","Comercio al por menor de automóviles y camionetas nuevos","0.75",207.5,2690.5,0.317053979622804,0.293622530823277,43,46,"Comercio al por mayor","Comercio al por menor"
435210,541219,"Comercio al por mayor de maquinaria y equipo para la construcción y la minería","Otros servicios técnicos relacionados con la contabilidad","0.75",207.5,12.5,0.317053979622804,0.283957858059453,43,54,"Comercio al por mayor","Servicios profesionales, científicos y técnicos"
435210,541712,"Comercio al por mayor de maquinaria y equipo para la construcción y la minería","Servicios de investigación científica y desarrollo en ciencias naturales y exactas, ingeniería, y ciencias de la vida, prestados por el sector público","0.75",207.5,31,0.317053979622804,0.314153804805243,43,54,"Comercio al por mayor","Servicios profesionales, científicos y técnicos"
435210,623991,"Comercio al por mayor de maquinaria y equipo para la construcción y la minería","Orfanatos y otras residencias de asistencia social del sector privado","0.75",207.5,53.5,0.317053979622804,0.278917746921517,43,62,"Comercio al por mayor","Servicios de salud y de asistencia social"
435311,713111,"Comercio al por mayor de equipo de telecomunicaciones, fotografía y cinematografía","Parques de diversiones y temáticos del sector privado","0.5",159,57.5,0.241607834172734,0.2739138423465,43,71,"Comercio al por mayor","Servicios de esparcimiento culturales y deportivos, y otros servicios recreativos"
435312,461220,"Comercio al por mayor de artículos y accesorios para diseño y pintura artística","Comercio al por menor de cigarros, puros y tabaco","0.5",45.5,15,0.230683253710343,0.266470384056286,43,46,"Comercio al por mayor","Comercio al por menor"
435312,931710,"Comercio al por mayor de artículos y accesorios para diseño y pintura artística","Relaciones exteriores","0.5",45.5,94,0.230683253710343,0.360265347122579,43,93,"Comercio al por mayor","Actividades legislativas, gubernamentales, de impartición de justicia y de organismos internacionales y extraterritoriales"
435313,519211,"Comercio al por mayor de mobiliario, equipo e instrumental médico y de laboratorio","Bibliotecas y archivos del sector privado","0.625",214.5,18,0.192597584754579,0.348736391344385,43,51,"Comercio al por mayor","Información en medios masivos"
435313,531311,"Comercio al por mayor de mobiliario, equipo e instrumental médico y de laboratorio","Servicios de administración de bienes raíces","0.454545454545455",214.5,417.5,0.192597584754579,0.277956146744916,43,53,"Comercio al por mayor","Servicios inmobiliarios y de alquiler de bienes muebles e intangibles"
435313,541340,"Comercio al por mayor de mobiliario, equipo e instrumental médico y de laboratorio","Servicios de dibujo","0.625",214.5,33,0.192597584754579,0.290263251360823,43,54,"Comercio al por mayor","Servicios profesionales, científicos y técnicos"
435319,611171,"Comercio al por mayor de maquinaria y equipo para otros servicios y para actividades comerciales","Escuelas del sector privado que combinan diversos niveles de educación","0.5",272,5819,0.243997681727663,0.296069417930392,43,61,"Comercio al por mayor","Servicios educativos"
435411,519211,"Comercio al por mayor de mobiliario, equipo, y accesorios de cómputo","Bibliotecas y archivos del sector privado","0.6",165.5,18,0.219695019667653,0.348736391344385,43,51,"Comercio al por mayor","Información en medios masivos"
435412,484233,"Comercio al por mayor de mobiliario y equipo de oficina","Autotransporte foráneo con refrigeración","0.666666666666667",110,28,0.267374268855096,0.283455817162993,43,48,"Comercio al por mayor","Transportes, correos y almacenamiento"
435412,492110,"Comercio al por mayor de mobiliario y equipo de oficina","Servicios de mensajería y paquetería foránea","0.666666666666667",110,819.5,0.267374268855096,0.263712467021215,43,49,"Comercio al por mayor","Transportes, correos y almacenamiento"
435412,541712,"Comercio al por mayor de mobiliario y equipo de oficina","Servicios de investigación científica y desarrollo en ciencias naturales y exactas, ingeniería, y ciencias de la vida, prestados por el sector público","0.666666666666667",110,31,0.267374268855096,0.314153804805243,43,54,"Comercio al por mayor","Servicios profesionales, científicos y técnicos"
435412,561422,"Comercio al por mayor de mobiliario y equipo de oficina","Servicios de recepción de llamadas telefónicas y promoción por teléfono","0.666666666666667",110,925.5,0.267374268855096,0.320599369124025,43,56,"Comercio al por mayor","Servicios de apoyo a los negocios y manejo de residuos, y servicios de remediación"
435412,611212,"Comercio al por mayor de mobiliario y equipo de oficina","Escuelas de educación técnica superior del sector público","0.666666666666667",110,347,0.267374268855096,0.389192805363615,43,61,"Comercio al por mayor","Servicios educativos"
435412,623111,"Comercio al por mayor de mobiliario y equipo de oficina","Residencias del sector privado con cuidados de enfermeras para enfermos convalecientes, en rehabilitación, incurables y terminales","0.666666666666667",110,28,0.267374268855096,0.311490022163504,43,62,"Comercio al por mayor","Servicios de salud y de asistencia social"
435412,623222,"Comercio al por mayor de mobiliario y equipo de oficina","Residencias del sector público para el cuidado de personas con problemas de trastorno mental y adicción","0.666666666666667",110,63.5,0.267374268855096,0.390894389227496,43,62,"Comercio al por mayor","Servicios de salud y de asistencia social"
435419,611698,"Comercio al por mayor de otra maquinaria y equipo de uso general","Otros servicios educativos proporcionados por el sector privado","0.6",349,122.5,0.293815141084093,0.301992386883147,43,61,"Comercio al por mayor","Servicios educativos"
436112,561610,"Comercio al por mayor de partes y refacciones nuevas para automóviles, camionetas y camiones","Servicios de investigación y de protección y custodia, excepto mediante monitoreo","0.555555555555556",952.5,3314.5,0.350143183566759,0.358153728440035,43,56,"Comercio al por mayor","Servicios de apoyo a los negocios y manejo de residuos, y servicios de remediación"
436112,624111,"Comercio al por mayor de partes y refacciones nuevas para automóviles, camionetas y camiones","Servicios de orientación y trabajo social para la niñez y la juventud prestados por el sector privado","0.5",952.5,51.5,0.350143183566759,0.289233137507419,43,62,"Comercio al por mayor","Servicios de salud y de asistencia social"
437311,533110,"Intermediación de comercio al por mayor de productos agropecuarios","Servicios de alquiler de marcas registradas, patentes y franquicias","1",2.5,2.5,0.362839284396922,0.251869071603987,43,53,"Comercio al por mayor","Servicios inmobiliarios y de alquiler de bienes muebles e intangibles"
437313,621332,"Intermediación de comercio al por mayor de productos de uso doméstico y personal","Consultorios de psicología del sector público","0.166666666666667",2.5,72,0.229687305984088,0.402908452649768,43,62,"Comercio al por mayor","Servicios de salud y de asistencia social"
461110,465311,"Comercio al por menor en tiendas de abarrotes, ultramarinos y misceláneas","Comercio al por menor de artículos de papelería","0.672413793103448",43718,10531,0.524835380675089,0.506271118146389,46,46,"Comercio al por menor","Comercio al por menor"
461110,465912,"Comercio al por menor en tiendas de abarrotes, ultramarinos y misceláneas","Comercio al por menor de regalos","0.706896551724138",43718,7820,0.524835380675089,0.505022853356727,46,46,"Comercio al por menor","Comercio al por menor"
461110,519212,"Comercio al por menor en tiendas de abarrotes, ultramarinos y misceláneas","Bibliotecas y archivos del sector público","0.724137931034483",43718,604.5,0.524835380675089,0.443272169387617,46,51,"Comercio al por menor","Información en medios masivos"
461110,522210,"Comercio al por menor en tiendas de abarrotes, ultramarinos y misceláneas","Banca de desarrollo","0.672413793103448",43718,411.5,0.524835380675089,0.478588919880533,46,52,"Comercio al por menor","Servicios financieros y de seguros"
461110,532282,"Comercio al por menor en tiendas de abarrotes, ultramarinos y misceláneas","Alquiler de mesas, sillas, vajillas y similares","0.672413793103448",43718,1173,0.524835380675089,0.473045589530131,46,53,"Comercio al por menor","Servicios inmobiliarios y de alquiler de bienes muebles e intangibles"
461110,561432,"Comercio al por menor en tiendas de abarrotes, ultramarinos y misceláneas","Servicios de acceso a computadoras","0.655172413793103",43718,1946.5,0.524835380675089,0.525132573213025,46,56,"Comercio al por menor","Servicios de apoyo a los negocios y manejo de residuos, y servicios de remediación"
461110,611112,"Comercio al por menor en tiendas de abarrotes, ultramarinos y misceláneas","Escuelas de educación preescolar y centros de estimulación temprana del sector público","0.724137931034483",43718,4925,0.524835380675089,0.416028851153344,46,61,"Comercio al por menor","Servicios educativos"
461110,611122,"Comercio al por menor en tiendas de abarrotes, ultramarinos y misceláneas","Escuelas de educación primaria del sector público","0.706896551724138",43718,11845,0.524835380675089,0.404120816112432,46,61,"Comercio al por menor","Servicios educativos"
461110,611132,"Comercio al por menor en tiendas de abarrotes, ultramarinos y misceláneas","Escuelas de educación secundaria general del sector público","0.706896551724138",43718,6310,0.524835380675089,0.407211104749791,46,61,"Comercio al por menor","Servicios educativos"
461110,812322,"Comercio al por menor en tiendas de abarrotes, ultramarinos y misceláneas","Administración de cementerios pertenecientes al sector público","0.716666666666667",43718,625.5,0.524835380675089,0.500662728524746,46,81,"Comercio al por menor","Otros servicios excepto actividades gubernamentales"
461110,813210,"Comercio al por menor en tiendas de abarrotes, ultramarinos y misceláneas","Asociaciones y organizaciones religiosas","0.724137931034483",43718,6569.5,0.524835380675089,0.366897866752468,46,81,"Comercio al por menor","Otros servicios excepto actividades gubernamentales"
461121,463211,"Comercio al por menor de carnes rojas","Comercio al por menor de ropa, excepto de bebé y lencería","0.686274509803922",5239.5,14388.5,0.433012119263974,0.48941921885538,46,46,"Comercio al por menor","Comercio al por menor"
461121,463310,"Comercio al por menor de carnes rojas","Comercio al por menor de calzado","0.666666666666667",5239.5,3968.5,0.433012119263974,0.492816795164759,46,46,"Comercio al por menor","Comercio al por menor"
461121,522210,"Comercio al por menor de carnes rojas","Banca de desarrollo","0.690909090909091",5239.5,411.5,0.433012119263974,0.478588919880533,46,52,"Comercio al por menor","Servicios financieros y de seguros"
461121,611132,"Comercio al por menor de carnes rojas","Escuelas de educación secundaria general del sector público","0.653846153846154",5239.5,6310,0.433012119263974,0.407211104749791,46,61,"Comercio al por menor","Servicios educativos"
461121,722517,"Comercio al por menor de carnes rojas","Restaurantes con servicio de preparación de pizzas, hamburguesas, hot dogs y pollos rostizados para llevar","0.666666666666667",5239.5,6307.5,0.433012119263974,0.388196365290505,46,72,"Comercio al por menor","Servicios de alojamiento temporal y de preparación de alimentos y bebidas"
461122,466410,"Comercio al por menor de carne de aves","Comercio al por menor de artículos usados","0.710526315789474",7318,5516.5,0.478200324971975,0.44471514354913,46,46,"Comercio al por menor","Comercio al por menor"
461122,811493,"Comercio al por menor de carne de aves","Reparación y mantenimiento de bicicletas","0.666666666666667",7318,852.5,0.478200324971975,0.482119374474186,46,81,"Comercio al por menor","Otros servicios excepto actividades gubernamentales"
461123,463214,"Comercio al por menor de pescados y mariscos","Comercio al por menor de disfraces, trajes típicos y vestidos de novia","0.592592592592593",357,578.5,0.360015832809206,0.363435391364909,46,46,"Comercio al por menor","Comercio al por menor"
461123,464113,"Comercio al por menor de pescados y mariscos","Comercio al por menor de productos naturistas, medicamentos homeopáticos y de complementos alimenticios","0.607142857142857",357,1462.5,0.360015832809206,0.459799277033438,46,46,"Comercio al por menor","Comercio al por menor"
461123,532310,"Comercio al por menor de pescados y mariscos","Centros generales de alquiler","0.518518518518518",357,128.5,0.360015832809206,0.386738086282055,46,53,"Comercio al por menor","Servicios inmobiliarios y de alquiler de bienes muebles e intangibles"
461123,541110,"Comercio al por menor de pescados y mariscos","Bufetes jurídicos","0.62962962962963",357,2693,0.360015832809206,0.377885604410557,46,54,"Comercio al por menor","Servicios profesionales, científicos y técnicos"
461123,813110,"Comercio al por menor de pescados y mariscos","Asociaciones, organizaciones y cámaras de productores, comerciantes y prestadores de servicios","0.586206896551724",357,466,0.360015832809206,0.37757102836413,46,81,"Comercio al por menor","Otros servicios excepto actividades gubernamentales"
461130,465915,"Comercio al por menor de frutas y verduras frescas","Comercio al por menor en tiendas de artesanías","0.580645161290323",7296,1043.5,0.484308806825162,0.382311928099062,46,46,"Comercio al por menor","Comercio al por menor"
461130,466410,"Comercio al por menor de frutas y verduras frescas","Comercio al por menor de artículos usados","0.621621621621622",7296,5516.5,0.484308806825162,0.44471514354913,46,46,"Comercio al por menor","Comercio al por menor"
461130,468311,"Comercio al por menor de frutas y verduras frescas","Comercio al por menor de motocicletas","0.580645161290323",7296,964.5,0.484308806825162,0.445503767354785,46,46,"Comercio al por menor","Comercio al por menor"
461130,722515,"Comercio al por menor de frutas y verduras frescas","Cafeterías, fuentes de sodas, neverías, refresquerías y similares","0.548387096774194",7296,7141.5,0.484308806825162,0.321325238751736,46,72,"Comercio al por menor","Servicios de alojamiento temporal y de preparación de alimentos y bebidas"
461130,811219,"Comercio al por menor de frutas y verduras frescas","Reparación y mantenimiento de otro equipo electrónico y de equipo de precisión","0.580645161290323",7296,1661.5,0.484308806825162,0.44678435036564,46,81,"Comercio al por menor","Otros servicios excepto actividades gubernamentales"
461140,465914,"Comercio al por menor de semillas y granos alimenticios, especias y chiles secos","Comercio al por menor de artículos desechables","0.612903225806452",1669,1249.5,0.467729142013186,0.460617786784026,46,46,"Comercio al por menor","Comercio al por menor"
461140,811192,"Comercio al por menor de semillas y granos alimenticios, especias y chiles secos","Lavado y lubricado de automóviles y camiones","0.6",1669,3337,0.467729142013186,0.450474785883919,46,81,"Comercio al por menor","Otros servicios excepto actividades gubernamentales"
461140,811499,"Comercio al por menor de semillas y granos alimenticios, especias y chiles secos","Reparación y mantenimiento de otros artículos para el hogar y personales","0.59375",1669,1738,0.467729142013186,0.454353107065036,46,81,"Comercio al por menor","Otros servicios excepto actividades gubernamentales"
461150,465913,"Comercio al por menor de leche, otros productos lácteos y embutidos","Comercio al por menor de artículos religiosos","0.551724137931034",2860.5,302.5,0.448623946708874,0.411713982418685,46,46,"Comercio al por menor","Comercio al por menor"
461160,461190,"Comercio al por menor de dulces y materias primas para repostería","Comercio al por menor de otros alimentos","0.65",3763,4267.5,0.468571346296304,0.494234610397106,46,46,"Comercio al por menor","Comercio al por menor"
461170,722412,"Comercio al por menor de paletas de hielo y helados","Bares, cantinas y similares","0.666666666666667",1860,3524.5,0.419819287600183,0.447846372125482,46,72,"Comercio al por menor","Servicios de alojamiento temporal y de preparación de alimentos y bebidas"
461170,722517,"Comercio al por menor de paletas de hielo y helados","Restaurantes con servicio de preparación de pizzas, hamburguesas, hot dogs y pollos rostizados para llevar","0.659574468085106",1860,6307.5,0.419819287600183,0.388196365290505,46,72,"Comercio al por menor","Servicios de alojamiento temporal y de preparación de alimentos y bebidas"
461190,461211,"Comercio al por menor de otros alimentos","Comercio al por menor de vinos y licores","0.666666666666667",4267.5,740,0.494234610397106,0.363579720902728,46,46,"Comercio al por menor","Comercio al por menor"
461190,621311,"Comercio al por menor de otros alimentos","Consultorios de quiropráctica del sector privado","0.6",4267.5,586,0.494234610397106,0.472043213320432,46,62,"Comercio al por menor","Servicios de salud y de asistencia social"
461211,463113,"Comercio al por menor de vinos y licores","Comercio al por menor de artículos de mercería y bonetería","0.666666666666667",740,1308.5,0.363579720902728,0.486097608618326,46,46,"Comercio al por menor","Comercio al por menor"
461211,468411,"Comercio al por menor de vinos y licores","Comercio al por menor de gasolina y diésel","0.595238095238095",740,5534,0.363579720902728,0.384891319672038,46,46,"Comercio al por menor","Comercio al por menor"
461212,722412,"Comercio al por menor de cerveza","Bares, cantinas y similares","0.644444444444444",2217,3524.5,0.347411845009734,0.447846372125482,46,72,"Comercio al por menor","Servicios de alojamiento temporal y de preparación de alimentos y bebidas"
461213,532282,"Comercio al por menor de bebidas no alcohólicas y hielo","Alquiler de mesas, sillas, vajillas y similares","0.673469387755102",875,1173,0.421818874829648,0.473045589530131,46,53,"Comercio al por menor","Servicios inmobiliarios y de alquiler de bienes muebles e intangibles"
461213,561432,"Comercio al por menor de bebidas no alcohólicas y hielo","Servicios de acceso a computadoras","0.666666666666667",875,1946.5,0.421818874829648,0.525132573213025,46,56,"Comercio al por menor","Servicios de apoyo a los negocios y manejo de residuos, y servicios de remediación"
462111,561610,"Comercio al por menor en supermercados","Servicios de investigación y de protección y custodia, excepto mediante monitoreo","0.615384615384615",5961,3314.5,0.269972671137536,0.358153728440035,46,56,"Comercio al por menor","Servicios de apoyo a los negocios y manejo de residuos, y servicios de remediación"
462111,611121,"Comercio al por menor en supermercados","Escuelas de educación primaria del sector privado","0.6",5961,1026,0.269972671137536,0.28879657313962,46,61,"Comercio al por menor","Servicios educativos"
462111,621115,"Comercio al por menor en supermercados","Clínicas de consultorios médicos del sector privado","0.571428571428571",5961,724,0.269972671137536,0.346881981358407,46,62,"Comercio al por menor","Servicios de salud y de asistencia social"
462112,467114,"Comercio al por menor en minisupers","Comercio al por menor de vidrios y espejos","0.585365853658537",3988,2129,0.317569969764379,0.475997410792549,46,46,"Comercio al por menor","Comercio al por menor"
462210,488493,"Comercio al por menor en tiendas departamentales","Servicios de báscula para el transporte y otros servicios relacionados con el transporte por carretera","0.5",4072.5,22.5,0.315982162285032,0.362227605100327,46,48,"Comercio al por menor","Transportes, correos y almacenamiento"
462210,561610,"Comercio al por menor en tiendas departamentales","Servicios de investigación y de protección y custodia, excepto mediante monitoreo","0.6",4072.5,3314.5,0.315982162285032,0.358153728440035,46,56,"Comercio al por menor","Servicios de apoyo a los negocios y manejo de residuos, y servicios de remediación"
462210,611171,"Comercio al por menor en tiendas departamentales","Escuelas del sector privado que combinan diversos niveles de educación","0.545454545454545",4072.5,5819,0.315982162285032,0.296069417930392,46,61,"Comercio al por menor","Servicios educativos"
462210,611311,"Comercio al por menor en tiendas departamentales","Escuelas de educación superior del sector privado","0.8",4072.5,4743,0.315982162285032,0.397828808137921,46,61,"Comercio al por menor","Servicios educativos"
462210,621910,"Comercio al por menor en tiendas departamentales","Servicios de ambulancias","0.545454545454545",4072.5,519,0.315982162285032,0.373093249524862,46,62,"Comercio al por menor","Servicios de salud y de asistencia social"
463111,468211,"Comercio al por menor de telas","Comercio al por menor de partes y refacciones nuevas para automóviles, camionetas y camiones","0.555555555555556",490.5,4811,0.36866520288974,0.352899386675477,46,46,"Comercio al por menor","Comercio al por menor"
463111,468213,"Comercio al por menor de telas","Comercio al por menor de llantas y cámaras para automóviles, camionetas y camiones","0.555555555555556",490.5,1094,0.36866520288974,0.349645007595165,46,46,"Comercio al por menor","Comercio al por menor"
463112,465211,"Comercio al por menor de blancos","Comercio al por menor de grabaciones de audio y video en medios físicos","0.588235294117647",550.5,250.5,0.429931351033074,0.439735893696562,46,46,"Comercio al por menor","Comercio al por menor"
463112,466212,"Comercio al por menor de blancos","Comercio al por menor de teléfonos y otros aparatos de comunicación","0.578947368421053",550.5,4184.5,0.429931351033074,0.430758504991545,46,46,"Comercio al por menor","Comercio al por menor"
463113,463211,"Comercio al por menor de artículos de mercería y bonetería","Comercio al por menor de ropa, excepto de bebé y lencería","0.708333333333333",1308.5,14388.5,0.486097608618326,0.48941921885538,46,46,"Comercio al por menor","Comercio al por menor"
463113,465912,"Comercio al por menor de artículos de mercería y bonetería","Comercio al por menor de regalos","0.725490196078431",1308.5,7820,0.486097608618326,0.505022853356727,46,46,"Comercio al por menor","Comercio al por menor"
463113,466312,"Comercio al por menor de artículos de mercería y bonetería","Comercio al por menor de plantas y flores naturales","0.666666666666667",1308.5,3354,0.486097608618326,0.470659399320998,46,46,"Comercio al por menor","Comercio al por menor"
463113,532282,"Comercio al por menor de artículos de mercería y bonetería","Alquiler de mesas, sillas, vajillas y similares","0.693877551020408",1308.5,1173,0.486097608618326,0.473045589530131,46,53,"Comercio al por menor","Servicios inmobiliarios y de alquiler de bienes muebles e intangibles"
463113,561432,"Comercio al por menor de artículos de mercería y bonetería","Servicios de acceso a computadoras","0.666666666666667",1308.5,1946.5,0.486097608618326,0.525132573213025,46,56,"Comercio al por menor","Servicios de apoyo a los negocios y manejo de residuos, y servicios de remediación"
463113,611112,"Comercio al por menor de artículos de mercería y bonetería","Escuelas de educación preescolar y centros de estimulación temprana del sector público","0.666666666666667",1308.5,4925,0.486097608618326,0.416028851153344,46,61,"Comercio al por menor","Servicios educativos"
463113,611122,"Comercio al por menor de artículos de mercería y bonetería","Escuelas de educación primaria del sector público","0.6875",1308.5,11845,0.486097608618326,0.404120816112432,46,61,"Comercio al por menor","Servicios educativos"
463113,722517,"Comercio al por menor de artículos de mercería y bonetería","Restaurantes con servicio de preparación de pizzas, hamburguesas, hot dogs y pollos rostizados para llevar","0.6875",1308.5,6307.5,0.486097608618326,0.388196365290505,46,72,"Comercio al por menor","Servicios de alojamiento temporal y de preparación de alimentos y bebidas"
463211,463310,"Comercio al por menor de ropa, excepto de bebé y lencería","Comercio al por menor de calzado","0.770833333333333",14388.5,3968.5,0.48941921885538,0.492816795164759,46,46,"Comercio al por menor","Comercio al por menor"
463211,465911,"Comercio al por menor de ropa, excepto de bebé y lencería","Comercio al por menor de mascotas y sus accesorios","0.604166666666667",14388.5,1482.5,0.48941921885538,0.434966068244911,46,46,"Comercio al por menor","Comercio al por menor"
463211,465912,"Comercio al por menor de ropa, excepto de bebé y lencería","Comercio al por menor de regalos","0.686274509803922",14388.5,7820,0.48941921885538,0.505022853356727,46,46,"Comercio al por menor","Comercio al por menor"
463211,466212,"Comercio al por menor de ropa, excepto de bebé y lencería","Comercio al por menor de teléfonos y otros aparatos de comunicación","0.645833333333333",14388.5,4184.5,0.48941921885538,0.430758504991545,46,46,"Comercio al por menor","Comercio al por menor"
463211,466312,"Comercio al por menor de ropa, excepto de bebé y lencería","Comercio al por menor de plantas y flores naturales","0.729166666666667",14388.5,3354,0.48941921885538,0.470659399320998,46,46,"Comercio al por menor","Comercio al por menor"
463211,467111,"Comercio al por menor de ropa, excepto de bebé y lencería","Comercio al por menor en ferreterías y tlapalerías","0.666666666666667",14388.5,7807,0.48941921885538,0.410728469399878,46,46,"Comercio al por menor","Comercio al por menor"
463211,532282,"Comercio al por menor de ropa, excepto de bebé y lencería","Alquiler de mesas, sillas, vajillas y similares","0.653061224489796",14388.5,1173,0.48941921885538,0.473045589530131,46,53,"Comercio al por menor","Servicios inmobiliarios y de alquiler de bienes muebles e intangibles"
463211,561432,"Comercio al por menor de ropa, excepto de bebé y lencería","Servicios de acceso a computadoras","0.666666666666667",14388.5,1946.5,0.48941921885538,0.525132573213025,46,56,"Comercio al por menor","Servicios de apoyo a los negocios y manejo de residuos, y servicios de remediación"
463211,722517,"Comercio al por menor de ropa, excepto de bebé y lencería","Restaurantes con servicio de preparación de pizzas, hamburguesas, hot dogs y pollos rostizados para llevar","0.708333333333333",14388.5,6307.5,0.48941921885538,0.388196365290505,46,72,"Comercio al por menor","Servicios de alojamiento temporal y de preparación de alimentos y bebidas"
463211,812310,"Comercio al por menor de ropa, excepto de bebé y lencería","Servicios funerarios","0.729166666666667",14388.5,891.5,0.48941921885538,0.364736566379803,46,81,"Comercio al por menor","Otros servicios excepto actividades gubernamentales"
463212,463215,"Comercio al por menor de ropa de bebé","Comercio al por menor de bisutería y accesorios de vestir","0.636363636363636",582,1452.5,0.438671439661222,0.388147181533961,46,46,"Comercio al por menor","Comercio al por menor"
463212,466114,"Comercio al por menor de ropa de bebé","Comercio al por menor de cristalería, loza y utensilios de cocina","0.636363636363636",582,1484,0.438671439661222,0.472195740659764,46,46,"Comercio al por menor","Comercio al por menor"
463212,541920,"Comercio al por menor de ropa de bebé","Servicios de fotografía y videograbación","0.621621621621622",582,824,0.438671439661222,0.478459062888812,46,54,"Comercio al por menor","Servicios profesionales, científicos y técnicos"
463212,811211,"Comercio al por menor de ropa de bebé","Reparación y mantenimiento de equipo electrónico de uso doméstico","0.606060606060606",582,665.5,0.438671439661222,0.449526594312937,46,81,"Comercio al por menor","Otros servicios excepto actividades gubernamentales"
463214,465216,"Comercio al por menor de disfraces, trajes típicos y vestidos de novia","Comercio al por menor de instrumentos musicales","0.590909090909091",578.5,221,0.363435391364909,0.423005014537692,46,46,"Comercio al por menor","Comercio al por menor"
463214,491110,"Comercio al por menor de disfraces, trajes típicos y vestidos de novia","Servicios postales","0.380952380952381",578.5,302,0.363435391364909,0.371329812572283,46,49,"Comercio al por menor","Transportes, correos y almacenamiento"
463214,532281,"Comercio al por menor de disfraces, trajes típicos y vestidos de novia","Alquiler de prendas de vestir","0.619047619047619",578.5,220.5,0.363435391364909,0.358582826850896,46,53,"Comercio al por menor","Servicios inmobiliarios y de alquiler de bienes muebles e intangibles"
463214,811491,"Comercio al por menor de disfraces, trajes típicos y vestidos de novia","Cerrajerías","0.454545454545455",578.5,673.5,0.363435391364909,0.403778141259905,46,81,"Comercio al por menor","Otros servicios excepto actividades gubernamentales"
463216,621331,"Comercio al por menor de ropa de cuero y piel y de otros artículos de estos materiales","Consultorios de psicología del sector privado","0.476190476190476",657,918,0.399972176361287,0.391546968551008,46,62,"Comercio al por menor","Servicios de salud y de asistencia social"
463217,811119,"Comercio al por menor de pañales desechables","Otras reparaciones mecánicas de automóviles y camiones","0.571428571428571",167.5,1134.5,0.447586823291308,0.413891417064213,46,81,"Comercio al por menor","Otros servicios excepto actividades gubernamentales"
463218,812410,"Comercio al por menor de sombreros","Estacionamientos y pensiones para vehículos automotores","0.518518518518518",215,1589.5,0.464049588638702,0.426136914871564,46,81,"Comercio al por menor","Otros servicios excepto actividades gubernamentales"
463310,466312,"Comercio al por menor de calzado","Comercio al por menor de plantas y flores naturales","0.666666666666667",3968.5,3354,0.492816795164759,0.470659399320998,46,46,"Comercio al por menor","Comercio al por menor"
464111,812310,"Farmacias sin minisúper","Servicios funerarios","0.644444444444444",8157,891.5,0.454465202176965,0.364736566379803,46,81,"Comercio al por menor","Otros servicios excepto actividades gubernamentales"
464112,811114,"Farmacias con minisúper","Reparación de transmisiones de automóviles y camiones","0.470588235294118",2363.5,429.5,0.337960389299334,0.368640914363755,46,81,"Comercio al por menor","Otros servicios excepto actividades gubernamentales"
464113,465111,"Comercio al por menor de productos naturistas, medicamentos homeopáticos y de complementos alimenticios","Comercio al por menor de artículos de perfumería y cosméticos","0.642857142857143",1462.5,2128,0.459799277033438,0.312530589277504,46,46,"Comercio al por menor","Comercio al por menor"
464121,522110,"Comercio al por menor de lentes","Banca múltiple","0.4375",916,4189.5,0.323025310171803,0.182545817011302,46,52,"Comercio al por menor","Servicios financieros y de seguros"
464122,611311,"Comercio al por menor de artículos ortopédicos","Escuelas de educación superior del sector privado","0.6",199,4743,0.281878661855688,0.397828808137921,46,61,"Comercio al por menor","Servicios educativos"
465111,812110,"Comercio al por menor de artículos de perfumería y cosméticos","Salones y clínicas de belleza y peluquerías","0.607142857142857",2128,18521.5,0.312530589277504,0.458251418089123,46,81,"Comercio al por menor","Otros servicios excepto actividades gubernamentales"
465112,722515,"Comercio al por menor de artículos de joyería y relojes","Cafeterías, fuentes de sodas, neverías, refresquerías y similares","0.555555555555556",818,7141.5,0.286619365618181,0.321325238751736,46,72,"Comercio al por menor","Servicios de alojamiento temporal y de preparación de alimentos y bebidas"
465212,812310,"Comercio al por menor de juguetes","Servicios funerarios","0.6",993.5,891.5,0.440266386696552,0.364736566379803,46,81,"Comercio al por menor","Otros servicios excepto actividades gubernamentales"
465213,466319,"Comercio al por menor de bicicletas y triciclos","Comercio al por menor de otros artículos para la decoración de interiores","0.5",313,413.5,0.420634049511173,0.352794206895237,46,46,"Comercio al por menor","Comercio al por menor"
465213,811116,"Comercio al por menor de bicicletas y triciclos","Alineación y balanceo de automóviles y camiones","0.5",313,256,0.420634049511173,0.433131756205566,46,81,"Comercio al por menor","Otros servicios excepto actividades gubernamentales"
465214,522440,"Comercio al por menor de equipo y material fotográfico","Compañías de autofinanciamiento","0.666666666666667",10,5,0.241093844684225,0.260321031647829,46,52,"Comercio al por menor","Servicios financieros y de seguros"
465214,522451,"Comercio al por menor de equipo y material fotográfico","Montepíos","0.666666666666667",10,103.5,0.241093844684225,0.339539608248813,46,52,"Comercio al por menor","Servicios financieros y de seguros"
465214,524210,"Comercio al por menor de equipo y material fotográfico","Agentes, ajustadores y gestores de seguros y fianzas","0.666666666666667",10,754,0.241093844684225,0.256724935438546,46,52,"Comercio al por menor","Servicios financieros y de seguros"
465214,623111,"Comercio al por menor de equipo y material fotográfico","Residencias del sector privado con cuidados de enfermeras para enfermos convalecientes, en rehabilitación, incurables y terminales","0.666666666666667",10,28,0.241093844684225,0.311490022163504,46,62,"Comercio al por menor","Servicios de salud y de asistencia social"
465214,624198,"Comercio al por menor de equipo y material fotográfico","Otros servicios de orientación y trabajo social prestados por el sector privado","0.666666666666667",10,36,0.241093844684225,0.340001190441839,46,62,"Comercio al por menor","Servicios de salud y de asistencia social"
465214,713941,"Comercio al por menor de equipo y material fotográfico","Clubes deportivos del sector privado","0.666666666666667",10,265.5,0.241093844684225,0.313568790385847,46,71,"Comercio al por menor","Servicios de esparcimiento culturales y deportivos, y otros servicios recreativos"
465215,465913,"Comercio al por menor de artículos y aparatos deportivos","Comercio al por menor de artículos religiosos","0.571428571428571",1617.5,302.5,0.378151038071945,0.411713982418685,46,46,"Comercio al por menor","Comercio al por menor"
465215,541110,"Comercio al por menor de artículos y aparatos deportivos","Bufetes jurídicos","0.62962962962963",1617.5,2693,0.378151038071945,0.377885604410557,46,54,"Comercio al por menor","Servicios profesionales, científicos y técnicos"
465215,621511,"Comercio al por menor de artículos y aparatos deportivos","Laboratorios médicos y de diagnóstico del sector privado","0.592592592592593",1617.5,2418,0.378151038071945,0.405667140796476,46,62,"Comercio al por menor","Servicios de salud y de asistencia social"
465215,713944,"Comercio al por menor de artículos y aparatos deportivos","Centros de acondicionamiento físico del sector público","0.444444444444444",1617.5,280,0.378151038071945,0.297725596359934,46,71,"Comercio al por menor","Servicios de esparcimiento culturales y deportivos, y otros servicios recreativos"
465216,516110,"Comercio al por menor de instrumentos musicales","Estaciones de transmisión de programas de radio","0.409090909090909",221,407.5,0.423005014537692,0.354667557769091,46,51,"Comercio al por menor","Información en medios masivos"
465216,811314,"Comercio al por menor de instrumentos musicales","Reparación y mantenimiento de maquinaria y equipo comercial y de servicios","0.5",221,135.5,0.423005014537692,0.364439390727056,46,81,"Comercio al por menor","Otros servicios excepto actividades gubernamentales"
465311,467115,"Comercio al por menor de artículos de papelería","Comercio al por menor de artículos para la limpieza","0.622222222222222",10531,5150,0.506271118146389,0.435578341940029,46,46,"Comercio al por menor","Comercio al por menor"
465311,611112,"Comercio al por menor de artículos de papelería","Escuelas de educación preescolar y centros de estimulación temprana del sector público","0.666666666666667",10531,4925,0.506271118146389,0.416028851153344,46,61,"Comercio al por menor","Servicios educativos"
465311,611122,"Comercio al por menor de artículos de papelería","Escuelas de educación primaria del sector público","0.680851063829787",10531,11845,0.506271118146389,0.404120816112432,46,61,"Comercio al por menor","Servicios educativos"
465312,541942,"Comercio al por menor de libros","Servicios veterinarios para mascotas prestados por el sector público","0.428571428571429",201,35.5,0.206326713068899,0.313815743714944,46,54,"Comercio al por menor","Servicios profesionales, científicos y técnicos"
465312,611131,"Comercio al por menor de libros","Escuelas de educación secundaria general del sector privado","0.571428571428571",201,371,0.206326713068899,0.381783823425998,46,61,"Comercio al por menor","Servicios educativos"
465312,611161,"Comercio al por menor de libros","Escuelas de educación media superior del sector privado","0.642857142857143",201,1302,0.206326713068899,0.412879588500527,46,61,"Comercio al por menor","Servicios educativos"
465312,722320,"Comercio al por menor de libros","Servicios de preparación de alimentos para ocasiones especiales","0.4375",201,189.5,0.206326713068899,0.269335204887583,46,72,"Comercio al por menor","Servicios de alojamiento temporal y de preparación de alimentos y bebidas"
465313,611131,"Comercio al por menor de revistas y periódicos","Escuelas de educación secundaria general del sector privado","0.545454545454545",227.5,371,0.291022529269121,0.381783823425998,46,61,"Comercio al por menor","Servicios educativos"
465912,466312,"Comercio al por menor de regalos","Comercio al por menor de plantas y flores naturales","0.666666666666667",7820,3354,0.505022853356727,0.470659399320998,46,46,"Comercio al por menor","Comercio al por menor"
465912,522210,"Comercio al por menor de regalos","Banca de desarrollo","0.672727272727273",7820,411.5,0.505022853356727,0.478588919880533,46,52,"Comercio al por menor","Servicios financieros y de seguros"
465912,532282,"Comercio al por menor de regalos","Alquiler de mesas, sillas, vajillas y similares","0.666666666666667",7820,1173,0.505022853356727,0.473045589530131,46,53,"Comercio al por menor","Servicios inmobiliarios y de alquiler de bienes muebles e intangibles"
465912,561432,"Comercio al por menor de regalos","Servicios de acceso a computadoras","0.686274509803922",7820,1946.5,0.505022853356727,0.525132573213025,46,56,"Comercio al por menor","Servicios de apoyo a los negocios y manejo de residuos, y servicios de remediación"
465912,611112,"Comercio al por menor de regalos","Escuelas de educación preescolar y centros de estimulación temprana del sector público","0.666666666666667",7820,4925,0.505022853356727,0.416028851153344,46,61,"Comercio al por menor","Servicios educativos"
465912,611122,"Comercio al por menor de regalos","Escuelas de educación primaria del sector público","0.666666666666667",7820,11845,0.505022853356727,0.404120816112432,46,61,"Comercio al por menor","Servicios educativos"
465912,812310,"Comercio al por menor de regalos","Servicios funerarios","0.686274509803922",7820,891.5,0.505022853356727,0.364736566379803,46,81,"Comercio al por menor","Otros servicios excepto actividades gubernamentales"
465913,713991,"Comercio al por menor de artículos religiosos","Billares","0.551724137931034",302.5,266,0.411713982418685,0.439298766411862,46,71,"Comercio al por menor","Servicios de esparcimiento culturales y deportivos, y otros servicios recreativos"
465919,466112,"Comercio al por menor de otros artículos de uso personal","Comercio al por menor de electrodomésticos menores y aparatos de línea blanca","0.5",819.5,768.5,0.459877437953544,0.324306561052681,46,46,"Comercio al por menor","Comercio al por menor"
466111,713120,"Comercio al por menor de muebles para el hogar","Casas de juegos electrónicos","0.567567567567568",1883,550.5,0.321332694520558,0.417367370976381,46,71,"Comercio al por menor","Servicios de esparcimiento culturales y deportivos, y otros servicios recreativos"
466111,722514,"Comercio al por menor de muebles para el hogar","Restaurantes con servicio de preparación de tacos y tortas","0.621621621621622",1883,8545,0.321332694520558,0.405303872774837,46,72,"Comercio al por menor","Servicios de alojamiento temporal y de preparación de alimentos y bebidas"
466112,713943,"Comercio al por menor de electrodomésticos menores y aparatos de línea blanca","Centros de acondicionamiento físico del sector privado","0.5",768.5,2577,0.324306561052681,0.39233564350558,46,71,"Comercio al por menor","Servicios de esparcimiento culturales y deportivos, y otros servicios recreativos"
466113,484222,"Comercio al por menor de muebles para jardín","Autotransporte local de materiales y residuos peligrosos","0.5",83,116,0.368872662826552,0.35811979310653,46,48,"Comercio al por menor","Transportes, correos y almacenamiento"
466211,467113,"Comercio al por menor de mobiliario, equipo y accesorios de cómputo","Comercio al por menor de pintura","0.523809523809524",340.5,1555,0.254618231266379,0.441339503744467,46,46,"Comercio al por menor","Comercio al por menor"
466212,811410,"Comercio al por menor de teléfonos y otros aparatos de comunicación","Reparación y mantenimiento de aparatos eléctricos para el hogar y personales","0.657894736842105",4184.5,1014,0.430758504991545,0.370869510072565,46,81,"Comercio al por menor","Otros servicios excepto actividades gubernamentales"
466311,624411,"Comercio al por menor de alfombras, cortinas, tapices y similares","Guarderías del sector privado","0.5",209.5,667.5,0.261648231746686,0.328709888601829,46,62,"Comercio al por menor","Servicios de salud y de asistencia social"
466311,722511,"Comercio al por menor de alfombras, cortinas, tapices y similares","Restaurantes con servicio de preparación de alimentos a la carta o de comida corrida","0.5",209.5,9732,0.261648231746686,0.273821279779302,46,72,"Comercio al por menor","Servicios de alojamiento temporal y de preparación de alimentos y bebidas"
466312,467114,"Comercio al por menor de plantas y flores naturales","Comercio al por menor de vidrios y espejos","0.666666666666667",3354,2129,0.470659399320998,0.475997410792549,46,46,"Comercio al por menor","Comercio al por menor"
466312,722517,"Comercio al por menor de plantas y flores naturales","Restaurantes con servicio de preparación de pizzas, hamburguesas, hot dogs y pollos rostizados para llevar","0.702127659574468",3354,6307.5,0.470659399320998,0.388196365290505,46,72,"Comercio al por menor","Servicios de alojamiento temporal y de preparación de alimentos y bebidas"
466312,812130,"Comercio al por menor de plantas y flores naturales","Sanitarios públicos y bolerías","0.666666666666667",3354,1371,0.470659399320998,0.483854602559185,46,81,"Comercio al por menor","Otros servicios excepto actividades gubernamentales"
466312,812310,"Comercio al por menor de plantas y flores naturales","Servicios funerarios","0.733333333333333",3354,891.5,0.470659399320998,0.364736566379803,46,81,"Comercio al por menor","Otros servicios excepto actividades gubernamentales"
466313,623991,"Comercio al por menor de antigüedades y obras de arte","Orfanatos y otras residencias de asistencia social del sector privado","0.6",30,53.5,0.290511681874749,0.278917746921517,46,62,"Comercio al por menor","Servicios de salud y de asistencia social"
466313,722310,"Comercio al por menor de antigüedades y obras de arte","Servicios de comedor para empresas e instituciones","0.4",30,40.5,0.290511681874749,0.286008059436128,46,72,"Comercio al por menor","Servicios de alojamiento temporal y de preparación de alimentos y bebidas"
466314,488491,"Comercio al por menor de lámparas ornamentales y candiles","Servicios de administración de centrales camioneras","0.666666666666667",7.5,116.5,0.247037457939999,0.42597720604047,46,48,"Comercio al por menor","Transportes, correos y almacenamiento"
466314,513131,"Comercio al por menor de lámparas ornamentales y candiles","Edición de libros en formato electrónico","0.666666666666667",7.5,23,0.247037457939999,0.21882188273334,46,51,"Comercio al por menor","Información en medios masivos"
466314,519290,"Comercio al por menor de lámparas ornamentales y candiles","Portales de búsqueda en la red y otros servicios de suministro de información","0.666666666666667",7.5,13,0.247037457939999,0.218049859068592,46,51,"Comercio al por menor","Información en medios masivos"
466314,532289,"Comercio al por menor de lámparas ornamentales y candiles","Alquiler de otros artículos para el hogar y personales","0.666666666666667",7.5,10,0.247037457939999,0.262494601007477,46,53,"Comercio al por menor","Servicios inmobiliarios y de alquiler de bienes muebles e intangibles"
466314,561740,"Comercio al por menor de lámparas ornamentales y candiles","Servicios de limpieza de tapicería, alfombras y muebles","0.666666666666667",7.5,5,0.247037457939999,0.328246531979337,46,56,"Comercio al por menor","Servicios de apoyo a los negocios y manejo de residuos, y servicios de remediación"
466314,611181,"Comercio al por menor de lámparas ornamentales y candiles","Escuelas del sector privado de educación para necesidades especiales","0.666666666666667",7.5,36,0.247037457939999,0.270030272919311,46,61,"Comercio al por menor","Servicios educativos"
466319,811311,"Comercio al por menor de otros artículos para la decoración de interiores","Reparación y mantenimiento de maquinaria y equipo agropecuario y forestal","0.608695652173913",413.5,156,0.352794206895237,0.451338109108437,46,81,"Comercio al por menor","Otros servicios excepto actividades gubernamentales"
466410,467114,"Comercio al por menor de artículos usados","Comercio al por menor de vidrios y espejos","0.658536585365854",5516.5,2129,0.44471514354913,0.475997410792549,46,46,"Comercio al por menor","Comercio al por menor"
466410,722513,"Comercio al por menor de artículos usados","Restaurantes con servicio de preparación de antojitos","0.657894736842105",5516.5,15508,0.44471514354913,0.478468568599696,46,72,"Comercio al por menor","Servicios de alojamiento temporal y de preparación de alimentos y bebidas"
466410,811192,"Comercio al por menor de artículos usados","Lavado y lubricado de automóviles y camiones","0.702702702702703",5516.5,3337,0.44471514354913,0.450474785883919,46,81,"Comercio al por menor","Otros servicios excepto actividades gubernamentales"
466410,811493,"Comercio al por menor de artículos usados","Reparación y mantenimiento de bicicletas","0.717948717948718",5516.5,852.5,0.44471514354913,0.482119374474186,46,81,"Comercio al por menor","Otros servicios excepto actividades gubernamentales"
467112,811129,"Comercio al por menor de pisos y recubrimientos cerámicos","Instalación de cristales y otras reparaciones a la carrocería de automóviles y camiones","0.5625",706.5,210,0.386148577931668,0.424210324312752,46,81,"Comercio al por menor","Otros servicios excepto actividades gubernamentales"
467112,812120,"Comercio al por menor de pisos y recubrimientos cerámicos","Baños públicos","0.466666666666667",706.5,47.5,0.386148577931668,0.396264886139618,46,81,"Comercio al por menor","Otros servicios excepto actividades gubernamentales"
467113,611512,"Comercio al por menor de pintura","Escuelas del sector público dedicadas a la enseñanza de oficios","0.428571428571429",1555,348,0.441339503744467,0.365284303698489,46,61,"Comercio al por menor","Servicios educativos"
467114,811493,"Comercio al por menor de vidrios y espejos","Reparación y mantenimiento de bicicletas","0.658536585365854",2129,852.5,0.475997410792549,0.482119374474186,46,81,"Comercio al por menor","Otros servicios excepto actividades gubernamentales"
467114,812310,"Comercio al por menor de vidrios y espejos","Servicios funerarios","0.688888888888889",2129,891.5,0.475997410792549,0.364736566379803,46,81,"Comercio al por menor","Otros servicios excepto actividades gubernamentales"
467115,812110,"Comercio al por menor de artículos para la limpieza","Salones y clínicas de belleza y peluquerías","0.633333333333333",5150,18521.5,0.435578341940029,0.458251418089123,46,81,"Comercio al por menor","Otros servicios excepto actividades gubernamentales"
467116,518210,"Comercio al por menor de materiales para la construcción en tiendas de autoservicio especializadas","Provisión de infraestructura de servicios de cómputo, procesamiento de datos, hospedaje de páginas de internet y otros servicios relacionados","0.5",434.5,46,0.280977925384079,0.293183874802029,46,51,"Comercio al por menor","Información en medios masivos"
468111,532110,"Comercio al por menor de automóviles y camionetas nuevos","Alquiler de automóviles sin chofer","0.75",2690.5,72,0.293622530823277,0.296711753681502,46,53,"Comercio al por menor","Servicios inmobiliarios y de alquiler de bienes muebles e intangibles"
468111,623991,"Comercio al por menor de automóviles y camionetas nuevos","Orfanatos y otras residencias de asistencia social del sector privado","0.75",2690.5,53.5,0.293622530823277,0.278917746921517,46,62,"Comercio al por menor","Servicios de salud y de asistencia social"
468112,488410,"Comercio al por menor de automóviles y camionetas usados","Servicios de grúa","0.545454545454545",817,243,0.306857139722648,0.33615960830538,46,48,"Comercio al por menor","Transportes, correos y almacenamiento"
468112,611171,"Comercio al por menor de automóviles y camionetas usados","Escuelas del sector privado que combinan diversos niveles de educación","0.545454545454545",817,5819,0.306857139722648,0.296069417930392,46,61,"Comercio al por menor","Servicios educativos"
468112,611511,"Comercio al por menor de automóviles y camionetas usados","Escuelas del sector privado dedicadas a la enseñanza de oficios","0.636363636363636",817,489.5,0.306857139722648,0.4154605365576,46,61,"Comercio al por menor","Servicios educativos"
468112,623221,"Comercio al por menor de automóviles y camionetas usados","Residencias del sector privado para el cuidado de personas con problemas de trastorno mental y adicción","0.5",817,132,0.306857139722648,0.350875048578104,46,62,"Comercio al por menor","Servicios de salud y de asistencia social"
468211,622112,"Comercio al por menor de partes y refacciones nuevas para automóviles, camionetas y camiones","Hospitales generales del sector público","0.5",4811,5022,0.352899386675477,0.391036642924569,46,62,"Comercio al por menor","Servicios de salud y de asistencia social"
468211,622311,"Comercio al por menor de partes y refacciones nuevas para automóviles, camionetas y camiones","Hospitales del sector privado de otras especialidades médicas","0.611111111111111",4811,419.5,0.352899386675477,0.32478210892665,46,62,"Comercio al por menor","Servicios de salud y de asistencia social"
468211,811119,"Comercio al por menor de partes y refacciones nuevas para automóviles, camionetas y camiones","Otras reparaciones mecánicas de automóviles y camiones","0.55",4811,1134.5,0.352899386675477,0.413891417064213,46,81,"Comercio al por menor","Otros servicios excepto actividades gubernamentales"
468212,811199,"Comercio al por menor de partes y refacciones usadas para automóviles, camionetas y camiones","Otros servicios de reparación y mantenimiento de automóviles y camiones","0.619047619047619",612,444,0.356600659745284,0.306397775228385,46,81,"Comercio al por menor","Otros servicios excepto actividades gubernamentales"
468412,624412,"Comercio al por menor de gas LP en cilindros y para tanques estacionarios","Guarderías del sector público","0.411764705882353",1939.5,680,0.404082540353521,0.316463348236381,46,62,"Comercio al por menor","Servicios de salud y de asistencia social"
468412,711311,"Comercio al por menor de gas LP en cilindros y para tanques estacionarios","Promotores del sector privado de espectáculos artísticos, culturales, deportivos y similares que cuentan con instalaciones para presentarlos","0.4375",1939.5,278.5,0.404082540353521,0.393810308032605,46,71,"Comercio al por menor","Servicios de esparcimiento culturales y deportivos, y otros servicios recreativos"
468413,541810,"Comercio al por menor de gas LP en estaciones de carburación","Agencias de publicidad","0.461538461538462",206.5,382,0.416224047966818,0.257050333376625,46,54,"Comercio al por menor","Servicios profesionales, científicos y técnicos"
468413,624411,"Comercio al por menor de gas LP en estaciones de carburación","Guarderías del sector privado","0.571428571428571",206.5,667.5,0.416224047966818,0.328709888601829,46,62,"Comercio al por menor","Servicios de salud y de asistencia social"
468414,522220,"Comercio al por menor en estaciones de gas natural vehicular","Fondos y fideicomisos financieros","0.4",18,272,0.269027174641848,0.387234103928216,46,52,"Comercio al por menor","Servicios financieros y de seguros"
468419,532281,"Comercio al por menor de otros combustibles","Alquiler de prendas de vestir","0.526315789473684",117.5,220.5,0.428034019926685,0.358582826850896,46,53,"Comercio al por menor","Servicios inmobiliarios y de alquiler de bienes muebles e intangibles"
468420,722513,"Comercio al por menor de aceites y grasas lubricantes, aditivos y similares para vehículos de motor","Restaurantes con servicio de preparación de antojitos","0.631578947368421",1211,15508,0.468576224905609,0.478468568599696,46,72,"Comercio al por menor","Servicios de alojamiento temporal y de preparación de alimentos y bebidas"
468420,811112,"Comercio al por menor de aceites y grasas lubricantes, aditivos y similares para vehículos de motor","Reparación del sistema eléctrico y electrónico de automóviles y camiones","0.666666666666667",1211,1388,0.468576224905609,0.449306881917322,46,81,"Comercio al por menor","Otros servicios excepto actividades gubernamentales"
468420,813230,"Comercio al por menor de aceites y grasas lubricantes, aditivos y similares para vehículos de motor","Asociaciones y organizaciones civiles","0.53125",1211,1459.5,0.468576224905609,0.368679184537444,46,81,"Comercio al por menor","Otros servicios excepto actividades gubernamentales"
469110,611121,"Intermediación de comercio al por menor, y comercio al por menor a través de catálogos impresos, televisión y similares","Escuelas de educación primaria del sector privado","0.6",176,1026,0.256041436334948,0.28879657313962,46,61,"Comercio al por menor","Servicios educativos"
481210,484111,"Transporte aéreo no regular","Autotransporte local de productos agrícolas sin refrigeración","1",8,2.5,0.244426385742583,0.283931217488884,48,48,"Transportes, correos y almacenamiento","Transportes, correos y almacenamiento"
481210,486910,"Transporte aéreo no regular","Transporte por ductos de productos refinados del petróleo","1",8,8,0.244426385742583,0.277077589218141,48,48,"Transportes, correos y almacenamiento","Transportes, correos y almacenamiento"
481210,488112,"Transporte aéreo no regular","Administración de aeropuertos y helipuertos","1",8,20.5,0.244426385742583,0.282745640603857,48,48,"Transportes, correos y almacenamiento","Transportes, correos y almacenamiento"
481210,488190,"Transporte aéreo no regular","Otros servicios relacionados con el transporte aéreo","1",8,43.5,0.244426385742583,0.283400741135613,48,48,"Transportes, correos y almacenamiento","Transportes, correos y almacenamiento"
481210,488511,"Transporte aéreo no regular","Servicios de agencias aduanales","1",8,7.5,0.244426385742583,0.269153349746806,48,48,"Transportes, correos y almacenamiento","Transportes, correos y almacenamiento"
481210,513121,"Transporte aéreo no regular","Edición de revistas y otras publicaciones periódicas en formato electrónico","1",8,2.5,0.244426385742583,0.302962498349444,48,51,"Transportes, correos y almacenamiento","Información en medios masivos"
481210,513210,"Transporte aéreo no regular","Edición de software","1",8,2.5,0.244426385742583,0.201417353600563,48,51,"Transportes, correos y almacenamiento","Información en medios masivos"
481210,524130,"Transporte aéreo no regular","Compañías afianzadoras","1",8,15.5,0.244426385742583,0.213940415730347,48,52,"Transportes, correos y almacenamiento","Servicios financieros y de seguros"
481210,532412,"Transporte aéreo no regular","Alquiler de equipo de transporte, excepto terrestre","1",8,8,0.244426385742583,0.273410240000319,48,53,"Transportes, correos y almacenamiento","Servicios inmobiliarios y de alquiler de bienes muebles e intangibles"
481210,541350,"Transporte aéreo no regular","Servicios de inspección de edificios","1",8,89,0.244426385742583,0.385511648068737,48,54,"Transportes, correos y almacenamiento","Servicios profesionales, científicos y técnicos"
481210,541722,"Transporte aéreo no regular","Servicios de investigación científica y desarrollo en ciencias sociales y humanidades, prestados por el sector público","1",8,75.5,0.244426385742583,0.3926697655495,48,54,"Transportes, correos y almacenamiento","Servicios profesionales, científicos y técnicos"
481210,541820,"Transporte aéreo no regular","Agencias de relaciones públicas","1",8,8,0.244426385742583,0.187220354878919,48,54,"Transportes, correos y almacenamiento","Servicios profesionales, científicos y técnicos"
481210,541870,"Transporte aéreo no regular","Distribución de material publicitario","1",8,2.5,0.244426385742583,0.297138636536386,48,54,"Transportes, correos y almacenamiento","Servicios profesionales, científicos y técnicos"
481210,541910,"Transporte aéreo no regular","Servicios de investigación de mercados y encuestas de opinión pública","1",8,41,0.244426385742583,0.182545817011302,48,54,"Transportes, correos y almacenamiento","Servicios profesionales, científicos y técnicos"
481210,541990,"Transporte aéreo no regular","Otros servicios profesionales, científicos y técnicos","1",8,5,0.244426385742583,0.252814701117202,48,54,"Transportes, correos y almacenamiento","Servicios profesionales, científicos y técnicos"
481210,611431,"Transporte aéreo no regular","Escuelas para la capacitación de ejecutivos del sector privado","1",8,43,0.244426385742583,0.329957515805206,48,61,"Transportes, correos y almacenamiento","Servicios educativos"
481210,621114,"Transporte aéreo no regular","Consultorios de medicina especializada del sector público","1",8,8,0.244426385742583,0.360460039424648,48,62,"Transportes, correos y almacenamiento","Servicios de salud y de asistencia social"
481210,621411,"Transporte aéreo no regular","Centros de planificación familiar del sector privado","1",8,36,0.244426385742583,0.295842120354262,48,62,"Transportes, correos y almacenamiento","Servicios de salud y de asistencia social"
481210,621412,"Transporte aéreo no regular","Centros de planificación familiar del sector público","1",8,20.5,0.244426385742583,0.452740413072709,48,62,"Transportes, correos y almacenamiento","Servicios de salud y de asistencia social"
481210,621492,"Transporte aéreo no regular","Otros centros del sector público para la atención de pacientes que no requieren hospitalización","1",8,20.5,0.244426385742583,0.410589166151199,48,62,"Transportes, correos y almacenamiento","Servicios de salud y de asistencia social"
481210,621512,"Transporte aéreo no regular","Laboratorios médicos y de diagnóstico del sector público","1",8,81,0.244426385742583,0.405751894001053,48,62,"Transportes, correos y almacenamiento","Servicios de salud y de asistencia social"
481210,621992,"Transporte aéreo no regular","Servicios de bancos de órganos, bancos de sangre y otros servicios auxiliares al tratamiento médico prestados por el sector público","1",8,40.5,0.244426385742583,0.437933820392971,48,62,"Transportes, correos y almacenamiento","Servicios de salud y de asistencia social"
481210,624221,"Transporte aéreo no regular","Refugios temporales comunitarios del sector privado","1",8,2.5,0.244426385742583,0.299862818722939,48,62,"Transportes, correos y almacenamiento","Servicios de salud y de asistencia social"
481210,713299,"Transporte aéreo no regular","Otros juegos de azar","1",8,478,0.244426385742583,0.270589016115023,48,71,"Transportes, correos y almacenamiento","Servicios de esparcimiento culturales y deportivos, y otros servicios recreativos"
481210,713950,"Transporte aéreo no regular","Boliches","1",8,28.5,0.244426385742583,0.289971036915563,48,71,"Transportes, correos y almacenamiento","Servicios de esparcimiento culturales y deportivos, y otros servicios recreativos"
481210,931110,"Transporte aéreo no regular","Órganos legislativos","1",8,326.5,0.244426385742583,0.425402710869892,48,93,"Transportes, correos y almacenamiento","Actividades legislativas, gubernamentales, de impartición de justicia y de organismos internacionales y extraterritoriales"
484111,486910,"Autotransporte local de productos agrícolas sin refrigeración","Transporte por ductos de productos refinados del petróleo","1",2.5,8,0.283931217488884,0.277077589218141,48,48,"Transportes, correos y almacenamiento","Transportes, correos y almacenamiento"
484111,488112,"Autotransporte local de productos agrícolas sin refrigeración","Administración de aeropuertos y helipuertos","1",2.5,20.5,0.283931217488884,0.282745640603857,48,48,"Transportes, correos y almacenamiento","Transportes, correos y almacenamiento"
484111,488190,"Autotransporte local de productos agrícolas sin refrigeración","Otros servicios relacionados con el transporte aéreo","1",2.5,43.5,0.283931217488884,0.283400741135613,48,48,"Transportes, correos y almacenamiento","Transportes, correos y almacenamiento"
484111,488511,"Autotransporte local de productos agrícolas sin refrigeración","Servicios de agencias aduanales","1",2.5,7.5,0.283931217488884,0.269153349746806,48,48,"Transportes, correos y almacenamiento","Transportes, correos y almacenamiento"
484111,513121,"Autotransporte local de productos agrícolas sin refrigeración","Edición de revistas y otras publicaciones periódicas en formato electrónico","1",2.5,2.5,0.283931217488884,0.302962498349444,48,51,"Transportes, correos y almacenamiento","Información en medios masivos"
484111,513210,"Autotransporte local de productos agrícolas sin refrigeración","Edición de software","1",2.5,2.5,0.283931217488884,0.201417353600563,48,51,"Transportes, correos y almacenamiento","Información en medios masivos"
484111,524130,"Autotransporte local de productos agrícolas sin refrigeración","Compañías afianzadoras","1",2.5,15.5,0.283931217488884,0.213940415730347,48,52,"Transportes, correos y almacenamiento","Servicios financieros y de seguros"
484111,532412,"Autotransporte local de productos agrícolas sin refrigeración","Alquiler de equipo de transporte, excepto terrestre","1",2.5,8,0.283931217488884,0.273410240000319,48,53,"Transportes, correos y almacenamiento","Servicios inmobiliarios y de alquiler de bienes muebles e intangibles"
484111,541350,"Autotransporte local de productos agrícolas sin refrigeración","Servicios de inspección de edificios","1",2.5,89,0.283931217488884,0.385511648068737,48,54,"Transportes, correos y almacenamiento","Servicios profesionales, científicos y técnicos"
484111,541722,"Autotransporte local de productos agrícolas sin refrigeración","Servicios de investigación científica y desarrollo en ciencias sociales y humanidades, prestados por el sector público","1",2.5,75.5,0.283931217488884,0.3926697655495,48,54,"Transportes, correos y almacenamiento","Servicios profesionales, científicos y técnicos"
484111,541820,"Autotransporte local de productos agrícolas sin refrigeración","Agencias de relaciones públicas","1",2.5,8,0.283931217488884,0.187220354878919,48,54,"Transportes, correos y almacenamiento","Servicios profesionales, científicos y técnicos"
484111,541870,"Autotransporte local de productos agrícolas sin refrigeración","Distribución de material publicitario","1",2.5,2.5,0.283931217488884,0.297138636536386,48,54,"Transportes, correos y almacenamiento","Servicios profesionales, científicos y técnicos"
484111,541910,"Autotransporte local de productos agrícolas sin refrigeración","Servicios de investigación de mercados y encuestas de opinión pública","1",2.5,41,0.283931217488884,0.182545817011302,48,54,"Transportes, correos y almacenamiento","Servicios profesionales, científicos y técnicos"
484111,541990,"Autotransporte local de productos agrícolas sin refrigeración","Otros servicios profesionales, científicos y técnicos","1",2.5,5,0.283931217488884,0.252814701117202,48,54,"Transportes, correos y almacenamiento","Servicios profesionales, científicos y técnicos"
484111,611431,"Autotransporte local de productos agrícolas sin refrigeración","Escuelas para la capacitación de ejecutivos del sector privado","1",2.5,43,0.283931217488884,0.329957515805206,48,61,"Transportes, correos y almacenamiento","Servicios educativos"
484111,621114,"Autotransporte local de productos agrícolas sin refrigeración","Consultorios de medicina especializada del sector público","1",2.5,8,0.283931217488884,0.360460039424648,48,62,"Transportes, correos y almacenamiento","Servicios de salud y de asistencia social"
484111,621411,"Autotransporte local de productos agrícolas sin refrigeración","Centros de planificación familiar del sector privado","1",2.5,36,0.283931217488884,0.295842120354262,48,62,"Transportes, correos y almacenamiento","Servicios de salud y de asistencia social"
484111,621412,"Autotransporte local de productos agrícolas sin refrigeración","Centros de planificación familiar del sector público","1",2.5,20.5,0.283931217488884,0.452740413072709,48,62,"Transportes, correos y almacenamiento","Servicios de salud y de asistencia social"
484111,621492,"Autotransporte local de productos agrícolas sin refrigeración","Otros centros del sector público para la atención de pacientes que no requieren hospitalización","1",2.5,20.5,0.283931217488884,0.410589166151199,48,62,"Transportes, correos y almacenamiento","Servicios de salud y de asistencia social"
484111,621512,"Autotransporte local de productos agrícolas sin refrigeración","Laboratorios médicos y de diagnóstico del sector público","1",2.5,81,0.283931217488884,0.405751894001053,48,62,"Transportes, correos y almacenamiento","Servicios de salud y de asistencia social"
484111,621992,"Autotransporte local de productos agrícolas sin refrigeración","Servicios de bancos de órganos, bancos de sangre y otros servicios auxiliares al tratamiento médico prestados por el sector público","1",2.5,40.5,0.283931217488884,0.437933820392971,48,62,"Transportes, correos y almacenamiento","Servicios de salud y de asistencia social"
484111,624221,"Autotransporte local de productos agrícolas sin refrigeración","Refugios temporales comunitarios del sector privado","1",2.5,2.5,0.283931217488884,0.299862818722939,48,62,"Transportes, correos y almacenamiento","Servicios de salud y de asistencia social"
484111,713299,"Autotransporte local de productos agrícolas sin refrigeración","Otros juegos de azar","1",2.5,478,0.283931217488884,0.270589016115023,48,71,"Transportes, correos y almacenamiento","Servicios de esparcimiento culturales y deportivos, y otros servicios recreativos"
484111,713950,"Autotransporte local de productos agrícolas sin refrigeración","Boliches","1",2.5,28.5,0.283931217488884,0.289971036915563,48,71,"Transportes, correos y almacenamiento","Servicios de esparcimiento culturales y deportivos, y otros servicios recreativos"
484111,931110,"Autotransporte local de productos agrícolas sin refrigeración","Órganos legislativos","1",2.5,326.5,0.283931217488884,0.425402710869892,48,93,"Transportes, correos y almacenamiento","Actividades legislativas, gubernamentales, de impartición de justicia y de organismos internacionales y extraterritoriales"
484119,611698,"Otro autotransporte local de carga general","Otros servicios educativos proporcionados por el sector privado","0.555555555555556",268,122.5,0.261854860935579,0.301992386883147,48,61,"Transportes, correos y almacenamiento","Servicios educativos"
484129,484231,"Otro autotransporte foráneo de carga general","Autotransporte foráneo de materiales para la construcción","0.5",1357,1030,0.292236516345427,0.350447854511783,48,48,"Transportes, correos y almacenamiento","Transportes, correos y almacenamiento"
484210,484223,"Servicios de mudanzas","Autotransporte local con refrigeración","0.5",53.5,40.5,0.268259939373651,0.315910326675193,48,48,"Transportes, correos y almacenamiento","Transportes, correos y almacenamiento"
484222,541840,"Autotransporte local de materiales y residuos peligrosos","Agencias de representación de medios","0.5",116,25.5,0.35811979310653,0.355772711385214,48,54,"Transportes, correos y almacenamiento","Servicios profesionales, científicos y técnicos"
484231,484232,"Autotransporte foráneo de materiales para la construcción","Autotransporte foráneo de materiales y residuos peligrosos","0.5",1030,1739.5,0.350447854511783,0.369662377428959,48,48,"Transportes, correos y almacenamiento","Transportes, correos y almacenamiento"
484232,488519,"Autotransporte foráneo de materiales y residuos peligrosos","Otros servicios de intermediación para el transporte de carga","0.6",1739.5,701,0.369662377428959,0.254089400530372,48,48,"Transportes, correos y almacenamiento","Transportes, correos y almacenamiento"
484233,492110,"Autotransporte foráneo con refrigeración","Servicios de mensajería y paquetería foránea","0.666666666666667",28,819.5,0.283455817162993,0.263712467021215,48,49,"Transportes, correos y almacenamiento","Transportes, correos y almacenamiento"
484233,541712,"Autotransporte foráneo con refrigeración","Servicios de investigación científica y desarrollo en ciencias naturales y exactas, ingeniería, y ciencias de la vida, prestados por el sector público","0.666666666666667",28,31,0.283455817162993,0.314153804805243,48,54,"Transportes, correos y almacenamiento","Servicios profesionales, científicos y técnicos"
484233,561422,"Autotransporte foráneo con refrigeración","Servicios de recepción de llamadas telefónicas y promoción por teléfono","1",28,925.5,0.283455817162993,0.320599369124025,48,56,"Transportes, correos y almacenamiento","Servicios de apoyo a los negocios y manejo de residuos, y servicios de remediación"
484233,611212,"Autotransporte foráneo con refrigeración","Escuelas de educación técnica superior del sector público","0.666666666666667",28,347,0.283455817162993,0.389192805363615,48,61,"Transportes, correos y almacenamiento","Servicios educativos"
484233,623222,"Autotransporte foráneo con refrigeración","Residencias del sector público para el cuidado de personas con problemas de trastorno mental y adicción","0.666666666666667",28,63.5,0.283455817162993,0.390894389227496,48,62,"Transportes, correos y almacenamiento","Servicios de salud y de asistencia social"
484239,561610,"Otro autotransporte foráneo de carga especializado","Servicios de investigación y de protección y custodia, excepto mediante monitoreo","0.5",653.5,3314.5,0.285940740747968,0.358153728440035,48,56,"Transportes, correos y almacenamiento","Servicios de apoyo a los negocios y manejo de residuos, y servicios de remediación"
485111,611691,"Transporte colectivo urbano y suburbano de pasajeros en autobuses de ruta fija","Servicios de profesores particulares","0.5",1748,340.5,0.387527313375367,0.304680701444702,48,61,"Transportes, correos y almacenamiento","Servicios educativos"
485111,721113,"Transporte colectivo urbano y suburbano de pasajeros en autobuses de ruta fija","Moteles","0.5",1748,655,0.387527313375367,0.360306528236982,48,72,"Transportes, correos y almacenamiento","Servicios de alojamiento temporal y de preparación de alimentos y bebidas"
485210,522490,"Transporte colectivo foráneo de pasajeros de ruta fija","Otras instituciones de intermediación crediticia y financiera no bursátil","0.545454545454545",2330.5,280.5,0.459837125859291,0.333957050883753,48,52,"Transportes, correos y almacenamiento","Servicios financieros y de seguros"
485320,624198,"Alquiler de automóviles con chofer","Otros servicios de orientación y trabajo social prestados por el sector privado","0.333333333333333",50.5,36,0.251955999685951,0.340001190441839,48,62,"Transportes, correos y almacenamiento","Servicios de salud y de asistencia social"
485320,711212,"Alquiler de automóviles con chofer","Equipos deportivos profesionales","0.333333333333333",50.5,251,0.251955999685951,0.356866605721112,48,71,"Transportes, correos y almacenamiento","Servicios de esparcimiento culturales y deportivos, y otros servicios recreativos"
485410,561720,"Transporte escolar y de personal","Servicios de limpieza de inmuebles","0.666666666666667",144.5,267.5,0.296609674331137,0.268278753007155,48,56,"Transportes, correos y almacenamiento","Servicios de apoyo a los negocios y manejo de residuos, y servicios de remediación"
485410,562998,"Transporte escolar y de personal","Otros servicios de manejo de residuos por el sector privado","0.666666666666667",144.5,18.5,0.296609674331137,0.292837738385569,48,56,"Transportes, correos y almacenamiento","Servicios de apoyo a los negocios y manejo de residuos, y servicios de remediación"
486210,551111,"Transporte de gas natural por ductos","Dirección y administración de grupos empresariales o corporativos","0.5",2.5,15.5,0.309192130856985,0.246647789533243,48,55,"Transportes, correos y almacenamiento","Dirección y administración de grupos empresariales o corporativos"
486910,488112,"Transporte por ductos de productos refinados del petróleo","Administración de aeropuertos y helipuertos","1",8,20.5,0.277077589218141,0.282745640603857,48,48,"Transportes, correos y almacenamiento","Transportes, correos y almacenamiento"
486910,488190,"Transporte por ductos de productos refinados del petróleo","Otros servicios relacionados con el transporte aéreo","1",8,43.5,0.277077589218141,0.283400741135613,48,48,"Transportes, correos y almacenamiento","Transportes, correos y almacenamiento"
486910,488511,"Transporte por ductos de productos refinados del petróleo","Servicios de agencias aduanales","1",8,7.5,0.277077589218141,0.269153349746806,48,48,"Transportes, correos y almacenamiento","Transportes, correos y almacenamiento"
486910,513121,"Transporte por ductos de productos refinados del petróleo","Edición de revistas y otras publicaciones periódicas en formato electrónico","1",8,2.5,0.277077589218141,0.302962498349444,48,51,"Transportes, correos y almacenamiento","Información en medios masivos"
486910,513210,"Transporte por ductos de productos refinados del petróleo","Edición de software","1",8,2.5,0.277077589218141,0.201417353600563,48,51,"Transportes, correos y almacenamiento","Información en medios masivos"
486910,524130,"Transporte por ductos de productos refinados del petróleo","Compañías afianzadoras","1",8,15.5,0.277077589218141,0.213940415730347,48,52,"Transportes, correos y almacenamiento","Servicios financieros y de seguros"
486910,532412,"Transporte por ductos de productos refinados del petróleo","Alquiler de equipo de transporte, excepto terrestre","1",8,8,0.277077589218141,0.273410240000319,48,53,"Transportes, correos y almacenamiento","Servicios inmobiliarios y de alquiler de bienes muebles e intangibles"
486910,541350,"Transporte por ductos de productos refinados del petróleo","Servicios de inspección de edificios","1",8,89,0.277077589218141,0.385511648068737,48,54,"Transportes, correos y almacenamiento","Servicios profesionales, científicos y técnicos"
486910,541722,"Transporte por ductos de productos refinados del petróleo","Servicios de investigación científica y desarrollo en ciencias sociales y humanidades, prestados por el sector público","1",8,75.5,0.277077589218141,0.3926697655495,48,54,"Transportes, correos y almacenamiento","Servicios profesionales, científicos y técnicos"
486910,541820,"Transporte por ductos de productos refinados del petróleo","Agencias de relaciones públicas","1",8,8,0.277077589218141,0.187220354878919,48,54,"Transportes, correos y almacenamiento","Servicios profesionales, científicos y técnicos"
486910,541870,"Transporte por ductos de productos refinados del petróleo","Distribución de material publicitario","1",8,2.5,0.277077589218141,0.297138636536386,48,54,"Transportes, correos y almacenamiento","Servicios profesionales, científicos y técnicos"
486910,541910,"Transporte por ductos de productos refinados del petróleo","Servicios de investigación de mercados y encuestas de opinión pública","1",8,41,0.277077589218141,0.182545817011302,48,54,"Transportes, correos y almacenamiento","Servicios profesionales, científicos y técnicos"
486910,541990,"Transporte por ductos de productos refinados del petróleo","Otros servicios profesionales, científicos y técnicos","1",8,5,0.277077589218141,0.252814701117202,48,54,"Transportes, correos y almacenamiento","Servicios profesionales, científicos y técnicos"
486910,611431,"Transporte por ductos de productos refinados del petróleo","Escuelas para la capacitación de ejecutivos del sector privado","1",8,43,0.277077589218141,0.329957515805206,48,61,"Transportes, correos y almacenamiento","Servicios educativos"
486910,621114,"Transporte por ductos de productos refinados del petróleo","Consultorios de medicina especializada del sector público","1",8,8,0.277077589218141,0.360460039424648,48,62,"Transportes, correos y almacenamiento","Servicios de salud y de asistencia social"
486910,621411,"Transporte por ductos de productos refinados del petróleo","Centros de planificación familiar del sector privado","1",8,36,0.277077589218141,0.295842120354262,48,62,"Transportes, correos y almacenamiento","Servicios de salud y de asistencia social"
486910,621412,"Transporte por ductos de productos refinados del petróleo","Centros de planificación familiar del sector público","1",8,20.5,0.277077589218141,0.452740413072709,48,62,"Transportes, correos y almacenamiento","Servicios de salud y de asistencia social"
486910,621492,"Transporte por ductos de productos refinados del petróleo","Otros centros del sector público para la atención de pacientes que no requieren hospitalización","1",8,20.5,0.277077589218141,0.410589166151199,48,62,"Transportes, correos y almacenamiento","Servicios de salud y de asistencia social"
486910,621512,"Transporte por ductos de productos refinados del petróleo","Laboratorios médicos y de diagnóstico del sector público","1",8,81,0.277077589218141,0.405751894001053,48,62,"Transportes, correos y almacenamiento","Servicios de salud y de asistencia social"
486910,621992,"Transporte por ductos de productos refinados del petróleo","Servicios de bancos de órganos, bancos de sangre y otros servicios auxiliares al tratamiento médico prestados por el sector público","1",8,40.5,0.277077589218141,0.437933820392971,48,62,"Transportes, correos y almacenamiento","Servicios de salud y de asistencia social"
486910,624221,"Transporte por ductos de productos refinados del petróleo","Refugios temporales comunitarios del sector privado","1",8,2.5,0.277077589218141,0.299862818722939,48,62,"Transportes, correos y almacenamiento","Servicios de salud y de asistencia social"
486910,713299,"Transporte por ductos de productos refinados del petróleo","Otros juegos de azar","1",8,478,0.277077589218141,0.270589016115023,48,71,"Transportes, correos y almacenamiento","Servicios de esparcimiento culturales y deportivos, y otros servicios recreativos"
486910,713950,"Transporte por ductos de productos refinados del petróleo","Boliches","1",8,28.5,0.277077589218141,0.289971036915563,48,71,"Transportes, correos y almacenamiento","Servicios de esparcimiento culturales y deportivos, y otros servicios recreativos"
486910,931110,"Transporte por ductos de productos refinados del petróleo","Órganos legislativos","1",8,326.5,0.277077589218141,0.425402710869892,48,93,"Transportes, correos y almacenamiento","Actividades legislativas, gubernamentales, de impartición de justicia y de organismos internacionales y extraterritoriales"
487110,561710,"Transporte turístico por tierra","Servicios de control y exterminación de plagas","0.5",136,69,0.326888776962326,0.322265241371142,48,56,"Transportes, correos y almacenamiento","Servicios de apoyo a los negocios y manejo de residuos, y servicios de remediación"
487210,623212,"Transporte turístico por agua","Residencias del sector público para el cuidado de personas con problemas de retardo mental","0.5",43,8,0.353841090359598,0.289863424516424,48,62,"Transportes, correos y almacenamiento","Servicios de salud y de asistencia social"
488112,488190,"Administración de aeropuertos y helipuertos","Otros servicios relacionados con el transporte aéreo","1",20.5,43.5,0.282745640603857,0.283400741135613,48,48,"Transportes, correos y almacenamiento","Transportes, correos y almacenamiento"
488112,488511,"Administración de aeropuertos y helipuertos","Servicios de agencias aduanales","1",20.5,7.5,0.282745640603857,0.269153349746806,48,48,"Transportes, correos y almacenamiento","Transportes, correos y almacenamiento"
488112,513121,"Administración de aeropuertos y helipuertos","Edición de revistas y otras publicaciones periódicas en formato electrónico","1",20.5,2.5,0.282745640603857,0.302962498349444,48,51,"Transportes, correos y almacenamiento","Información en medios masivos"
488112,513210,"Administración de aeropuertos y helipuertos","Edición de software","1",20.5,2.5,0.282745640603857,0.201417353600563,48,51,"Transportes, correos y almacenamiento","Información en medios masivos"
488112,524130,"Administración de aeropuertos y helipuertos","Compañías afianzadoras","1",20.5,15.5,0.282745640603857,0.213940415730347,48,52,"Transportes, correos y almacenamiento","Servicios financieros y de seguros"
488112,532412,"Administración de aeropuertos y helipuertos","Alquiler de equipo de transporte, excepto terrestre","1",20.5,8,0.282745640603857,0.273410240000319,48,53,"Transportes, correos y almacenamiento","Servicios inmobiliarios y de alquiler de bienes muebles e intangibles"
488112,541350,"Administración de aeropuertos y helipuertos","Servicios de inspección de edificios","1",20.5,89,0.282745640603857,0.385511648068737,48,54,"Transportes, correos y almacenamiento","Servicios profesionales, científicos y técnicos"
488112,541722,"Administración de aeropuertos y helipuertos","Servicios de investigación científica y desarrollo en ciencias sociales y humanidades, prestados por el sector público","1",20.5,75.5,0.282745640603857,0.3926697655495,48,54,"Transportes, correos y almacenamiento","Servicios profesionales, científicos y técnicos"
488112,541820,"Administración de aeropuertos y helipuertos","Agencias de relaciones públicas","1",20.5,8,0.282745640603857,0.187220354878919,48,54,"Transportes, correos y almacenamiento","Servicios profesionales, científicos y técnicos"
488112,541870,"Administración de aeropuertos y helipuertos","Distribución de material publicitario","1",20.5,2.5,0.282745640603857,0.297138636536386,48,54,"Transportes, correos y almacenamiento","Servicios profesionales, científicos y técnicos"
488112,541910,"Administración de aeropuertos y helipuertos","Servicios de investigación de mercados y encuestas de opinión pública","1",20.5,41,0.282745640603857,0.182545817011302,48,54,"Transportes, correos y almacenamiento","Servicios profesionales, científicos y técnicos"
488112,541990,"Administración de aeropuertos y helipuertos","Otros servicios profesionales, científicos y técnicos","1",20.5,5,0.282745640603857,0.252814701117202,48,54,"Transportes, correos y almacenamiento","Servicios profesionales, científicos y técnicos"
488112,611431,"Administración de aeropuertos y helipuertos","Escuelas para la capacitación de ejecutivos del sector privado","1",20.5,43,0.282745640603857,0.329957515805206,48,61,"Transportes, correos y almacenamiento","Servicios educativos"
488112,621114,"Administración de aeropuertos y helipuertos","Consultorios de medicina especializada del sector público","1",20.5,8,0.282745640603857,0.360460039424648,48,62,"Transportes, correos y almacenamiento","Servicios de salud y de asistencia social"
488112,621411,"Administración de aeropuertos y helipuertos","Centros de planificación familiar del sector privado","1",20.5,36,0.282745640603857,0.295842120354262,48,62,"Transportes, correos y almacenamiento","Servicios de salud y de asistencia social"
488112,621412,"Administración de aeropuertos y helipuertos","Centros de planificación familiar del sector público","1",20.5,20.5,0.282745640603857,0.452740413072709,48,62,"Transportes, correos y almacenamiento","Servicios de salud y de asistencia social"
488112,621492,"Administración de aeropuertos y helipuertos","Otros centros del sector público para la atención de pacientes que no requieren hospitalización","1",20.5,20.5,0.282745640603857,0.410589166151199,48,62,"Transportes, correos y almacenamiento","Servicios de salud y de asistencia social"
488112,621512,"Administración de aeropuertos y helipuertos","Laboratorios médicos y de diagnóstico del sector público","1",20.5,81,0.282745640603857,0.405751894001053,48,62,"Transportes, correos y almacenamiento","Servicios de salud y de asistencia social"
488112,621992,"Administración de aeropuertos y helipuertos","Servicios de bancos de órganos, bancos de sangre y otros servicios auxiliares al tratamiento médico prestados por el sector público","1",20.5,40.5,0.282745640603857,0.437933820392971,48,62,"Transportes, correos y almacenamiento","Servicios de salud y de asistencia social"
488112,624221,"Administración de aeropuertos y helipuertos","Refugios temporales comunitarios del sector privado","1",20.5,2.5,0.282745640603857,0.299862818722939,48,62,"Transportes, correos y almacenamiento","Servicios de salud y de asistencia social"
488112,713299,"Administración de aeropuertos y helipuertos","Otros juegos de azar","1",20.5,478,0.282745640603857,0.270589016115023,48,71,"Transportes, correos y almacenamiento","Servicios de esparcimiento culturales y deportivos, y otros servicios recreativos"
488112,713950,"Administración de aeropuertos y helipuertos","Boliches","1",20.5,28.5,0.282745640603857,0.289971036915563,48,71,"Transportes, correos y almacenamiento","Servicios de esparcimiento culturales y deportivos, y otros servicios recreativos"
488112,931110,"Administración de aeropuertos y helipuertos","Órganos legislativos","1",20.5,326.5,0.282745640603857,0.425402710869892,48,93,"Transportes, correos y almacenamiento","Actividades legislativas, gubernamentales, de impartición de justicia y de organismos internacionales y extraterritoriales"
488190,488511,"Otros servicios relacionados con el transporte aéreo","Servicios de agencias aduanales","1",43.5,7.5,0.283400741135613,0.269153349746806,48,48,"Transportes, correos y almacenamiento","Transportes, correos y almacenamiento"
488190,513121,"Otros servicios relacionados con el transporte aéreo","Edición de revistas y otras publicaciones periódicas en formato electrónico","1",43.5,2.5,0.283400741135613,0.302962498349444,48,51,"Transportes, correos y almacenamiento","Información en medios masivos"
488190,513210,"Otros servicios relacionados con el transporte aéreo","Edición de software","1",43.5,2.5,0.283400741135613,0.201417353600563,48,51,"Transportes, correos y almacenamiento","Información en medios masivos"
488190,524130,"Otros servicios relacionados con el transporte aéreo","Compañías afianzadoras","1",43.5,15.5,0.283400741135613,0.213940415730347,48,52,"Transportes, correos y almacenamiento","Servicios financieros y de seguros"
488190,532412,"Otros servicios relacionados con el transporte aéreo","Alquiler de equipo de transporte, excepto terrestre","1",43.5,8,0.283400741135613,0.273410240000319,48,53,"Transportes, correos y almacenamiento","Servicios inmobiliarios y de alquiler de bienes muebles e intangibles"
488190,541350,"Otros servicios relacionados con el transporte aéreo","Servicios de inspección de edificios","1",43.5,89,0.283400741135613,0.385511648068737,48,54,"Transportes, correos y almacenamiento","Servicios profesionales, científicos y técnicos"
488190,541722,"Otros servicios relacionados con el transporte aéreo","Servicios de investigación científica y desarrollo en ciencias sociales y humanidades, prestados por el sector público","1",43.5,75.5,0.283400741135613,0.3926697655495,48,54,"Transportes, correos y almacenamiento","Servicios profesionales, científicos y técnicos"
488190,541820,"Otros servicios relacionados con el transporte aéreo","Agencias de relaciones públicas","1",43.5,8,0.283400741135613,0.187220354878919,48,54,"Transportes, correos y almacenamiento","Servicios profesionales, científicos y técnicos"
488190,541870,"Otros servicios relacionados con el transporte aéreo","Distribución de material publicitario","1",43.5,2.5,0.283400741135613,0.297138636536386,48,54,"Transportes, correos y almacenamiento","Servicios profesionales, científicos y técnicos"
488190,541910,"Otros servicios relacionados con el transporte aéreo","Servicios de investigación de mercados y encuestas de opinión pública","1",43.5,41,0.283400741135613,0.182545817011302,48,54,"Transportes, correos y almacenamiento","Servicios profesionales, científicos y técnicos"
488190,541990,"Otros servicios relacionados con el transporte aéreo","Otros servicios profesionales, científicos y técnicos","1",43.5,5,0.283400741135613,0.252814701117202,48,54,"Transportes, correos y almacenamiento","Servicios profesionales, científicos y técnicos"
488190,611431,"Otros servicios relacionados con el transporte aéreo","Escuelas para la capacitación de ejecutivos del sector privado","1",43.5,43,0.283400741135613,0.329957515805206,48,61,"Transportes, correos y almacenamiento","Servicios educativos"
488190,621114,"Otros servicios relacionados con el transporte aéreo","Consultorios de medicina especializada del sector público","1",43.5,8,0.283400741135613,0.360460039424648,48,62,"Transportes, correos y almacenamiento","Servicios de salud y de asistencia social"
488190,621411,"Otros servicios relacionados con el transporte aéreo","Centros de planificación familiar del sector privado","1",43.5,36,0.283400741135613,0.295842120354262,48,62,"Transportes, correos y almacenamiento","Servicios de salud y de asistencia social"
488190,621412,"Otros servicios relacionados con el transporte aéreo","Centros de planificación familiar del sector público","1",43.5,20.5,0.283400741135613,0.452740413072709,48,62,"Transportes, correos y almacenamiento","Servicios de salud y de asistencia social"
488190,621492,"Otros servicios relacionados con el transporte aéreo","Otros centros del sector público para la atención de pacientes que no requieren hospitalización","1",43.5,20.5,0.283400741135613,0.410589166151199,48,62,"Transportes, correos y almacenamiento","Servicios de salud y de asistencia social"
488190,621512,"Otros servicios relacionados con el transporte aéreo","Laboratorios médicos y de diagnóstico del sector público","1",43.5,81,0.283400741135613,0.405751894001053,48,62,"Transportes, correos y almacenamiento","Servicios de salud y de asistencia social"
488190,621992,"Otros servicios relacionados con el transporte aéreo","Servicios de bancos de órganos, bancos de sangre y otros servicios auxiliares al tratamiento médico prestados por el sector público","1",43.5,40.5,0.283400741135613,0.437933820392971,48,62,"Transportes, correos y almacenamiento","Servicios de salud y de asistencia social"
488190,624221,"Otros servicios relacionados con el transporte aéreo","Refugios temporales comunitarios del sector privado","1",43.5,2.5,0.283400741135613,0.299862818722939,48,62,"Transportes, correos y almacenamiento","Servicios de salud y de asistencia social"
488190,713299,"Otros servicios relacionados con el transporte aéreo","Otros juegos de azar","1",43.5,478,0.283400741135613,0.270589016115023,48,71,"Transportes, correos y almacenamiento","Servicios de esparcimiento culturales y deportivos, y otros servicios recreativos"
488190,713950,"Otros servicios relacionados con el transporte aéreo","Boliches","1",43.5,28.5,0.283400741135613,0.289971036915563,48,71,"Transportes, correos y almacenamiento","Servicios de esparcimiento culturales y deportivos, y otros servicios recreativos"
488190,931110,"Otros servicios relacionados con el transporte aéreo","Órganos legislativos","1",43.5,326.5,0.283400741135613,0.425402710869892,48,93,"Transportes, correos y almacenamiento","Actividades legislativas, gubernamentales, de impartición de justicia y de organismos internacionales y extraterritoriales"
488210,541711,"Servicios relacionados con el transporte por ferrocarril","Servicios de investigación científica y desarrollo en ciencias naturales y exactas, ingeniería, y ciencias de la vida, prestados por el sector privado","0.5",78,23,0.383337966685644,0.257439457752121,48,54,"Transportes, correos y almacenamiento","Servicios profesionales, científicos y técnicos"
488491,513131,"Servicios de administración de centrales camioneras","Edición de libros en formato electrónico","0.666666666666667",116.5,23,0.42597720604047,0.21882188273334,48,51,"Transportes, correos y almacenamiento","Información en medios masivos"
488491,519290,"Servicios de administración de centrales camioneras","Portales de búsqueda en la red y otros servicios de suministro de información","0.666666666666667",116.5,13,0.42597720604047,0.218049859068592,48,51,"Transportes, correos y almacenamiento","Información en medios masivos"
488491,532289,"Servicios de administración de centrales camioneras","Alquiler de otros artículos para el hogar y personales","0.666666666666667",116.5,10,0.42597720604047,0.262494601007477,48,53,"Transportes, correos y almacenamiento","Servicios inmobiliarios y de alquiler de bienes muebles e intangibles"
488491,561740,"Servicios de administración de centrales camioneras","Servicios de limpieza de tapicería, alfombras y muebles","0.666666666666667",116.5,5,0.42597720604047,0.328246531979337,48,56,"Transportes, correos y almacenamiento","Servicios de apoyo a los negocios y manejo de residuos, y servicios de remediación"
488491,611181,"Servicios de administración de centrales camioneras","Escuelas del sector privado de educación para necesidades especiales","0.666666666666667",116.5,36,0.42597720604047,0.270030272919311,48,61,"Transportes, correos y almacenamiento","Servicios educativos"
488492,493120,"Servicios de administración de carreteras, puentes y servicios auxiliares","Almacenamiento con refrigeración","0.666666666666667",31,224,0.396094782380393,0.358743277468612,48,49,"Transportes, correos y almacenamiento","Transportes, correos y almacenamiento"
488493,532122,"Servicios de báscula para el transporte y otros servicios relacionados con el transporte por carretera","Alquiler de autobuses, minibuses y remolques sin chofer","0.5",22.5,31,0.362227605100327,0.362910249239264,48,53,"Transportes, correos y almacenamiento","Servicios inmobiliarios y de alquiler de bienes muebles e intangibles"
488511,513121,"Servicios de agencias aduanales","Edición de revistas y otras publicaciones periódicas en formato electrónico","1",7.5,2.5,0.269153349746806,0.302962498349444,48,51,"Transportes, correos y almacenamiento","Información en medios masivos"
488511,513210,"Servicios de agencias aduanales","Edición de software","1",7.5,2.5,0.269153349746806,0.201417353600563,48,51,"Transportes, correos y almacenamiento","Información en medios masivos"
488511,524130,"Servicios de agencias aduanales","Compañías afianzadoras","1",7.5,15.5,0.269153349746806,0.213940415730347,48,52,"Transportes, correos y almacenamiento","Servicios financieros y de seguros"
488511,532412,"Servicios de agencias aduanales","Alquiler de equipo de transporte, excepto terrestre","1",7.5,8,0.269153349746806,0.273410240000319,48,53,"Transportes, correos y almacenamiento","Servicios inmobiliarios y de alquiler de bienes muebles e intangibles"
488511,541350,"Servicios de agencias aduanales","Servicios de inspección de edificios","1",7.5,89,0.269153349746806,0.385511648068737,48,54,"Transportes, correos y almacenamiento","Servicios profesionales, científicos y técnicos"
488511,541722,"Servicios de agencias aduanales","Servicios de investigación científica y desarrollo en ciencias sociales y humanidades, prestados por el sector público","1",7.5,75.5,0.269153349746806,0.3926697655495,48,54,"Transportes, correos y almacenamiento","Servicios profesionales, científicos y técnicos"
488511,541820,"Servicios de agencias aduanales","Agencias de relaciones públicas","1",7.5,8,0.269153349746806,0.187220354878919,48,54,"Transportes, correos y almacenamiento","Servicios profesionales, científicos y técnicos"
488511,541870,"Servicios de agencias aduanales","Distribución de material publicitario","1",7.5,2.5,0.269153349746806,0.297138636536386,48,54,"Transportes, correos y almacenamiento","Servicios profesionales, científicos y técnicos"
488511,541910,"Servicios de agencias aduanales","Servicios de investigación de mercados y encuestas de opinión pública","1",7.5,41,0.269153349746806,0.182545817011302,48,54,"Transportes, correos y almacenamiento","Servicios profesionales, científicos y técnicos"
488511,541990,"Servicios de agencias aduanales","Otros servicios profesionales, científicos y técnicos","1",7.5,5,0.269153349746806,0.252814701117202,48,54,"Transportes, correos y almacenamiento","Servicios profesionales, científicos y técnicos"
488511,611431,"Servicios de agencias aduanales","Escuelas para la capacitación de ejecutivos del sector privado","1",7.5,43,0.269153349746806,0.329957515805206,48,61,"Transportes, correos y almacenamiento","Servicios educativos"
488511,621114,"Servicios de agencias aduanales","Consultorios de medicina especializada del sector público","1",7.5,8,0.269153349746806,0.360460039424648,48,62,"Transportes, correos y almacenamiento","Servicios de salud y de asistencia social"
488511,621411,"Servicios de agencias aduanales","Centros de planificación familiar del sector privado","1",7.5,36,0.269153349746806,0.295842120354262,48,62,"Transportes, correos y almacenamiento","Servicios de salud y de asistencia social"
488511,621412,"Servicios de agencias aduanales","Centros de planificación familiar del sector público","1",7.5,20.5,0.269153349746806,0.452740413072709,48,62,"Transportes, correos y almacenamiento","Servicios de salud y de asistencia social"
488511,621492,"Servicios de agencias aduanales","Otros centros del sector público para la atención de pacientes que no requieren hospitalización","1",7.5,20.5,0.269153349746806,0.410589166151199,48,62,"Transportes, correos y almacenamiento","Servicios de salud y de asistencia social"
488511,621512,"Servicios de agencias aduanales","Laboratorios médicos y de diagnóstico del sector público","1",7.5,81,0.269153349746806,0.405751894001053,48,62,"Transportes, correos y almacenamiento","Servicios de salud y de asistencia social"
488511,621992,"Servicios de agencias aduanales","Servicios de bancos de órganos, bancos de sangre y otros servicios auxiliares al tratamiento médico prestados por el sector público","1",7.5,40.5,0.269153349746806,0.437933820392971,48,62,"Transportes, correos y almacenamiento","Servicios de salud y de asistencia social"
488511,624221,"Servicios de agencias aduanales","Refugios temporales comunitarios del sector privado","1",7.5,2.5,0.269153349746806,0.299862818722939,48,62,"Transportes, correos y almacenamiento","Servicios de salud y de asistencia social"
488511,713299,"Servicios de agencias aduanales","Otros juegos de azar","1",7.5,478,0.269153349746806,0.270589016115023,48,71,"Transportes, correos y almacenamiento","Servicios de esparcimiento culturales y deportivos, y otros servicios recreativos"
488511,713950,"Servicios de agencias aduanales","Boliches","1",7.5,28.5,0.269153349746806,0.289971036915563,48,71,"Transportes, correos y almacenamiento","Servicios de esparcimiento culturales y deportivos, y otros servicios recreativos"
488511,931110,"Servicios de agencias aduanales","Órganos legislativos","1",7.5,326.5,0.269153349746806,0.425402710869892,48,93,"Transportes, correos y almacenamiento","Actividades legislativas, gubernamentales, de impartición de justicia y de organismos internacionales y extraterritoriales"
488519,561730,"Otros servicios de intermediación para el transporte de carga","Servicios de instalación y mantenimiento de áreas verdes","0.666666666666667",701,56.5,0.254089400530372,0.251337725067036,48,56,"Transportes, correos y almacenamiento","Servicios de apoyo a los negocios y manejo de residuos, y servicios de remediación"
488990,519211,"Otros servicios relacionados con el transporte","Bibliotecas y archivos del sector privado","0.6",12.5,18,0.297729409867021,0.348736391344385,48,51,"Transportes, correos y almacenamiento","Información en medios masivos"
488990,621399,"Otros servicios relacionados con el transporte","Otros consultorios del sector público para el cuidado de la salud","0.5",12.5,25.5,0.297729409867021,0.372636116240094,48,62,"Transportes, correos y almacenamiento","Servicios de salud y de asistencia social"
492110,541712,"Servicios de mensajería y paquetería foránea","Servicios de investigación científica y desarrollo en ciencias naturales y exactas, ingeniería, y ciencias de la vida, prestados por el sector público","0.666666666666667",819.5,31,0.263712467021215,0.314153804805243,49,54,"Transportes, correos y almacenamiento","Servicios profesionales, científicos y técnicos"
492110,561422,"Servicios de mensajería y paquetería foránea","Servicios de recepción de llamadas telefónicas y promoción por teléfono","0.666666666666667",819.5,925.5,0.263712467021215,0.320599369124025,49,56,"Transportes, correos y almacenamiento","Servicios de apoyo a los negocios y manejo de residuos, y servicios de remediación"
492110,611212,"Servicios de mensajería y paquetería foránea","Escuelas de educación técnica superior del sector público","0.666666666666667",819.5,347,0.263712467021215,0.389192805363615,49,61,"Transportes, correos y almacenamiento","Servicios educativos"
492110,621991,"Servicios de mensajería y paquetería foránea","Servicios de bancos de órganos, bancos de sangre y otros servicios auxiliares al tratamiento médico prestados por el sector privado","0.666666666666667",819.5,23,0.263712467021215,0.390704980593579,49,62,"Transportes, correos y almacenamiento","Servicios de salud y de asistencia social"
492110,623222,"Servicios de mensajería y paquetería foránea","Residencias del sector público para el cuidado de personas con problemas de trastorno mental y adicción","0.666666666666667",819.5,63.5,0.263712467021215,0.390894389227496,49,62,"Transportes, correos y almacenamiento","Servicios de salud y de asistencia social"
492110,811123,"Servicios de mensajería y paquetería foránea","Servicios de blindaje y de adaptación de automóviles y camiones","0.666666666666667",819.5,28,0.263712467021215,0.245276686970214,49,81,"Transportes, correos y almacenamiento","Otros servicios excepto actividades gubernamentales"
492210,523122,"Servicios de mensajería y paquetería local","Centros cambiarios","0.461538461538462",229.5,82.5,0.318117040208117,0.278411491224842,49,52,"Transportes, correos y almacenamiento","Servicios financieros y de seguros"
493111,541711,"Almacenes generales de depósito","Servicios de investigación científica y desarrollo en ciencias naturales y exactas, ingeniería, y ciencias de la vida, prestados por el sector privado","0.5",10.5,23,0.258096954731773,0.257439457752121,49,54,"Transportes, correos y almacenamiento","Servicios profesionales, científicos y técnicos"
493111,621610,"Almacenes generales de depósito","Servicios de enfermería a domicilio","0.5",10.5,5,0.258096954731773,0.295398771525112,49,62,"Transportes, correos y almacenamiento","Servicios de salud y de asistencia social"
493119,522451,"Otros servicios de almacenamiento general sin instalaciones especializadas","Montepíos","0.666666666666667",271.5,103.5,0.268039624066257,0.339539608248813,49,52,"Transportes, correos y almacenamiento","Servicios financieros y de seguros"
493130,561920,"Almacenamiento de productos agrícolas que no requieren refrigeración","Organizadores de convenciones y ferias comerciales e industriales","0.5",5,5,0.276351423268042,0.231974413530779,49,56,"Transportes, correos y almacenamiento","Servicios de apoyo a los negocios y manejo de residuos, y servicios de remediación"
493190,517410,"Otros servicios de almacenamiento con instalaciones especializadas","Operadores de servicios de telecomunicaciones vía satélite","1",8,2.5,0.286038703905147,0.308709447852901,49,51,"Transportes, correos y almacenamiento","Información en medios masivos"
512112,811123,"Producción de programas para la televisión","Servicios de blindaje y de adaptación de automóviles y camiones","0.666666666666667",5,28,0.308692041850062,0.245276686970214,51,81,"Información en medios masivos","Otros servicios excepto actividades gubernamentales"
512130,561610,"Exhibición de películas y otros materiales audiovisuales","Servicios de investigación y de protección y custodia, excepto mediante monitoreo","0.555555555555556",539.5,3314.5,0.311759166226075,0.358153728440035,51,56,"Información en medios masivos","Servicios de apoyo a los negocios y manejo de residuos, y servicios de remediación"
512190,611632,"Servicios de postproducción y otros servicios para la industria fílmica y del video","Escuelas de idiomas del sector público","1",2.5,2.5,0.17256816397201,0.330472480622854,51,61,"Información en medios masivos","Servicios educativos"
512240,513191,"Grabación de discos compactos (CD) y de video digital (DVD) o casetes musicales","Edición de otros materiales en formato electrónico","0.666666666666667",13,5,0.395062266971024,0.302412717177933,51,51,"Información en medios masivos","Información en medios masivos"
512240,621212,"Grabación de discos compactos (CD) y de video digital (DVD) o casetes musicales","Consultorios dentales del sector público","0.666666666666667",13,7.5,0.395062266971024,0.325301959527048,51,62,"Información en medios masivos","Servicios de salud y de asistencia social"
512240,811123,"Grabación de discos compactos (CD) y de video digital (DVD) o casetes musicales","Servicios de blindaje y de adaptación de automóviles y camiones","0.666666666666667",13,28,0.395062266971024,0.245276686970214,51,81,"Información en medios masivos","Otros servicios excepto actividades gubernamentales"
512250,561490,"Productoras y distribuidoras discográficas","Otros servicios de apoyo secretarial y similares","0.25",5,15,0.243841496323924,0.336033262616385,51,56,"Información en medios masivos","Servicios de apoyo a los negocios y manejo de residuos, y servicios de remediación"
513111,811123,"Edición de periódicos en formato electrónico","Servicios de blindaje y de adaptación de automóviles y camiones","0.75",59.5,28,0.447745713047079,0.245276686970214,51,81,"Información en medios masivos","Otros servicios excepto actividades gubernamentales"
513112,561590,"Edición de periódicos integrada con la impresión","Otros servicios de reservaciones","1",282.5,13,0.277339849788849,0.241756197886356,51,56,"Información en medios masivos","Servicios de apoyo a los negocios y manejo de residuos, y servicios de remediación"
513121,513210,"Edición de revistas y otras publicaciones periódicas en formato electrónico","Edición de software","1",2.5,2.5,0.302962498349444,0.201417353600563,51,51,"Información en medios masivos","Información en medios masivos"
513121,524130,"Edición de revistas y otras publicaciones periódicas en formato electrónico","Compañías afianzadoras","1",2.5,15.5,0.302962498349444,0.213940415730347,51,52,"Información en medios masivos","Servicios financieros y de seguros"
513121,532412,"Edición de revistas y otras publicaciones periódicas en formato electrónico","Alquiler de equipo de transporte, excepto terrestre","1",2.5,8,0.302962498349444,0.273410240000319,51,53,"Información en medios masivos","Servicios inmobiliarios y de alquiler de bienes muebles e intangibles"
513121,541350,"Edición de revistas y otras publicaciones periódicas en formato electrónico","Servicios de inspección de edificios","1",2.5,89,0.302962498349444,0.385511648068737,51,54,"Información en medios masivos","Servicios profesionales, científicos y técnicos"
513121,541722,"Edición de revistas y otras publicaciones periódicas en formato electrónico","Servicios de investigación científica y desarrollo en ciencias sociales y humanidades, prestados por el sector público","1",2.5,75.5,0.302962498349444,0.3926697655495,51,54,"Información en medios masivos","Servicios profesionales, científicos y técnicos"
513121,541820,"Edición de revistas y otras publicaciones periódicas en formato electrónico","Agencias de relaciones públicas","1",2.5,8,0.302962498349444,0.187220354878919,51,54,"Información en medios masivos","Servicios profesionales, científicos y técnicos"
513121,541870,"Edición de revistas y otras publicaciones periódicas en formato electrónico","Distribución de material publicitario","1",2.5,2.5,0.302962498349444,0.297138636536386,51,54,"Información en medios masivos","Servicios profesionales, científicos y técnicos"
513121,541910,"Edición de revistas y otras publicaciones periódicas en formato electrónico","Servicios de investigación de mercados y encuestas de opinión pública","1",2.5,41,0.302962498349444,0.182545817011302,51,54,"Información en medios masivos","Servicios profesionales, científicos y técnicos"
513121,541990,"Edición de revistas y otras publicaciones periódicas en formato electrónico","Otros servicios profesionales, científicos y técnicos","1",2.5,5,0.302962498349444,0.252814701117202,51,54,"Información en medios masivos","Servicios profesionales, científicos y técnicos"
513121,611431,"Edición de revistas y otras publicaciones periódicas en formato electrónico","Escuelas para la capacitación de ejecutivos del sector privado","1",2.5,43,0.302962498349444,0.329957515805206,51,61,"Información en medios masivos","Servicios educativos"
513121,621114,"Edición de revistas y otras publicaciones periódicas en formato electrónico","Consultorios de medicina especializada del sector público","1",2.5,8,0.302962498349444,0.360460039424648,51,62,"Información en medios masivos","Servicios de salud y de asistencia social"
513121,621411,"Edición de revistas y otras publicaciones periódicas en formato electrónico","Centros de planificación familiar del sector privado","1",2.5,36,0.302962498349444,0.295842120354262,51,62,"Información en medios masivos","Servicios de salud y de asistencia social"
513121,621412,"Edición de revistas y otras publicaciones periódicas en formato electrónico","Centros de planificación familiar del sector público","1",2.5,20.5,0.302962498349444,0.452740413072709,51,62,"Información en medios masivos","Servicios de salud y de asistencia social"
513121,621492,"Edición de revistas y otras publicaciones periódicas en formato electrónico","Otros centros del sector público para la atención de pacientes que no requieren hospitalización","1",2.5,20.5,0.302962498349444,0.410589166151199,51,62,"Información en medios masivos","Servicios de salud y de asistencia social"
513121,621512,"Edición de revistas y otras publicaciones periódicas en formato electrónico","Laboratorios médicos y de diagnóstico del sector público","1",2.5,81,0.302962498349444,0.405751894001053,51,62,"Información en medios masivos","Servicios de salud y de asistencia social"
513121,621992,"Edición de revistas y otras publicaciones periódicas en formato electrónico","Servicios de bancos de órganos, bancos de sangre y otros servicios auxiliares al tratamiento médico prestados por el sector público","1",2.5,40.5,0.302962498349444,0.437933820392971,51,62,"Información en medios masivos","Servicios de salud y de asistencia social"
513121,624221,"Edición de revistas y otras publicaciones periódicas en formato electrónico","Refugios temporales comunitarios del sector privado","1",2.5,2.5,0.302962498349444,0.299862818722939,51,62,"Información en medios masivos","Servicios de salud y de asistencia social"
513121,713299,"Edición de revistas y otras publicaciones periódicas en formato electrónico","Otros juegos de azar","1",2.5,478,0.302962498349444,0.270589016115023,51,71,"Información en medios masivos","Servicios de esparcimiento culturales y deportivos, y otros servicios recreativos"
513121,713950,"Edición de revistas y otras publicaciones periódicas en formato electrónico","Boliches","1",2.5,28.5,0.302962498349444,0.289971036915563,51,71,"Información en medios masivos","Servicios de esparcimiento culturales y deportivos, y otros servicios recreativos"
513121,931110,"Edición de revistas y otras publicaciones periódicas en formato electrónico","Órganos legislativos","1",2.5,326.5,0.302962498349444,0.425402710869892,51,93,"Información en medios masivos","Actividades legislativas, gubernamentales, de impartición de justicia y de organismos internacionales y extraterritoriales"
513131,519290,"Edición de libros en formato electrónico","Portales de búsqueda en la red y otros servicios de suministro de información","1",23,13,0.21882188273334,0.218049859068592,51,51,"Información en medios masivos","Información en medios masivos"
513131,532289,"Edición de libros en formato electrónico","Alquiler de otros artículos para el hogar y personales","0.666666666666667",23,10,0.21882188273334,0.262494601007477,51,53,"Información en medios masivos","Servicios inmobiliarios y de alquiler de bienes muebles e intangibles"
513131,561740,"Edición de libros en formato electrónico","Servicios de limpieza de tapicería, alfombras y muebles","1",23,5,0.21882188273334,0.328246531979337,51,56,"Información en medios masivos","Servicios de apoyo a los negocios y manejo de residuos, y servicios de remediación"
513131,611181,"Edición de libros en formato electrónico","Escuelas del sector privado de educación para necesidades especiales","0.666666666666667",23,36,0.21882188273334,0.270030272919311,51,61,"Información en medios masivos","Servicios educativos"
513131,611421,"Edición de libros en formato electrónico","Escuelas de computación del sector privado","0.5",23,110.5,0.21882188273334,0.438859726034281,51,61,"Información en medios masivos","Servicios educativos"
513132,623222,"Edición de libros integrada con la impresión","Residencias del sector público para el cuidado de personas con problemas de trastorno mental y adicción","0.333333333333333",2.5,63.5,0.246978384700866,0.390894389227496,51,62,"Información en medios masivos","Servicios de salud y de asistencia social"
513191,621212,"Edición de otros materiales en formato electrónico","Consultorios dentales del sector público","0.666666666666667",5,7.5,0.302412717177933,0.325301959527048,51,62,"Información en medios masivos","Servicios de salud y de asistencia social"
513191,811123,"Edición de otros materiales en formato electrónico","Servicios de blindaje y de adaptación de automóviles y camiones","0.666666666666667",5,28,0.302412717177933,0.245276686970214,51,81,"Información en medios masivos","Otros servicios excepto actividades gubernamentales"
513192,524220,"Edición de otros materiales integrada con la impresión","Administración de fondos para el retiro","0.666666666666667",5,265.5,0.246072546352847,0.274209774204444,51,52,"Información en medios masivos","Servicios financieros y de seguros"
513210,524130,"Edición de software","Compañías afianzadoras","1",2.5,15.5,0.201417353600563,0.213940415730347,51,52,"Información en medios masivos","Servicios financieros y de seguros"
513210,532412,"Edición de software","Alquiler de equipo de transporte, excepto terrestre","1",2.5,8,0.201417353600563,0.273410240000319,51,53,"Información en medios masivos","Servicios inmobiliarios y de alquiler de bienes muebles e intangibles"
513210,541350,"Edición de software","Servicios de inspección de edificios","1",2.5,89,0.201417353600563,0.385511648068737,51,54,"Información en medios masivos","Servicios profesionales, científicos y técnicos"
513210,541722,"Edición de software","Servicios de investigación científica y desarrollo en ciencias sociales y humanidades, prestados por el sector público","1",2.5,75.5,0.201417353600563,0.3926697655495,51,54,"Información en medios masivos","Servicios profesionales, científicos y técnicos"
513210,541820,"Edición de software","Agencias de relaciones públicas","1",2.5,8,0.201417353600563,0.187220354878919,51,54,"Información en medios masivos","Servicios profesionales, científicos y técnicos"
513210,541870,"Edición de software","Distribución de material publicitario","1",2.5,2.5,0.201417353600563,0.297138636536386,51,54,"Información en medios masivos","Servicios profesionales, científicos y técnicos"
513210,541910,"Edición de software","Servicios de investigación de mercados y encuestas de opinión pública","1",2.5,41,0.201417353600563,0.182545817011302,51,54,"Información en medios masivos","Servicios profesionales, científicos y técnicos"
513210,541990,"Edición de software","Otros servicios profesionales, científicos y técnicos","1",2.5,5,0.201417353600563,0.252814701117202,51,54,"Información en medios masivos","Servicios profesionales, científicos y técnicos"
513210,611431,"Edición de software","Escuelas para la capacitación de ejecutivos del sector privado","1",2.5,43,0.201417353600563,0.329957515805206,51,61,"Información en medios masivos","Servicios educativos"
513210,621114,"Edición de software","Consultorios de medicina especializada del sector público","1",2.5,8,0.201417353600563,0.360460039424648,51,62,"Información en medios masivos","Servicios de salud y de asistencia social"
513210,621411,"Edición de software","Centros de planificación familiar del sector privado","1",2.5,36,0.201417353600563,0.295842120354262,51,62,"Información en medios masivos","Servicios de salud y de asistencia social"
513210,621412,"Edición de software","Centros de planificación familiar del sector público","1",2.5,20.5,0.201417353600563,0.452740413072709,51,62,"Información en medios masivos","Servicios de salud y de asistencia social"
513210,621492,"Edición de software","Otros centros del sector público para la atención de pacientes que no requieren hospitalización","1",2.5,20.5,0.201417353600563,0.410589166151199,51,62,"Información en medios masivos","Servicios de salud y de asistencia social"
513210,621512,"Edición de software","Laboratorios médicos y de diagnóstico del sector público","1",2.5,81,0.201417353600563,0.405751894001053,51,62,"Información en medios masivos","Servicios de salud y de asistencia social"
513210,621992,"Edición de software","Servicios de bancos de órganos, bancos de sangre y otros servicios auxiliares al tratamiento médico prestados por el sector público","1",2.5,40.5,0.201417353600563,0.437933820392971,51,62,"Información en medios masivos","Servicios de salud y de asistencia social"
513210,624221,"Edición de software","Refugios temporales comunitarios del sector privado","1",2.5,2.5,0.201417353600563,0.299862818722939,51,62,"Información en medios masivos","Servicios de salud y de asistencia social"
513210,713299,"Edición de software","Otros juegos de azar","1",2.5,478,0.201417353600563,0.270589016115023,51,71,"Información en medios masivos","Servicios de esparcimiento culturales y deportivos, y otros servicios recreativos"
513210,713950,"Edición de software","Boliches","1",2.5,28.5,0.201417353600563,0.289971036915563,51,71,"Información en medios masivos","Servicios de esparcimiento culturales y deportivos, y otros servicios recreativos"
513210,931110,"Edición de software","Órganos legislativos","1",2.5,326.5,0.201417353600563,0.425402710869892,51,93,"Información en medios masivos","Actividades legislativas, gubernamentales, de impartición de justicia y de organismos internacionales y extraterritoriales"
516120,541490,"Estaciones de transmisión de programas de televisión","Diseño de modas y otros diseños especializados","0.6",41,17.5,0.292125109464855,0.384622262997576,51,54,"Información en medios masivos","Servicios profesionales, científicos y técnicos"
517311,541430,"Operadores de servicios de telecomunicaciones alámbricas","Diseño gráfico","0.45",1780.5,423.5,0.391086248794304,0.350951716211941,51,54,"Información en medios masivos","Servicios profesionales, científicos y técnicos"
517312,561421,"Operadores de servicios de telecomunicaciones inalámbricas","Servicios de casetas telefónicas","0.555555555555556",457,35,0.263285007321826,0.494206266599115,51,56,"Información en medios masivos","Servicios de apoyo a los negocios y manejo de residuos, y servicios de remediación"
517312,561610,"Operadores de servicios de telecomunicaciones inalámbricas","Servicios de investigación y de protección y custodia, excepto mediante monitoreo","0.555555555555556",457,3314.5,0.263285007321826,0.358153728440035,51,56,"Información en medios masivos","Servicios de apoyo a los negocios y manejo de residuos, y servicios de remediación"
517410,531119,"Operadores de servicios de telecomunicaciones vía satélite","Alquiler sin intermediación de otros bienes raíces","0.5",2.5,5,0.308709447852901,0.233072041015843,51,53,"Información en medios masivos","Servicios inmobiliarios y de alquiler de bienes muebles e intangibles"
517910,621342,"Otros servicios de telecomunicaciones","Consultorios del sector público de audiología y de terapia ocupacional, física y del lenguaje","0.578947368421053",641.5,624,0.412091478082195,0.447436250656394,51,62,"Información en medios masivos","Servicios de salud y de asistencia social"
519211,541510,"Bibliotecas y archivos del sector privado","Servicios de diseño de sistemas de cómputo y servicios relacionados","0.666666666666667",18,391,0.348736391344385,0.199692700591485,51,54,"Información en medios masivos","Servicios profesionales, científicos y técnicos"
519212,522210,"Bibliotecas y archivos del sector público","Banca de desarrollo","0.763636363636364",604.5,411.5,0.443272169387617,0.478588919880533,51,52,"Información en medios masivos","Servicios financieros y de seguros"
519212,561432,"Bibliotecas y archivos del sector público","Servicios de acceso a computadoras","0.654545454545455",604.5,1946.5,0.443272169387617,0.525132573213025,51,56,"Información en medios masivos","Servicios de apoyo a los negocios y manejo de residuos, y servicios de remediación"
519212,611132,"Bibliotecas y archivos del sector público","Escuelas de educación secundaria general del sector público","0.690909090909091",604.5,6310,0.443272169387617,0.407211104749791,51,61,"Información en medios masivos","Servicios educativos"
519212,624212,"Bibliotecas y archivos del sector público","Servicios de alimentación comunitarios prestados por el sector público","0.690909090909091",604.5,519,0.443272169387617,0.411337102493397,51,62,"Información en medios masivos","Servicios de salud y de asistencia social"
519212,812322,"Bibliotecas y archivos del sector público","Administración de cementerios pertenecientes al sector público","0.733333333333333",604.5,625.5,0.443272169387617,0.500662728524746,51,81,"Información en medios masivos","Otros servicios excepto actividades gubernamentales"
519212,813210,"Bibliotecas y archivos del sector público","Asociaciones y organizaciones religiosas","0.709090909090909",604.5,6569.5,0.443272169387617,0.366897866752468,51,81,"Información en medios masivos","Otros servicios excepto actividades gubernamentales"
519212,931210,"Bibliotecas y archivos del sector público","Administración pública en general","0.745454545454545",604.5,22892,0.443272169387617,0.471632860261406,51,93,"Información en medios masivos","Actividades legislativas, gubernamentales, de impartición de justicia y de organismos internacionales y extraterritoriales"
519290,532289,"Portales de búsqueda en la red y otros servicios de suministro de información","Alquiler de otros artículos para el hogar y personales","0.666666666666667",13,10,0.218049859068592,0.262494601007477,51,53,"Información en medios masivos","Servicios inmobiliarios y de alquiler de bienes muebles e intangibles"
519290,561740,"Portales de búsqueda en la red y otros servicios de suministro de información","Servicios de limpieza de tapicería, alfombras y muebles","1",13,5,0.218049859068592,0.328246531979337,51,56,"Información en medios masivos","Servicios de apoyo a los negocios y manejo de residuos, y servicios de remediación"
519290,611181,"Portales de búsqueda en la red y otros servicios de suministro de información","Escuelas del sector privado de educación para necesidades especiales","0.666666666666667",13,36,0.218049859068592,0.270030272919311,51,61,"Información en medios masivos","Servicios educativos"
522110,541120,"Banca múltiple","Notarías públicas","0.5625",4189.5,803,0.182545817011302,0.325092020954193,52,54,"Servicios financieros y de seguros","Servicios profesionales, científicos y técnicos"
522110,561510,"Banca múltiple","Agencias de viajes","0.5625",4189.5,358,0.182545817011302,0.277568395862993,52,56,"Servicios financieros y de seguros","Servicios de apoyo a los negocios y manejo de residuos, y servicios de remediación"
522110,622311,"Banca múltiple","Hospitales del sector privado de otras especialidades médicas","0.625",4189.5,419.5,0.182545817011302,0.32478210892665,52,62,"Servicios financieros y de seguros","Servicios de salud y de asistencia social"
522210,561432,"Banca de desarrollo","Servicios de acceso a computadoras","0.654545454545455",411.5,1946.5,0.478588919880533,0.525132573213025,52,56,"Servicios financieros y de seguros","Servicios de apoyo a los negocios y manejo de residuos, y servicios de remediación"
522210,624212,"Banca de desarrollo","Servicios de alimentación comunitarios prestados por el sector público","0.654545454545455",411.5,519,0.478588919880533,0.411337102493397,52,62,"Servicios financieros y de seguros","Servicios de salud y de asistencia social"
522210,722517,"Banca de desarrollo","Restaurantes con servicio de preparación de pizzas, hamburguesas, hot dogs y pollos rostizados para llevar","0.654545454545455",411.5,6307.5,0.478588919880533,0.388196365290505,52,72,"Servicios financieros y de seguros","Servicios de alojamiento temporal y de preparación de alimentos y bebidas"
522210,812322,"Banca de desarrollo","Administración de cementerios pertenecientes al sector público","0.783333333333333",411.5,625.5,0.478588919880533,0.500662728524746,52,81,"Servicios financieros y de seguros","Otros servicios excepto actividades gubernamentales"
522210,813210,"Banca de desarrollo","Asociaciones y organizaciones religiosas","0.690909090909091",411.5,6569.5,0.478588919880533,0.366897866752468,52,81,"Servicios financieros y de seguros","Otros servicios excepto actividades gubernamentales"
522210,931210,"Banca de desarrollo","Administración pública en general","0.8",411.5,22892,0.478588919880533,0.471632860261406,52,93,"Servicios financieros y de seguros","Actividades legislativas, gubernamentales, de impartición de justicia y de organismos internacionales y extraterritoriales"
522220,541490,"Fondos y fideicomisos financieros","Diseño de modas y otros diseños especializados","0.8",272,17.5,0.387234103928216,0.384622262997576,52,54,"Servicios financieros y de seguros","Servicios profesionales, científicos y técnicos"
522220,561410,"Fondos y fideicomisos financieros","Servicios de preparación de documentos","0.5",272,17.5,0.387234103928216,0.310707483877702,52,56,"Servicios financieros y de seguros","Servicios de apoyo a los negocios y manejo de residuos, y servicios de remediación"
522220,611698,"Fondos y fideicomisos financieros","Otros servicios educativos proporcionados por el sector privado","0.555555555555556",272,122.5,0.387234103928216,0.301992386883147,52,61,"Servicios financieros y de seguros","Servicios educativos"
522320,541110,"Cajas, cooperativas y sociedades financieras de ahorro y préstamo popular","Bufetes jurídicos","0.518518518518518",654.5,2693,0.378955734341034,0.377885604410557,52,54,"Servicios financieros y de seguros","Servicios profesionales, científicos y técnicos"
522390,531119,"Otras instituciones de ahorro y préstamo","Alquiler sin intermediación de otros bienes raíces","0.666666666666667",7.5,5,0.266353722342483,0.233072041015843,52,53,"Servicios financieros y de seguros","Servicios inmobiliarios y de alquiler de bienes muebles e intangibles"
522440,522451,"Compañías de autofinanciamiento","Montepíos","0.666666666666667",5,103.5,0.260321031647829,0.339539608248813,52,52,"Servicios financieros y de seguros","Servicios financieros y de seguros"
522440,524210,"Compañías de autofinanciamiento","Agentes, ajustadores y gestores de seguros y fianzas","0.666666666666667",5,754,0.260321031647829,0.256724935438546,52,52,"Servicios financieros y de seguros","Servicios financieros y de seguros"
522440,624198,"Compañías de autofinanciamiento","Otros servicios de orientación y trabajo social prestados por el sector privado","0.666666666666667",5,36,0.260321031647829,0.340001190441839,52,62,"Servicios financieros y de seguros","Servicios de salud y de asistencia social"
522440,713941,"Compañías de autofinanciamiento","Clubes deportivos del sector privado","0.666666666666667",5,265.5,0.260321031647829,0.313568790385847,52,71,"Servicios financieros y de seguros","Servicios de esparcimiento culturales y deportivos, y otros servicios recreativos"
522451,524210,"Montepíos","Agentes, ajustadores y gestores de seguros y fianzas","0.666666666666667",103.5,754,0.339539608248813,0.256724935438546,52,52,"Servicios financieros y de seguros","Servicios financieros y de seguros"
522451,531114,"Montepíos","Alquiler sin intermediación de oficinas y locales comerciales","0.75",103.5,253.5,0.339539608248813,0.271912551221367,52,53,"Servicios financieros y de seguros","Servicios inmobiliarios y de alquiler de bienes muebles e intangibles"
522451,541420,"Montepíos","Diseño industrial","0.666666666666667",103.5,10,0.339539608248813,0.317574721775686,52,54,"Servicios financieros y de seguros","Servicios profesionales, científicos y técnicos"
522451,541610,"Montepíos","Servicios de consultoría en administración","0.666666666666667",103.5,688,0.339539608248813,0.230744193278461,52,54,"Servicios financieros y de seguros","Servicios profesionales, científicos y técnicos"
522451,541712,"Montepíos","Servicios de investigación científica y desarrollo en ciencias naturales y exactas, ingeniería, y ciencias de la vida, prestados por el sector público","0.666666666666667",103.5,31,0.339539608248813,0.314153804805243,52,54,"Servicios financieros y de seguros","Servicios profesionales, científicos y técnicos"
522451,561110,"Montepíos","Servicios de administración de negocios","0.666666666666667",103.5,434,0.339539608248813,0.243263733287364,52,56,"Servicios financieros y de seguros","Servicios de apoyo a los negocios y manejo de residuos, y servicios de remediación"
522451,561520,"Montepíos","Organización de excursiones y paquetes turísticos para agencias de viajes (Operadores de tours)","0.666666666666667",103.5,30.5,0.339539608248813,0.270002731704595,52,56,"Servicios financieros y de seguros","Servicios de apoyo a los negocios y manejo de residuos, y servicios de remediación"
522451,624198,"Montepíos","Otros servicios de orientación y trabajo social prestados por el sector privado","0.666666666666667",103.5,36,0.339539608248813,0.340001190441839,52,62,"Servicios financieros y de seguros","Servicios de salud y de asistencia social"
522451,713941,"Montepíos","Clubes deportivos del sector privado","0.666666666666667",103.5,265.5,0.339539608248813,0.313568790385847,52,71,"Servicios financieros y de seguros","Servicios de esparcimiento culturales y deportivos, y otros servicios recreativos"
522452,611161,"Casas de empeño","Escuelas de educación media superior del sector privado","0.642857142857143",623.5,1302,0.313215967021921,0.412879588500527,52,61,"Servicios financieros y de seguros","Servicios educativos"
522452,611312,"Casas de empeño","Escuelas de educación superior del sector público","0.5",623.5,2953.5,0.313215967021921,0.365279625002956,52,61,"Servicios financieros y de seguros","Servicios educativos"
522452,611631,"Casas de empeño","Escuelas de idiomas del sector privado","0.529411764705882",623.5,532.5,0.313215967021921,0.375676183550814,52,61,"Servicios financieros y de seguros","Servicios educativos"
522452,624412,"Casas de empeño","Guarderías del sector público","0.705882352941177",623.5,680,0.313215967021921,0.316463348236381,52,62,"Servicios financieros y de seguros","Servicios de salud y de asistencia social"
522460,621491,"Sociedades financieras de objeto múltiple","Otros centros del sector privado para la atención de pacientes que no requieren hospitalización","0.714285714285714",1205.5,258.5,0.372323667038523,0.346444846612452,52,62,"Servicios financieros y de seguros","Servicios de salud y de asistencia social"
522460,713291,"Sociedades financieras de objeto múltiple","Venta de billetes de lotería, pronósticos deportivos y otros boletos de sorteo","0.714285714285714",1205.5,93.5,0.372323667038523,0.290032555816598,52,71,"Servicios financieros y de seguros","Servicios de esparcimiento culturales y deportivos, y otros servicios recreativos"
522490,722516,"Otras instituciones de intermediación crediticia y financiera no bursátil","Restaurantes de autoservicio","0.4",280.5,1782.5,0.333957050883753,0.259320045372876,52,72,"Servicios financieros y de seguros","Servicios de alojamiento temporal y de preparación de alimentos y bebidas"
523122,931411,"Centros cambiarios","Impartición de justicia","0.461538461538462",82.5,2371,0.278411491224842,0.381079388469332,52,93,"Servicios financieros y de seguros","Actividades legislativas, gubernamentales, de impartición de justicia y de organismos internacionales y extraterritoriales"
523910,524120,"Asesoría en inversiones","Fondos de aseguramiento campesino","1",2.5,2.5,0.194132110485454,0.297833150546794,52,52,"Servicios financieros y de seguros","Servicios financieros y de seguros"
524110,611111,"Compañías de seguros","Escuelas de educación preescolar y centros de estimulación temprana del sector privado","0.7",225,1206.5,0.224773925019118,0.317583716163985,52,61,"Servicios financieros y de seguros","Servicios educativos"
524110,812910,"Compañías de seguros","Servicios de revelado e impresión de fotografías","0.545454545454545",225,93,0.224773925019118,0.417128898014491,52,81,"Servicios financieros y de seguros","Otros servicios excepto actividades gubernamentales"
524120,621610,"Fondos de aseguramiento campesino","Servicios de enfermería a domicilio","0.5",2.5,5,0.297833150546794,0.295398771525112,52,62,"Servicios financieros y de seguros","Servicios de salud y de asistencia social"
524130,532412,"Compañías afianzadoras","Alquiler de equipo de transporte, excepto terrestre","1",15.5,8,0.213940415730347,0.273410240000319,52,53,"Servicios financieros y de seguros","Servicios inmobiliarios y de alquiler de bienes muebles e intangibles"
524130,541350,"Compañías afianzadoras","Servicios de inspección de edificios","1",15.5,89,0.213940415730347,0.385511648068737,52,54,"Servicios financieros y de seguros","Servicios profesionales, científicos y técnicos"
524130,541722,"Compañías afianzadoras","Servicios de investigación científica y desarrollo en ciencias sociales y humanidades, prestados por el sector público","1",15.5,75.5,0.213940415730347,0.3926697655495,52,54,"Servicios financieros y de seguros","Servicios profesionales, científicos y técnicos"
524130,541820,"Compañías afianzadoras","Agencias de relaciones públicas","1",15.5,8,0.213940415730347,0.187220354878919,52,54,"Servicios financieros y de seguros","Servicios profesionales, científicos y técnicos"
524130,541870,"Compañías afianzadoras","Distribución de material publicitario","1",15.5,2.5,0.213940415730347,0.297138636536386,52,54,"Servicios financieros y de seguros","Servicios profesionales, científicos y técnicos"
524130,541910,"Compañías afianzadoras","Servicios de investigación de mercados y encuestas de opinión pública","1",15.5,41,0.213940415730347,0.182545817011302,52,54,"Servicios financieros y de seguros","Servicios profesionales, científicos y técnicos"
524130,541990,"Compañías afianzadoras","Otros servicios profesionales, científicos y técnicos","1",15.5,5,0.213940415730347,0.252814701117202,52,54,"Servicios financieros y de seguros","Servicios profesionales, científicos y técnicos"
524130,611431,"Compañías afianzadoras","Escuelas para la capacitación de ejecutivos del sector privado","1",15.5,43,0.213940415730347,0.329957515805206,52,61,"Servicios financieros y de seguros","Servicios educativos"
524130,621114,"Compañías afianzadoras","Consultorios de medicina especializada del sector público","1",15.5,8,0.213940415730347,0.360460039424648,52,62,"Servicios financieros y de seguros","Servicios de salud y de asistencia social"
524130,621411,"Compañías afianzadoras","Centros de planificación familiar del sector privado","1",15.5,36,0.213940415730347,0.295842120354262,52,62,"Servicios financieros y de seguros","Servicios de salud y de asistencia social"
524130,621412,"Compañías afianzadoras","Centros de planificación familiar del sector público","1",15.5,20.5,0.213940415730347,0.452740413072709,52,62,"Servicios financieros y de seguros","Servicios de salud y de asistencia social"
524130,621492,"Compañías afianzadoras","Otros centros del sector público para la atención de pacientes que no requieren hospitalización","1",15.5,20.5,0.213940415730347,0.410589166151199,52,62,"Servicios financieros y de seguros","Servicios de salud y de asistencia social"
524130,621512,"Compañías afianzadoras","Laboratorios médicos y de diagnóstico del sector público","1",15.5,81,0.213940415730347,0.405751894001053,52,62,"Servicios financieros y de seguros","Servicios de salud y de asistencia social"
524130,621992,"Compañías afianzadoras","Servicios de bancos de órganos, bancos de sangre y otros servicios auxiliares al tratamiento médico prestados por el sector público","1",15.5,40.5,0.213940415730347,0.437933820392971,52,62,"Servicios financieros y de seguros","Servicios de salud y de asistencia social"
524130,624221,"Compañías afianzadoras","Refugios temporales comunitarios del sector privado","1",15.5,2.5,0.213940415730347,0.299862818722939,52,62,"Servicios financieros y de seguros","Servicios de salud y de asistencia social"
524130,713299,"Compañías afianzadoras","Otros juegos de azar","1",15.5,478,0.213940415730347,0.270589016115023,52,71,"Servicios financieros y de seguros","Servicios de esparcimiento culturales y deportivos, y otros servicios recreativos"
524130,713950,"Compañías afianzadoras","Boliches","1",15.5,28.5,0.213940415730347,0.289971036915563,52,71,"Servicios financieros y de seguros","Servicios de esparcimiento culturales y deportivos, y otros servicios recreativos"
524130,931110,"Compañías afianzadoras","Órganos legislativos","1",15.5,326.5,0.213940415730347,0.425402710869892,52,93,"Servicios financieros y de seguros","Actividades legislativas, gubernamentales, de impartición de justicia y de organismos internacionales y extraterritoriales"
524210,624198,"Agentes, ajustadores y gestores de seguros y fianzas","Otros servicios de orientación y trabajo social prestados por el sector privado","0.666666666666667",754,36,0.256724935438546,0.340001190441839,52,62,"Servicios financieros y de seguros","Servicios de salud y de asistencia social"
524210,713941,"Agentes, ajustadores y gestores de seguros y fianzas","Clubes deportivos del sector privado","0.666666666666667",754,265.5,0.256724935438546,0.313568790385847,52,71,"Servicios financieros y de seguros","Servicios de esparcimiento culturales y deportivos, y otros servicios recreativos"
524220,541380,"Administración de fondos para el retiro","Servicios de laboratorios de pruebas","0.666666666666667",265.5,254.5,0.274209774204444,0.270026608844485,52,54,"Servicios financieros y de seguros","Servicios profesionales, científicos y técnicos"
524220,561110,"Administración de fondos para el retiro","Servicios de administración de negocios","0.666666666666667",265.5,434,0.274209774204444,0.243263733287364,52,56,"Servicios financieros y de seguros","Servicios de apoyo a los negocios y manejo de residuos, y servicios de remediación"
524220,611152,"Administración de fondos para el retiro","Escuelas de educación media técnica terminal del sector público","0.666666666666667",265.5,28.5,0.274209774204444,0.42215222094763,52,61,"Servicios financieros y de seguros","Servicios educativos"
524220,711111,"Administración de fondos para el retiro","Compañías de teatro del sector privado","0.666666666666667",265.5,5,0.274209774204444,0.302219459823884,52,71,"Servicios financieros y de seguros","Servicios de esparcimiento culturales y deportivos, y otros servicios recreativos"
531112,621113,"Alquiler sin intermediación de viviendas no amuebladas","Consultorios de medicina especializada del sector privado","0.538461538461538",55,1687,0.315792401958446,0.320789838466975,53,62,"Servicios inmobiliarios y de alquiler de bienes muebles e intangibles","Servicios de salud y de asistencia social"
531113,812110,"Alquiler sin intermediación de salones para fiestas y convenciones","Salones y clínicas de belleza y peluquerías","0.655172413793103",2348.5,18521.5,0.406235146596217,0.458251418089123,53,81,"Servicios inmobiliarios y de alquiler de bienes muebles e intangibles","Otros servicios excepto actividades gubernamentales"
531115,811313,"Alquiler sin intermediación de teatros, estadios, auditorios y similares","Reparación y mantenimiento de maquinaria y equipo para mover, levantar y acomodar materiales","0.625",27.5,25,0.238051194218099,0.285962430520241,53,81,"Servicios inmobiliarios y de alquiler de bienes muebles e intangibles","Otros servicios excepto actividades gubernamentales"
531116,541360,"Alquiler sin intermediación de edificios industriales dentro de un parque industrial","Servicios de levantamiento geofísico","1",10.5,28.5,0.262300879969807,0.241372767210035,53,54,"Servicios inmobiliarios y de alquiler de bienes muebles e intangibles","Servicios profesionales, científicos y técnicos"
531119,561740,"Alquiler sin intermediación de otros bienes raíces","Servicios de limpieza de tapicería, alfombras y muebles","0.5",5,5,0.233072041015843,0.328246531979337,53,56,"Servicios inmobiliarios y de alquiler de bienes muebles e intangibles","Servicios de apoyo a los negocios y manejo de residuos, y servicios de remediación"
531319,561110,"Otros servicios relacionados con los servicios inmobiliarios","Servicios de administración de negocios","0.75",211.5,434,0.249034468547872,0.243263733287364,53,56,"Servicios inmobiliarios y de alquiler de bienes muebles e intangibles","Servicios de apoyo a los negocios y manejo de residuos, y servicios de remediación"
532281,611182,"Alquiler de prendas de vestir","Escuelas del sector público de educación para necesidades especiales","0.5",220.5,673,0.358582826850896,0.355268248747534,53,61,"Servicios inmobiliarios y de alquiler de bienes muebles e intangibles","Servicios educativos"
532282,561432,"Alquiler de mesas, sillas, vajillas y similares","Servicios de acceso a computadoras","0.764705882352941",1173,1946.5,0.473045589530131,0.525132573213025,53,56,"Servicios inmobiliarios y de alquiler de bienes muebles e intangibles","Servicios de apoyo a los negocios y manejo de residuos, y servicios de remediación"
532282,611132,"Alquiler de mesas, sillas, vajillas y similares","Escuelas de educación secundaria general del sector público","0.673076923076923",1173,6310,0.473045589530131,0.407211104749791,53,61,"Servicios inmobiliarios y de alquiler de bienes muebles e intangibles","Servicios educativos"
532282,624212,"Alquiler de mesas, sillas, vajillas y similares","Servicios de alimentación comunitarios prestados por el sector público","0.714285714285714",1173,519,0.473045589530131,0.411337102493397,53,62,"Servicios inmobiliarios y de alquiler de bienes muebles e intangibles","Servicios de salud y de asistencia social"
532282,812310,"Alquiler de mesas, sillas, vajillas y similares","Servicios funerarios","0.653061224489796",1173,891.5,0.473045589530131,0.364736566379803,53,81,"Servicios inmobiliarios y de alquiler de bienes muebles e intangibles","Otros servicios excepto actividades gubernamentales"
532282,812322,"Alquiler de mesas, sillas, vajillas y similares","Administración de cementerios pertenecientes al sector público","0.666666666666667",1173,625.5,0.473045589530131,0.500662728524746,53,81,"Servicios inmobiliarios y de alquiler de bienes muebles e intangibles","Otros servicios excepto actividades gubernamentales"
532282,813210,"Alquiler de mesas, sillas, vajillas y similares","Asociaciones y organizaciones religiosas","0.66",1173,6569.5,0.473045589530131,0.366897866752468,53,81,"Servicios inmobiliarios y de alquiler de bienes muebles e intangibles","Otros servicios excepto actividades gubernamentales"
532289,561740,"Alquiler de otros artículos para el hogar y personales","Servicios de limpieza de tapicería, alfombras y muebles","0.666666666666667",10,5,0.262494601007477,0.328246531979337,53,56,"Servicios inmobiliarios y de alquiler de bienes muebles e intangibles","Servicios de apoyo a los negocios y manejo de residuos, y servicios de remediación"
532289,611181,"Alquiler de otros artículos para el hogar y personales","Escuelas del sector privado de educación para necesidades especiales","0.666666666666667",10,36,0.262494601007477,0.270030272919311,53,61,"Servicios inmobiliarios y de alquiler de bienes muebles e intangibles","Servicios educativos"
532412,541350,"Alquiler de equipo de transporte, excepto terrestre","Servicios de inspección de edificios","1",8,89,0.273410240000319,0.385511648068737,53,54,"Servicios inmobiliarios y de alquiler de bienes muebles e intangibles","Servicios profesionales, científicos y técnicos"
532412,541722,"Alquiler de equipo de transporte, excepto terrestre","Servicios de investigación científica y desarrollo en ciencias sociales y humanidades, prestados por el sector público","1",8,75.5,0.273410240000319,0.3926697655495,53,54,"Servicios inmobiliarios y de alquiler de bienes muebles e intangibles","Servicios profesionales, científicos y técnicos"
532412,541820,"Alquiler de equipo de transporte, excepto terrestre","Agencias de relaciones públicas","1",8,8,0.273410240000319,0.187220354878919,53,54,"Servicios inmobiliarios y de alquiler de bienes muebles e intangibles","Servicios profesionales, científicos y técnicos"
532412,541870,"Alquiler de equipo de transporte, excepto terrestre","Distribución de material publicitario","1",8,2.5,0.273410240000319,0.297138636536386,53,54,"Servicios inmobiliarios y de alquiler de bienes muebles e intangibles","Servicios profesionales, científicos y técnicos"
532412,541910,"Alquiler de equipo de transporte, excepto terrestre","Servicios de investigación de mercados y encuestas de opinión pública","1",8,41,0.273410240000319,0.182545817011302,53,54,"Servicios inmobiliarios y de alquiler de bienes muebles e intangibles","Servicios profesionales, científicos y técnicos"
532412,541990,"Alquiler de equipo de transporte, excepto terrestre","Otros servicios profesionales, científicos y técnicos","1",8,5,0.273410240000319,0.252814701117202,53,54,"Servicios inmobiliarios y de alquiler de bienes muebles e intangibles","Servicios profesionales, científicos y técnicos"
532412,611431,"Alquiler de equipo de transporte, excepto terrestre","Escuelas para la capacitación de ejecutivos del sector privado","1",8,43,0.273410240000319,0.329957515805206,53,61,"Servicios inmobiliarios y de alquiler de bienes muebles e intangibles","Servicios educativos"
532412,621114,"Alquiler de equipo de transporte, excepto terrestre","Consultorios de medicina especializada del sector público","1",8,8,0.273410240000319,0.360460039424648,53,62,"Servicios inmobiliarios y de alquiler de bienes muebles e intangibles","Servicios de salud y de asistencia social"
532412,621411,"Alquiler de equipo de transporte, excepto terrestre","Centros de planificación familiar del sector privado","1",8,36,0.273410240000319,0.295842120354262,53,62,"Servicios inmobiliarios y de alquiler de bienes muebles e intangibles","Servicios de salud y de asistencia social"
532412,621412,"Alquiler de equipo de transporte, excepto terrestre","Centros de planificación familiar del sector público","1",8,20.5,0.273410240000319,0.452740413072709,53,62,"Servicios inmobiliarios y de alquiler de bienes muebles e intangibles","Servicios de salud y de asistencia social"
532412,621492,"Alquiler de equipo de transporte, excepto terrestre","Otros centros del sector público para la atención de pacientes que no requieren hospitalización","1",8,20.5,0.273410240000319,0.410589166151199,53,62,"Servicios inmobiliarios y de alquiler de bienes muebles e intangibles","Servicios de salud y de asistencia social"
532412,621512,"Alquiler de equipo de transporte, excepto terrestre","Laboratorios médicos y de diagnóstico del sector público","1",8,81,0.273410240000319,0.405751894001053,53,62,"Servicios inmobiliarios y de alquiler de bienes muebles e intangibles","Servicios de salud y de asistencia social"
532412,621992,"Alquiler de equipo de transporte, excepto terrestre","Servicios de bancos de órganos, bancos de sangre y otros servicios auxiliares al tratamiento médico prestados por el sector público","1",8,40.5,0.273410240000319,0.437933820392971,53,62,"Servicios inmobiliarios y de alquiler de bienes muebles e intangibles","Servicios de salud y de asistencia social"
532412,624221,"Alquiler de equipo de transporte, excepto terrestre","Refugios temporales comunitarios del sector privado","1",8,2.5,0.273410240000319,0.299862818722939,53,62,"Servicios inmobiliarios y de alquiler de bienes muebles e intangibles","Servicios de salud y de asistencia social"
532412,713299,"Alquiler de equipo de transporte, excepto terrestre","Otros juegos de azar","1",8,478,0.273410240000319,0.270589016115023,53,71,"Servicios inmobiliarios y de alquiler de bienes muebles e intangibles","Servicios de esparcimiento culturales y deportivos, y otros servicios recreativos"
532412,713950,"Alquiler de equipo de transporte, excepto terrestre","Boliches","1",8,28.5,0.273410240000319,0.289971036915563,53,71,"Servicios inmobiliarios y de alquiler de bienes muebles e intangibles","Servicios de esparcimiento culturales y deportivos, y otros servicios recreativos"
532412,931110,"Alquiler de equipo de transporte, excepto terrestre","Órganos legislativos","1",8,326.5,0.273410240000319,0.425402710869892,53,93,"Servicios inmobiliarios y de alquiler de bienes muebles e intangibles","Actividades legislativas, gubernamentales, de impartición de justicia y de organismos internacionales y extraterritoriales"
532420,541370,"Alquiler de equipo de cómputo y de otras máquinas y mobiliario de oficina","Servicios de elaboración de mapas","0.5",15.5,147,0.267443509861519,0.348076410620384,53,54,"Servicios inmobiliarios y de alquiler de bienes muebles e intangibles","Servicios profesionales, científicos y técnicos"
532493,811116,"Alquiler de maquinaria y equipo comercial y de servicios","Alineación y balanceo de automóviles y camiones","0.380952380952381",164,256,0.371329076612798,0.433131756205566,53,81,"Servicios inmobiliarios y de alquiler de bienes muebles e intangibles","Otros servicios excepto actividades gubernamentales"
541110,561431,"Bufetes jurídicos","Servicios de fotocopiado, fax y afines","0.571428571428571",2693,527,0.377885604410557,0.428318887420971,54,56,"Servicios profesionales, científicos y técnicos","Servicios de apoyo a los negocios y manejo de residuos, y servicios de remediación"
541190,621341,"Servicios de apoyo para efectuar trámites legales","Consultorios del sector privado de audiología y de terapia ocupacional, física y del lenguaje","0.541666666666667",321.5,1135.5,0.359141910038145,0.415961964175096,54,62,"Servicios profesionales, científicos y técnicos","Servicios de salud y de asistencia social"
541219,541712,"Otros servicios técnicos relacionados con la contabilidad","Servicios de investigación científica y desarrollo en ciencias naturales y exactas, ingeniería, y ciencias de la vida, prestados por el sector público","0.75",12.5,31,0.283957858059453,0.314153804805243,54,54,"Servicios profesionales, científicos y técnicos","Servicios profesionales, científicos y técnicos"
541219,623991,"Otros servicios técnicos relacionados con la contabilidad","Orfanatos y otras residencias de asistencia social del sector privado","0.75",12.5,53.5,0.283957858059453,0.278917746921517,54,62,"Servicios profesionales, científicos y técnicos","Servicios de salud y de asistencia social"
541310,611131,"Servicios de arquitectura","Escuelas de educación secundaria general del sector privado","0.545454545454545",365.5,371,0.258210264699299,0.381783823425998,54,61,"Servicios profesionales, científicos y técnicos","Servicios educativos"
541320,541620,"Servicios de arquitectura de paisaje y urbanismo","Servicios de consultoría en medio ambiente","0.5",48.5,80,0.36673942993831,0.279116615509462,54,54,"Servicios profesionales, científicos y técnicos","Servicios profesionales, científicos y técnicos"
541330,561730,"Servicios de ingeniería","Servicios de instalación y mantenimiento de áreas verdes","0.571428571428571",776,56.5,0.270237917971029,0.251337725067036,54,56,"Servicios profesionales, científicos y técnicos","Servicios de apoyo a los negocios y manejo de residuos, y servicios de remediación"
541350,541722,"Servicios de inspección de edificios","Servicios de investigación científica y desarrollo en ciencias sociales y humanidades, prestados por el sector público","1",89,75.5,0.385511648068737,0.3926697655495,54,54,"Servicios profesionales, científicos y técnicos","Servicios profesionales, científicos y técnicos"
541350,541820,"Servicios de inspección de edificios","Agencias de relaciones públicas","1",89,8,0.385511648068737,0.187220354878919,54,54,"Servicios profesionales, científicos y técnicos","Servicios profesionales, científicos y técnicos"
541350,541870,"Servicios de inspección de edificios","Distribución de material publicitario","1",89,2.5,0.385511648068737,0.297138636536386,54,54,"Servicios profesionales, científicos y técnicos","Servicios profesionales, científicos y técnicos"
541350,541910,"Servicios de inspección de edificios","Servicios de investigación de mercados y encuestas de opinión pública","1",89,41,0.385511648068737,0.182545817011302,54,54,"Servicios profesionales, científicos y técnicos","Servicios profesionales, científicos y técnicos"
541350,541990,"Servicios de inspección de edificios","Otros servicios profesionales, científicos y técnicos","1",89,5,0.385511648068737,0.252814701117202,54,54,"Servicios profesionales, científicos y técnicos","Servicios profesionales, científicos y técnicos"
541350,611431,"Servicios de inspección de edificios","Escuelas para la capacitación de ejecutivos del sector privado","1",89,43,0.385511648068737,0.329957515805206,54,61,"Servicios profesionales, científicos y técnicos","Servicios educativos"
541350,621114,"Servicios de inspección de edificios","Consultorios de medicina especializada del sector público","1",89,8,0.385511648068737,0.360460039424648,54,62,"Servicios profesionales, científicos y técnicos","Servicios de salud y de asistencia social"
541350,621411,"Servicios de inspección de edificios","Centros de planificación familiar del sector privado","1",89,36,0.385511648068737,0.295842120354262,54,62,"Servicios profesionales, científicos y técnicos","Servicios de salud y de asistencia social"
541350,621412,"Servicios de inspección de edificios","Centros de planificación familiar del sector público","1",89,20.5,0.385511648068737,0.452740413072709,54,62,"Servicios profesionales, científicos y técnicos","Servicios de salud y de asistencia social"
541350,621492,"Servicios de inspección de edificios","Otros centros del sector público para la atención de pacientes que no requieren hospitalización","1",89,20.5,0.385511648068737,0.410589166151199,54,62,"Servicios profesionales, científicos y técnicos","Servicios de salud y de asistencia social"
541350,621512,"Servicios de inspección de edificios","Laboratorios médicos y de diagnóstico del sector público","1",89,81,0.385511648068737,0.405751894001053,54,62,"Servicios profesionales, científicos y técnicos","Servicios de salud y de asistencia social"
541350,621992,"Servicios de inspección de edificios","Servicios de bancos de órganos, bancos de sangre y otros servicios auxiliares al tratamiento médico prestados por el sector público","1",89,40.5,0.385511648068737,0.437933820392971,54,62,"Servicios profesionales, científicos y técnicos","Servicios de salud y de asistencia social"
541350,624221,"Servicios de inspección de edificios","Refugios temporales comunitarios del sector privado","1",89,2.5,0.385511648068737,0.299862818722939,54,62,"Servicios profesionales, científicos y técnicos","Servicios de salud y de asistencia social"
541350,713299,"Servicios de inspección de edificios","Otros juegos de azar","1",89,478,0.385511648068737,0.270589016115023,54,71,"Servicios profesionales, científicos y técnicos","Servicios de esparcimiento culturales y deportivos, y otros servicios recreativos"
541350,713950,"Servicios de inspección de edificios","Boliches","1",89,28.5,0.385511648068737,0.289971036915563,54,71,"Servicios profesionales, científicos y técnicos","Servicios de esparcimiento culturales y deportivos, y otros servicios recreativos"
541350,931110,"Servicios de inspección de edificios","Órganos legislativos","1",89,326.5,0.385511648068737,0.425402710869892,54,93,"Servicios profesionales, científicos y técnicos","Actividades legislativas, gubernamentales, de impartición de justicia y de organismos internacionales y extraterritoriales"
541360,713910,"Servicios de levantamiento geofísico","Campos de golf","0.5",28.5,216,0.241372767210035,0.306810716709789,54,71,"Servicios profesionales, científicos y técnicos","Servicios de esparcimiento culturales y deportivos, y otros servicios recreativos"
541370,562121,"Servicios de elaboración de mapas","Recolección de residuos no peligrosos por el sector privado","0.5",147,229.5,0.348076410620384,0.28910327905678,54,56,"Servicios profesionales, científicos y técnicos","Servicios de apoyo a los negocios y manejo de residuos, y servicios de remediación"
541370,624211,"Servicios de elaboración de mapas","Servicios de alimentación comunitarios prestados por el sector privado","0.5",147,45.5,0.348076410620384,0.325023591267065,54,62,"Servicios profesionales, científicos y técnicos","Servicios de salud y de asistencia social"
541380,561110,"Servicios de laboratorios de pruebas","Servicios de administración de negocios","0.666666666666667",254.5,434,0.270026608844485,0.243263733287364,54,56,"Servicios profesionales, científicos y técnicos","Servicios de apoyo a los negocios y manejo de residuos, y servicios de remediación"
541380,611152,"Servicios de laboratorios de pruebas","Escuelas de educación media técnica terminal del sector público","1",254.5,28.5,0.270026608844485,0.42215222094763,54,61,"Servicios profesionales, científicos y técnicos","Servicios educativos"
541380,711111,"Servicios de laboratorios de pruebas","Compañías de teatro del sector privado","1",254.5,5,0.270026608844485,0.302219459823884,54,71,"Servicios profesionales, científicos y técnicos","Servicios de esparcimiento culturales y deportivos, y otros servicios recreativos"
541420,541610,"Diseño industrial","Servicios de consultoría en administración","0.666666666666667",10,688,0.317574721775686,0.230744193278461,54,54,"Servicios profesionales, científicos y técnicos","Servicios profesionales, científicos y técnicos"
541420,541712,"Diseño industrial","Servicios de investigación científica y desarrollo en ciencias naturales y exactas, ingeniería, y ciencias de la vida, prestados por el sector público","0.666666666666667",10,31,0.317574721775686,0.314153804805243,54,54,"Servicios profesionales, científicos y técnicos","Servicios profesionales, científicos y técnicos"
541420,561110,"Diseño industrial","Servicios de administración de negocios","0.666666666666667",10,434,0.317574721775686,0.243263733287364,54,56,"Servicios profesionales, científicos y técnicos","Servicios de apoyo a los negocios y manejo de residuos, y servicios de remediación"
541420,561520,"Diseño industrial","Organización de excursiones y paquetes turísticos para agencias de viajes (Operadores de tours)","0.666666666666667",10,30.5,0.317574721775686,0.270002731704595,54,56,"Servicios profesionales, científicos y técnicos","Servicios de apoyo a los negocios y manejo de residuos, y servicios de remediación"
541420,562211,"Diseño industrial","Tratamiento y disposición final de residuos peligrosos por el sector privado","0.666666666666667",10,16,0.317574721775686,0.333551788869579,54,56,"Servicios profesionales, científicos y técnicos","Servicios de apoyo a los negocios y manejo de residuos, y servicios de remediación"
541420,611181,"Diseño industrial","Escuelas del sector privado de educación para necesidades especiales","0.666666666666667",10,36,0.317574721775686,0.270030272919311,54,61,"Servicios profesionales, científicos y técnicos","Servicios educativos"
541430,811119,"Diseño gráfico","Otras reparaciones mecánicas de automóviles y camiones","0.55",423.5,1134.5,0.350951716211941,0.413891417064213,54,81,"Servicios profesionales, científicos y técnicos","Otros servicios excepto actividades gubernamentales"
541610,541712,"Servicios de consultoría en administración","Servicios de investigación científica y desarrollo en ciencias naturales y exactas, ingeniería, y ciencias de la vida, prestados por el sector público","0.666666666666667",688,31,0.230744193278461,0.314153804805243,54,54,"Servicios profesionales, científicos y técnicos","Servicios profesionales, científicos y técnicos"
541610,561110,"Servicios de consultoría en administración","Servicios de administración de negocios","0.666666666666667",688,434,0.230744193278461,0.243263733287364,54,56,"Servicios profesionales, científicos y técnicos","Servicios de apoyo a los negocios y manejo de residuos, y servicios de remediación"
541610,561440,"Servicios de consultoría en administración","Agencias de cobranza","0.75",688,250.5,0.230744193278461,0.28085240566831,54,56,"Servicios profesionales, científicos y técnicos","Servicios de apoyo a los negocios y manejo de residuos, y servicios de remediación"
541610,561520,"Servicios de consultoría en administración","Organización de excursiones y paquetes turísticos para agencias de viajes (Operadores de tours)","0.666666666666667",688,30.5,0.230744193278461,0.270002731704595,54,56,"Servicios profesionales, científicos y técnicos","Servicios de apoyo a los negocios y manejo de residuos, y servicios de remediación"
541712,561110,"Servicios de investigación científica y desarrollo en ciencias naturales y exactas, ingeniería, y ciencias de la vida, prestados por el sector público","Servicios de administración de negocios","0.666666666666667",31,434,0.314153804805243,0.243263733287364,54,56,"Servicios profesionales, científicos y técnicos","Servicios de apoyo a los negocios y manejo de residuos, y servicios de remediación"
541712,561422,"Servicios de investigación científica y desarrollo en ciencias naturales y exactas, ingeniería, y ciencias de la vida, prestados por el sector público","Servicios de recepción de llamadas telefónicas y promoción por teléfono","0.666666666666667",31,925.5,0.314153804805243,0.320599369124025,54,56,"Servicios profesionales, científicos y técnicos","Servicios de apoyo a los negocios y manejo de residuos, y servicios de remediación"
541712,561520,"Servicios de investigación científica y desarrollo en ciencias naturales y exactas, ingeniería, y ciencias de la vida, prestados por el sector público","Organización de excursiones y paquetes turísticos para agencias de viajes (Operadores de tours)","0.666666666666667",31,30.5,0.314153804805243,0.270002731704595,54,56,"Servicios profesionales, científicos y técnicos","Servicios de apoyo a los negocios y manejo de residuos, y servicios de remediación"
541712,611212,"Servicios de investigación científica y desarrollo en ciencias naturales y exactas, ingeniería, y ciencias de la vida, prestados por el sector público","Escuelas de educación técnica superior del sector público","0.666666666666667",31,347,0.314153804805243,0.389192805363615,54,61,"Servicios profesionales, científicos y técnicos","Servicios educativos"
541712,611622,"Servicios de investigación científica y desarrollo en ciencias naturales y exactas, ingeniería, y ciencias de la vida, prestados por el sector público","Escuelas de deporte del sector público","0.666666666666667",31,7.5,0.314153804805243,0.312991844062613,54,61,"Servicios profesionales, científicos y técnicos","Servicios educativos"
541712,623222,"Servicios de investigación científica y desarrollo en ciencias naturales y exactas, ingeniería, y ciencias de la vida, prestados por el sector público","Residencias del sector público para el cuidado de personas con problemas de trastorno mental y adicción","0.666666666666667",31,63.5,0.314153804805243,0.390894389227496,54,62,"Servicios profesionales, científicos y técnicos","Servicios de salud y de asistencia social"
541722,541820,"Servicios de investigación científica y desarrollo en ciencias sociales y humanidades, prestados por el sector público","Agencias de relaciones públicas","1",75.5,8,0.3926697655495,0.187220354878919,54,54,"Servicios profesionales, científicos y técnicos","Servicios profesionales, científicos y técnicos"
541722,541870,"Servicios de investigación científica y desarrollo en ciencias sociales y humanidades, prestados por el sector público","Distribución de material publicitario","1",75.5,2.5,0.3926697655495,0.297138636536386,54,54,"Servicios profesionales, científicos y técnicos","Servicios profesionales, científicos y técnicos"
541722,541910,"Servicios de investigación científica y desarrollo en ciencias sociales y humanidades, prestados por el sector público","Servicios de investigación de mercados y encuestas de opinión pública","1",75.5,41,0.3926697655495,0.182545817011302,54,54,"Servicios profesionales, científicos y técnicos","Servicios profesionales, científicos y técnicos"
541722,541990,"Servicios de investigación científica y desarrollo en ciencias sociales y humanidades, prestados por el sector público","Otros servicios profesionales, científicos y técnicos","1",75.5,5,0.3926697655495,0.252814701117202,54,54,"Servicios profesionales, científicos y técnicos","Servicios profesionales, científicos y técnicos"
541722,611431,"Servicios de investigación científica y desarrollo en ciencias sociales y humanidades, prestados por el sector público","Escuelas para la capacitación de ejecutivos del sector privado","1",75.5,43,0.3926697655495,0.329957515805206,54,61,"Servicios profesionales, científicos y técnicos","Servicios educativos"
541722,621114,"Servicios de investigación científica y desarrollo en ciencias sociales y humanidades, prestados por el sector público","Consultorios de medicina especializada del sector público","1",75.5,8,0.3926697655495,0.360460039424648,54,62,"Servicios profesionales, científicos y técnicos","Servicios de salud y de asistencia social"
541722,621411,"Servicios de investigación científica y desarrollo en ciencias sociales y humanidades, prestados por el sector público","Centros de planificación familiar del sector privado","1",75.5,36,0.3926697655495,0.295842120354262,54,62,"Servicios profesionales, científicos y técnicos","Servicios de salud y de asistencia social"
541722,621412,"Servicios de investigación científica y desarrollo en ciencias sociales y humanidades, prestados por el sector público","Centros de planificación familiar del sector público","1",75.5,20.5,0.3926697655495,0.452740413072709,54,62,"Servicios profesionales, científicos y técnicos","Servicios de salud y de asistencia social"
541722,621492,"Servicios de investigación científica y desarrollo en ciencias sociales y humanidades, prestados por el sector público","Otros centros del sector público para la atención de pacientes que no requieren hospitalización","1",75.5,20.5,0.3926697655495,0.410589166151199,54,62,"Servicios profesionales, científicos y técnicos","Servicios de salud y de asistencia social"
541722,621512,"Servicios de investigación científica y desarrollo en ciencias sociales y humanidades, prestados por el sector público","Laboratorios médicos y de diagnóstico del sector público","1",75.5,81,0.3926697655495,0.405751894001053,54,62,"Servicios profesionales, científicos y técnicos","Servicios de salud y de asistencia social"
541722,621992,"Servicios de investigación científica y desarrollo en ciencias sociales y humanidades, prestados por el sector público","Servicios de bancos de órganos, bancos de sangre y otros servicios auxiliares al tratamiento médico prestados por el sector público","1",75.5,40.5,0.3926697655495,0.437933820392971,54,62,"Servicios profesionales, científicos y técnicos","Servicios de salud y de asistencia social"
541722,624221,"Servicios de investigación científica y desarrollo en ciencias sociales y humanidades, prestados por el sector público","Refugios temporales comunitarios del sector privado","1",75.5,2.5,0.3926697655495,0.299862818722939,54,62,"Servicios profesionales, científicos y técnicos","Servicios de salud y de asistencia social"
541722,713299,"Servicios de investigación científica y desarrollo en ciencias sociales y humanidades, prestados por el sector público","Otros juegos de azar","1",75.5,478,0.3926697655495,0.270589016115023,54,71,"Servicios profesionales, científicos y técnicos","Servicios de esparcimiento culturales y deportivos, y otros servicios recreativos"
541722,713950,"Servicios de investigación científica y desarrollo en ciencias sociales y humanidades, prestados por el sector público","Boliches","1",75.5,28.5,0.3926697655495,0.289971036915563,54,71,"Servicios profesionales, científicos y técnicos","Servicios de esparcimiento culturales y deportivos, y otros servicios recreativos"
541722,931110,"Servicios de investigación científica y desarrollo en ciencias sociales y humanidades, prestados por el sector público","Órganos legislativos","1",75.5,326.5,0.3926697655495,0.425402710869892,54,93,"Servicios profesionales, científicos y técnicos","Actividades legislativas, gubernamentales, de impartición de justicia y de organismos internacionales y extraterritoriales"
541820,541870,"Agencias de relaciones públicas","Distribución de material publicitario","1",8,2.5,0.187220354878919,0.297138636536386,54,54,"Servicios profesionales, científicos y técnicos","Servicios profesionales, científicos y técnicos"
541820,541910,"Agencias de relaciones públicas","Servicios de investigación de mercados y encuestas de opinión pública","1",8,41,0.187220354878919,0.182545817011302,54,54,"Servicios profesionales, científicos y técnicos","Servicios profesionales, científicos y técnicos"
541820,541990,"Agencias de relaciones públicas","Otros servicios profesionales, científicos y técnicos","1",8,5,0.187220354878919,0.252814701117202,54,54,"Servicios profesionales, científicos y técnicos","Servicios profesionales, científicos y técnicos"
541820,611431,"Agencias de relaciones públicas","Escuelas para la capacitación de ejecutivos del sector privado","1",8,43,0.187220354878919,0.329957515805206,54,61,"Servicios profesionales, científicos y técnicos","Servicios educativos"
541820,621114,"Agencias de relaciones públicas","Consultorios de medicina especializada del sector público","1",8,8,0.187220354878919,0.360460039424648,54,62,"Servicios profesionales, científicos y técnicos","Servicios de salud y de asistencia social"
541820,621411,"Agencias de relaciones públicas","Centros de planificación familiar del sector privado","1",8,36,0.187220354878919,0.295842120354262,54,62,"Servicios profesionales, científicos y técnicos","Servicios de salud y de asistencia social"
541820,621412,"Agencias de relaciones públicas","Centros de planificación familiar del sector público","1",8,20.5,0.187220354878919,0.452740413072709,54,62,"Servicios profesionales, científicos y técnicos","Servicios de salud y de asistencia social"
541820,621492,"Agencias de relaciones públicas","Otros centros del sector público para la atención de pacientes que no requieren hospitalización","1",8,20.5,0.187220354878919,0.410589166151199,54,62,"Servicios profesionales, científicos y técnicos","Servicios de salud y de asistencia social"
541820,621512,"Agencias de relaciones públicas","Laboratorios médicos y de diagnóstico del sector público","1",8,81,0.187220354878919,0.405751894001053,54,62,"Servicios profesionales, científicos y técnicos","Servicios de salud y de asistencia social"
541820,621992,"Agencias de relaciones públicas","Servicios de bancos de órganos, bancos de sangre y otros servicios auxiliares al tratamiento médico prestados por el sector público","1",8,40.5,0.187220354878919,0.437933820392971,54,62,"Servicios profesionales, científicos y técnicos","Servicios de salud y de asistencia social"
541820,624221,"Agencias de relaciones públicas","Refugios temporales comunitarios del sector privado","1",8,2.5,0.187220354878919,0.299862818722939,54,62,"Servicios profesionales, científicos y técnicos","Servicios de salud y de asistencia social"
541820,713299,"Agencias de relaciones públicas","Otros juegos de azar","1",8,478,0.187220354878919,0.270589016115023,54,71,"Servicios profesionales, científicos y técnicos","Servicios de esparcimiento culturales y deportivos, y otros servicios recreativos"
541820,713950,"Agencias de relaciones públicas","Boliches","1",8,28.5,0.187220354878919,0.289971036915563,54,71,"Servicios profesionales, científicos y técnicos","Servicios de esparcimiento culturales y deportivos, y otros servicios recreativos"
541820,931110,"Agencias de relaciones públicas","Órganos legislativos","1",8,326.5,0.187220354878919,0.425402710869892,54,93,"Servicios profesionales, científicos y técnicos","Actividades legislativas, gubernamentales, de impartición de justicia y de organismos internacionales y extraterritoriales"
541840,621312,"Agencias de representación de medios","Consultorios de quiropráctica del sector público","0.5",25.5,28.5,0.355772711385214,0.392462073341483,54,62,"Servicios profesionales, científicos y técnicos","Servicios de salud y de asistencia social"
541870,541910,"Distribución de material publicitario","Servicios de investigación de mercados y encuestas de opinión pública","1",2.5,41,0.297138636536386,0.182545817011302,54,54,"Servicios profesionales, científicos y técnicos","Servicios profesionales, científicos y técnicos"
541870,541990,"Distribución de material publicitario","Otros servicios profesionales, científicos y técnicos","1",2.5,5,0.297138636536386,0.252814701117202,54,54,"Servicios profesionales, científicos y técnicos","Servicios profesionales, científicos y técnicos"
541870,611431,"Distribución de material publicitario","Escuelas para la capacitación de ejecutivos del sector privado","1",2.5,43,0.297138636536386,0.329957515805206,54,61,"Servicios profesionales, científicos y técnicos","Servicios educativos"
541870,621114,"Distribución de material publicitario","Consultorios de medicina especializada del sector público","1",2.5,8,0.297138636536386,0.360460039424648,54,62,"Servicios profesionales, científicos y técnicos","Servicios de salud y de asistencia social"
541870,621411,"Distribución de material publicitario","Centros de planificación familiar del sector privado","1",2.5,36,0.297138636536386,0.295842120354262,54,62,"Servicios profesionales, científicos y técnicos","Servicios de salud y de asistencia social"
541870,621412,"Distribución de material publicitario","Centros de planificación familiar del sector público","1",2.5,20.5,0.297138636536386,0.452740413072709,54,62,"Servicios profesionales, científicos y técnicos","Servicios de salud y de asistencia social"
541870,621492,"Distribución de material publicitario","Otros centros del sector público para la atención de pacientes que no requieren hospitalización","1",2.5,20.5,0.297138636536386,0.410589166151199,54,62,"Servicios profesionales, científicos y técnicos","Servicios de salud y de asistencia social"
541870,621512,"Distribución de material publicitario","Laboratorios médicos y de diagnóstico del sector público","1",2.5,81,0.297138636536386,0.405751894001053,54,62,"Servicios profesionales, científicos y técnicos","Servicios de salud y de asistencia social"
541870,621992,"Distribución de material publicitario","Servicios de bancos de órganos, bancos de sangre y otros servicios auxiliares al tratamiento médico prestados por el sector público","1",2.5,40.5,0.297138636536386,0.437933820392971,54,62,"Servicios profesionales, científicos y técnicos","Servicios de salud y de asistencia social"
541870,624221,"Distribución de material publicitario","Refugios temporales comunitarios del sector privado","1",2.5,2.5,0.297138636536386,0.299862818722939,54,62,"Servicios profesionales, científicos y técnicos","Servicios de salud y de asistencia social"
541870,713299,"Distribución de material publicitario","Otros juegos de azar","1",2.5,478,0.297138636536386,0.270589016115023,54,71,"Servicios profesionales, científicos y técnicos","Servicios de esparcimiento culturales y deportivos, y otros servicios recreativos"
541870,713950,"Distribución de material publicitario","Boliches","1",2.5,28.5,0.297138636536386,0.289971036915563,54,71,"Servicios profesionales, científicos y técnicos","Servicios de esparcimiento culturales y deportivos, y otros servicios recreativos"
541870,931110,"Distribución de material publicitario","Órganos legislativos","1",2.5,326.5,0.297138636536386,0.425402710869892,54,93,"Servicios profesionales, científicos y técnicos","Actividades legislativas, gubernamentales, de impartición de justicia y de organismos internacionales y extraterritoriales"
541890,811314,"Servicios de rotulación y otros servicios de publicidad","Reparación y mantenimiento de maquinaria y equipo comercial y de servicios","0.619047619047619",174,135.5,0.386070383733419,0.364439390727056,54,81,"Servicios profesionales, científicos y técnicos","Otros servicios excepto actividades gubernamentales"
541910,541990,"Servicios de investigación de mercados y encuestas de opinión pública","Otros servicios profesionales, científicos y técnicos","1",41,5,0.182545817011302,0.252814701117202,54,54,"Servicios profesionales, científicos y técnicos","Servicios profesionales, científicos y técnicos"
541910,611431,"Servicios de investigación de mercados y encuestas de opinión pública","Escuelas para la capacitación de ejecutivos del sector privado","1",41,43,0.182545817011302,0.329957515805206,54,61,"Servicios profesionales, científicos y técnicos","Servicios educativos"
541910,621114,"Servicios de investigación de mercados y encuestas de opinión pública","Consultorios de medicina especializada del sector público","1",41,8,0.182545817011302,0.360460039424648,54,62,"Servicios profesionales, científicos y técnicos","Servicios de salud y de asistencia social"
541910,621411,"Servicios de investigación de mercados y encuestas de opinión pública","Centros de planificación familiar del sector privado","1",41,36,0.182545817011302,0.295842120354262,54,62,"Servicios profesionales, científicos y técnicos","Servicios de salud y de asistencia social"
541910,621412,"Servicios de investigación de mercados y encuestas de opinión pública","Centros de planificación familiar del sector público","1",41,20.5,0.182545817011302,0.452740413072709,54,62,"Servicios profesionales, científicos y técnicos","Servicios de salud y de asistencia social"
541910,621492,"Servicios de investigación de mercados y encuestas de opinión pública","Otros centros del sector público para la atención de pacientes que no requieren hospitalización","1",41,20.5,0.182545817011302,0.410589166151199,54,62,"Servicios profesionales, científicos y técnicos","Servicios de salud y de asistencia social"
541910,621512,"Servicios de investigación de mercados y encuestas de opinión pública","Laboratorios médicos y de diagnóstico del sector público","1",41,81,0.182545817011302,0.405751894001053,54,62,"Servicios profesionales, científicos y técnicos","Servicios de salud y de asistencia social"
541910,621992,"Servicios de investigación de mercados y encuestas de opinión pública","Servicios de bancos de órganos, bancos de sangre y otros servicios auxiliares al tratamiento médico prestados por el sector público","1",41,40.5,0.182545817011302,0.437933820392971,54,62,"Servicios profesionales, científicos y técnicos","Servicios de salud y de asistencia social"
541910,624221,"Servicios de investigación de mercados y encuestas de opinión pública","Refugios temporales comunitarios del sector privado","1",41,2.5,0.182545817011302,0.299862818722939,54,62,"Servicios profesionales, científicos y técnicos","Servicios de salud y de asistencia social"
541910,713299,"Servicios de investigación de mercados y encuestas de opinión pública","Otros juegos de azar","1",41,478,0.182545817011302,0.270589016115023,54,71,"Servicios profesionales, científicos y técnicos","Servicios de esparcimiento culturales y deportivos, y otros servicios recreativos"
541910,713950,"Servicios de investigación de mercados y encuestas de opinión pública","Boliches","1",41,28.5,0.182545817011302,0.289971036915563,54,71,"Servicios profesionales, científicos y técnicos","Servicios de esparcimiento culturales y deportivos, y otros servicios recreativos"
541910,931110,"Servicios de investigación de mercados y encuestas de opinión pública","Órganos legislativos","1",41,326.5,0.182545817011302,0.425402710869892,54,93,"Servicios profesionales, científicos y técnicos","Actividades legislativas, gubernamentales, de impartición de justicia y de organismos internacionales y extraterritoriales"
541941,621331,"Servicios veterinarios para mascotas prestados por el sector privado","Consultorios de psicología del sector privado","0.428571428571429",1206.5,918,0.349137920612866,0.391546968551008,54,62,"Servicios profesionales, científicos y técnicos","Servicios de salud y de asistencia social"
541943,611121,"Servicios veterinarios para la ganadería prestados por el sector privado","Escuelas de educación primaria del sector privado","0.4",52.5,1026,0.494253156204268,0.28879657313962,54,61,"Servicios profesionales, científicos y técnicos","Servicios educativos"
541990,611431,"Otros servicios profesionales, científicos y técnicos","Escuelas para la capacitación de ejecutivos del sector privado","1",5,43,0.252814701117202,0.329957515805206,54,61,"Servicios profesionales, científicos y técnicos","Servicios educativos"
541990,621114,"Otros servicios profesionales, científicos y técnicos","Consultorios de medicina especializada del sector público","1",5,8,0.252814701117202,0.360460039424648,54,62,"Servicios profesionales, científicos y técnicos","Servicios de salud y de asistencia social"
541990,621411,"Otros servicios profesionales, científicos y técnicos","Centros de planificación familiar del sector privado","1",5,36,0.252814701117202,0.295842120354262,54,62,"Servicios profesionales, científicos y técnicos","Servicios de salud y de asistencia social"
541990,621412,"Otros servicios profesionales, científicos y técnicos","Centros de planificación familiar del sector público","1",5,20.5,0.252814701117202,0.452740413072709,54,62,"Servicios profesionales, científicos y técnicos","Servicios de salud y de asistencia social"
541990,621492,"Otros servicios profesionales, científicos y técnicos","Otros centros del sector público para la atención de pacientes que no requieren hospitalización","1",5,20.5,0.252814701117202,0.410589166151199,54,62,"Servicios profesionales, científicos y técnicos","Servicios de salud y de asistencia social"
541990,621512,"Otros servicios profesionales, científicos y técnicos","Laboratorios médicos y de diagnóstico del sector público","1",5,81,0.252814701117202,0.405751894001053,54,62,"Servicios profesionales, científicos y técnicos","Servicios de salud y de asistencia social"
541990,621992,"Otros servicios profesionales, científicos y técnicos","Servicios de bancos de órganos, bancos de sangre y otros servicios auxiliares al tratamiento médico prestados por el sector público","1",5,40.5,0.252814701117202,0.437933820392971,54,62,"Servicios profesionales, científicos y técnicos","Servicios de salud y de asistencia social"
541990,624221,"Otros servicios profesionales, científicos y técnicos","Refugios temporales comunitarios del sector privado","1",5,2.5,0.252814701117202,0.299862818722939,54,62,"Servicios profesionales, científicos y técnicos","Servicios de salud y de asistencia social"
541990,713299,"Otros servicios profesionales, científicos y técnicos","Otros juegos de azar","1",5,478,0.252814701117202,0.270589016115023,54,71,"Servicios profesionales, científicos y técnicos","Servicios de esparcimiento culturales y deportivos, y otros servicios recreativos"
541990,713950,"Otros servicios profesionales, científicos y técnicos","Boliches","1",5,28.5,0.252814701117202,0.289971036915563,54,71,"Servicios profesionales, científicos y técnicos","Servicios de esparcimiento culturales y deportivos, y otros servicios recreativos"
541990,931110,"Otros servicios profesionales, científicos y técnicos","Órganos legislativos","1",5,326.5,0.252814701117202,0.425402710869892,54,93,"Servicios profesionales, científicos y técnicos","Actividades legislativas, gubernamentales, de impartición de justicia y de organismos internacionales y extraterritoriales"
561110,561520,"Servicios de administración de negocios","Organización de excursiones y paquetes turísticos para agencias de viajes (Operadores de tours)","0.666666666666667",434,30.5,0.243263733287364,0.270002731704595,56,56,"Servicios de apoyo a los negocios y manejo de residuos, y servicios de remediación","Servicios de apoyo a los negocios y manejo de residuos, y servicios de remediación"
561110,611152,"Servicios de administración de negocios","Escuelas de educación media técnica terminal del sector público","0.666666666666667",434,28.5,0.243263733287364,0.42215222094763,56,61,"Servicios de apoyo a los negocios y manejo de residuos, y servicios de remediación","Servicios educativos"
561110,711111,"Servicios de administración de negocios","Compañías de teatro del sector privado","0.666666666666667",434,5,0.243263733287364,0.302219459823884,56,71,"Servicios de apoyo a los negocios y manejo de residuos, y servicios de remediación","Servicios de esparcimiento culturales y deportivos, y otros servicios recreativos"
561320,621422,"Agencias de empleo temporal","Centros del sector público de atención médica externa para enfermos mentales y adictos","0.5",48.5,57,0.275134904176393,0.409195858026829,56,62,"Servicios de apoyo a los negocios y manejo de residuos, y servicios de remediación","Servicios de salud y de asistencia social"
561422,611212,"Servicios de recepción de llamadas telefónicas y promoción por teléfono","Escuelas de educación técnica superior del sector público","0.666666666666667",925.5,347,0.320599369124025,0.389192805363615,56,61,"Servicios de apoyo a los negocios y manejo de residuos, y servicios de remediación","Servicios educativos"
561422,623222,"Servicios de recepción de llamadas telefónicas y promoción por teléfono","Residencias del sector público para el cuidado de personas con problemas de trastorno mental y adicción","0.666666666666667",925.5,63.5,0.320599369124025,0.390894389227496,56,62,"Servicios de apoyo a los negocios y manejo de residuos, y servicios de remediación","Servicios de salud y de asistencia social"
561432,611132,"Servicios de acceso a computadoras","Escuelas de educación secundaria general del sector público","0.692307692307692",1946.5,6310,0.525132573213025,0.407211104749791,56,61,"Servicios de apoyo a los negocios y manejo de residuos, y servicios de remediación","Servicios educativos"
561432,611162,"Servicios de acceso a computadoras","Escuelas de educación media superior del sector público","0.647058823529412",1946.5,6734,0.525132573213025,0.450855990413978,56,61,"Servicios de apoyo a los negocios y manejo de residuos, y servicios de remediación","Servicios educativos"
561432,624212,"Servicios de acceso a computadoras","Servicios de alimentación comunitarios prestados por el sector público","0.705882352941177",1946.5,519,0.525132573213025,0.411337102493397,56,62,"Servicios de apoyo a los negocios y manejo de residuos, y servicios de remediación","Servicios de salud y de asistencia social"
561432,812322,"Servicios de acceso a computadoras","Administración de cementerios pertenecientes al sector público","0.7",1946.5,625.5,0.525132573213025,0.500662728524746,56,81,"Servicios de apoyo a los negocios y manejo de residuos, y servicios de remediación","Otros servicios excepto actividades gubernamentales"
561432,813210,"Servicios de acceso a computadoras","Asociaciones y organizaciones religiosas","0.686274509803922",1946.5,6569.5,0.525132573213025,0.366897866752468,56,81,"Servicios de apoyo a los negocios y manejo de residuos, y servicios de remediación","Otros servicios excepto actividades gubernamentales"
561432,931210,"Servicios de acceso a computadoras","Administración pública en general","0.690909090909091",1946.5,22892,0.525132573213025,0.471632860261406,56,93,"Servicios de apoyo a los negocios y manejo de residuos, y servicios de remediación","Actividades legislativas, gubernamentales, de impartición de justicia y de organismos internacionales y extraterritoriales"
561450,561790,"Despachos de investigación de solvencia financiera","Otros servicios de limpieza","1",5,8,0.230498392518118,0.31480558322542,56,56,"Servicios de apoyo a los negocios y manejo de residuos, y servicios de remediación","Servicios de apoyo a los negocios y manejo de residuos, y servicios de remediación"
561450,622211,"Despachos de investigación de solvencia financiera","Hospitales psiquiátricos y para el tratamiento por adicción del sector privado","1",5,2.5,0.230498392518118,0.331505823351494,56,62,"Servicios de apoyo a los negocios y manejo de residuos, y servicios de remediación","Servicios de salud y de asistencia social"
561450,711320,"Despachos de investigación de solvencia financiera","Promotores de espectáculos artísticos, culturales, deportivos y similares que no cuentan con instalaciones para presentarlos","1",5,20.5,0.230498392518118,0.252626107442331,56,71,"Servicios de apoyo a los negocios y manejo de residuos, y servicios de remediación","Servicios de esparcimiento culturales y deportivos, y otros servicios recreativos"
561520,611612,"Organización de excursiones y paquetes turísticos para agencias de viajes (Operadores de tours)","Escuelas de arte del sector público","0.666666666666667",30.5,69,0.270002731704595,0.374912735687593,56,61,"Servicios de apoyo a los negocios y manejo de residuos, y servicios de remediación","Servicios educativos"
561610,561710,"Servicios de investigación y de protección y custodia, excepto mediante monitoreo","Servicios de control y exterminación de plagas","0.555555555555556",3314.5,69,0.358153728440035,0.322265241371142,56,56,"Servicios de apoyo a los negocios y manejo de residuos, y servicios de remediación","Servicios de apoyo a los negocios y manejo de residuos, y servicios de remediación"
561610,621491,"Servicios de investigación y de protección y custodia, excepto mediante monitoreo","Otros centros del sector privado para la atención de pacientes que no requieren hospitalización","0.666666666666667",3314.5,258.5,0.358153728440035,0.346444846612452,56,62,"Servicios de apoyo a los negocios y manejo de residuos, y servicios de remediación","Servicios de salud y de asistencia social"
561740,611181,"Servicios de limpieza de tapicería, alfombras y muebles","Escuelas del sector privado de educación para necesidades especiales","0.666666666666667",5,36,0.328246531979337,0.270030272919311,56,61,"Servicios de apoyo a los negocios y manejo de residuos, y servicios de remediación","Servicios educativos"
561740,622312,"Servicios de limpieza de tapicería, alfombras y muebles","Hospitales del sector público de otras especialidades médicas","0.5",5,928.5,0.328246531979337,0.406154432532204,56,62,"Servicios de apoyo a los negocios y manejo de residuos, y servicios de remediación","Servicios de salud y de asistencia social"
561790,622211,"Otros servicios de limpieza","Hospitales psiquiátricos y para el tratamiento por adicción del sector privado","1",8,2.5,0.31480558322542,0.331505823351494,56,62,"Servicios de apoyo a los negocios y manejo de residuos, y servicios de remediación","Servicios de salud y de asistencia social"
561790,711320,"Otros servicios de limpieza","Promotores de espectáculos artísticos, culturales, deportivos y similares que no cuentan con instalaciones para presentarlos","1",8,20.5,0.31480558322542,0.252626107442331,56,71,"Servicios de apoyo a los negocios y manejo de residuos, y servicios de remediación","Servicios de esparcimiento culturales y deportivos, y otros servicios recreativos"
562121,562921,"Recolección de residuos no peligrosos por el sector privado","Recuperación de residuos por el sector privado","0.5",229.5,41,0.28910327905678,0.309983752632517,56,56,"Servicios de apoyo a los negocios y manejo de residuos, y servicios de remediación","Servicios de apoyo a los negocios y manejo de residuos, y servicios de remediación"
562912,711191,"Servicios de remediación por el sector público","Otras compañías y grupos de espectáculos artísticos del sector privado","0.5",20.5,5,0.714915525939298,0.292910424675493,56,71,"Servicios de apoyo a los negocios y manejo de residuos, y servicios de remediación","Servicios de esparcimiento culturales y deportivos, y otros servicios recreativos"
611112,611122,"Escuelas de educación preescolar y centros de estimulación temprana del sector público","Escuelas de educación primaria del sector público","0.770833333333333",4925,11845,0.416028851153344,0.404120816112432,61,61,"Servicios educativos","Servicios educativos"
611112,813210,"Escuelas de educación preescolar y centros de estimulación temprana del sector público","Asociaciones y organizaciones religiosas","0.7",4925,6569.5,0.416028851153344,0.366897866752468,61,81,"Servicios educativos","Otros servicios excepto actividades gubernamentales"
611121,611691,"Escuelas de educación primaria del sector privado","Servicios de profesores particulares","0.5",1026,340.5,0.28879657313962,0.304680701444702,61,61,"Servicios educativos","Servicios educativos"
611121,622311,"Escuelas de educación primaria del sector privado","Hospitales del sector privado de otras especialidades médicas","0.6",1026,419.5,0.28879657313962,0.32478210892665,61,62,"Servicios educativos","Servicios de salud y de asistencia social"
611122,813210,"Escuelas de educación primaria del sector público","Asociaciones y organizaciones religiosas","0.66",11845,6569.5,0.404120816112432,0.366897866752468,61,81,"Servicios educativos","Otros servicios excepto actividades gubernamentales"
611132,812322,"Escuelas de educación secundaria general del sector público","Administración de cementerios pertenecientes al sector público","0.7",6310,625.5,0.407211104749791,0.500662728524746,61,81,"Servicios educativos","Otros servicios excepto actividades gubernamentales"
611132,813210,"Escuelas de educación secundaria general del sector público","Asociaciones y organizaciones religiosas","0.711538461538462",6310,6569.5,0.407211104749791,0.366897866752468,61,81,"Servicios educativos","Otros servicios excepto actividades gubernamentales"
611132,931210,"Escuelas de educación secundaria general del sector público","Administración pública en general","0.654545454545455",6310,22892,0.407211104749791,0.471632860261406,61,93,"Servicios educativos","Actividades legislativas, gubernamentales, de impartición de justicia y de organismos internacionales y extraterritoriales"
611142,621112,"Escuelas de educación secundaria técnica del sector público","Consultorios de medicina general del sector público","0.444444444444444",2674.5,671.5,0.374368365243353,0.445034603965372,61,62,"Servicios educativos","Servicios de salud y de asistencia social"
611142,813120,"Escuelas de educación secundaria técnica del sector público","Asociaciones y organizaciones laborales y sindicales","0.36",2674.5,863,0.374368365243353,0.418681370248709,61,81,"Servicios educativos","Otros servicios excepto actividades gubernamentales"
611152,711111,"Escuelas de educación media técnica terminal del sector público","Compañías de teatro del sector privado","1",28.5,5,0.42215222094763,0.302219459823884,61,71,"Servicios educativos","Servicios de esparcimiento culturales y deportivos, y otros servicios recreativos"
611161,622311,"Escuelas de educación media superior del sector privado","Hospitales del sector privado de otras especialidades médicas","0.615384615384615",1302,419.5,0.412879588500527,0.32478210892665,61,62,"Servicios educativos","Servicios de salud y de asistencia social"
611162,931412,"Escuelas de educación media superior del sector público","Mantenimiento de la seguridad y el orden público","0.627906976744186",6734,7076,0.450855990413978,0.392607021000875,61,93,"Servicios educativos","Actividades legislativas, gubernamentales, de impartición de justicia y de organismos internacionales y extraterritoriales"
611162,931610,"Escuelas de educación media superior del sector público","Actividades administrativas de instituciones de bienestar social","0.488372093023256",6734,9636.5,0.450855990413978,0.425092477213003,61,93,"Servicios educativos","Actividades legislativas, gubernamentales, de impartición de justicia y de organismos internacionales y extraterritoriales"
611212,623222,"Escuelas de educación técnica superior del sector público","Residencias del sector público para el cuidado de personas con problemas de trastorno mental y adicción","0.666666666666667",347,63.5,0.389192805363615,0.390894389227496,61,62,"Servicios educativos","Servicios de salud y de asistencia social"
611431,621114,"Escuelas para la capacitación de ejecutivos del sector privado","Consultorios de medicina especializada del sector público","1",43,8,0.329957515805206,0.360460039424648,61,62,"Servicios educativos","Servicios de salud y de asistencia social"
611431,621411,"Escuelas para la capacitación de ejecutivos del sector privado","Centros de planificación familiar del sector privado","1",43,36,0.329957515805206,0.295842120354262,61,62,"Servicios educativos","Servicios de salud y de asistencia social"
611431,621412,"Escuelas para la capacitación de ejecutivos del sector privado","Centros de planificación familiar del sector público","1",43,20.5,0.329957515805206,0.452740413072709,61,62,"Servicios educativos","Servicios de salud y de asistencia social"
611431,621492,"Escuelas para la capacitación de ejecutivos del sector privado","Otros centros del sector público para la atención de pacientes que no requieren hospitalización","1",43,20.5,0.329957515805206,0.410589166151199,61,62,"Servicios educativos","Servicios de salud y de asistencia social"
611431,621512,"Escuelas para la capacitación de ejecutivos del sector privado","Laboratorios médicos y de diagnóstico del sector público","1",43,81,0.329957515805206,0.405751894001053,61,62,"Servicios educativos","Servicios de salud y de asistencia social"
611431,621992,"Escuelas para la capacitación de ejecutivos del sector privado","Servicios de bancos de órganos, bancos de sangre y otros servicios auxiliares al tratamiento médico prestados por el sector público","1",43,40.5,0.329957515805206,0.437933820392971,61,62,"Servicios educativos","Servicios de salud y de asistencia social"
611431,624221,"Escuelas para la capacitación de ejecutivos del sector privado","Refugios temporales comunitarios del sector privado","1",43,2.5,0.329957515805206,0.299862818722939,61,62,"Servicios educativos","Servicios de salud y de asistencia social"
611431,713299,"Escuelas para la capacitación de ejecutivos del sector privado","Otros juegos de azar","1",43,478,0.329957515805206,0.270589016115023,61,71,"Servicios educativos","Servicios de esparcimiento culturales y deportivos, y otros servicios recreativos"
611431,713950,"Escuelas para la capacitación de ejecutivos del sector privado","Boliches","1",43,28.5,0.329957515805206,0.289971036915563,61,71,"Servicios educativos","Servicios de esparcimiento culturales y deportivos, y otros servicios recreativos"
611431,931110,"Escuelas para la capacitación de ejecutivos del sector privado","Órganos legislativos","1",43,326.5,0.329957515805206,0.425402710869892,61,93,"Servicios educativos","Actividades legislativas, gubernamentales, de impartición de justicia y de organismos internacionales y extraterritoriales"
611511,611611,"Escuelas del sector privado dedicadas a la enseñanza de oficios","Escuelas de arte del sector privado","0.571428571428571",489.5,576.5,0.4154605365576,0.380067280143238,61,61,"Servicios educativos","Servicios educativos"
611611,711131,"Escuelas de arte del sector privado","Cantantes y grupos musicales del sector privado","0.5",576.5,391.5,0.380067280143238,0.497352510161185,61,71,"Servicios educativos","Servicios de esparcimiento culturales y deportivos, y otros servicios recreativos"
611698,624121,"Otros servicios educativos proporcionados por el sector privado","Centros del sector privado dedicados a la atención y cuidado diurno de ancianos y personas con discapacidad","0.444444444444444",122.5,25.5,0.301992386883147,0.346099945888923,61,62,"Servicios educativos","Servicios de salud y de asistencia social"
611699,931411,"Otros servicios educativos proporcionados por el sector público","Impartición de justicia","0.636363636363636",282,2371,0.409753011947696,0.381079388469332,61,93,"Servicios educativos","Actividades legislativas, gubernamentales, de impartición de justicia y de organismos internacionales y extraterritoriales"
621111,711312,"Consultorios de medicina general del sector privado","Promotores del sector público de espectáculos artísticos, culturales, deportivos y similares que cuentan con instalaciones para presentarlos","0.538461538461538",2814.5,895.5,0.485487914319666,0.413260576176665,62,71,"Servicios de salud y de asistencia social","Servicios de esparcimiento culturales y deportivos, y otros servicios recreativos"
621111,811192,"Consultorios de medicina general del sector privado","Lavado y lubricado de automóviles y camiones","0.666666666666667",2814.5,3337,0.485487914319666,0.450474785883919,62,81,"Servicios de salud y de asistencia social","Otros servicios excepto actividades gubernamentales"
621111,811492,"Consultorios de medicina general del sector privado","Reparación y mantenimiento de motocicletas","0.692307692307692",2814.5,1296.5,0.485487914319666,0.477993816207653,62,81,"Servicios de salud y de asistencia social","Otros servicios excepto actividades gubernamentales"
621112,722412,"Consultorios de medicina general del sector público","Bares, cantinas y similares","0.444444444444444",671.5,3524.5,0.445034603965372,0.447846372125482,62,72,"Servicios de salud y de asistencia social","Servicios de alojamiento temporal y de preparación de alimentos y bebidas"
621113,622311,"Consultorios de medicina especializada del sector privado","Hospitales del sector privado de otras especialidades médicas","0.538461538461538",1687,419.5,0.320789838466975,0.32478210892665,62,62,"Servicios de salud y de asistencia social","Servicios de salud y de asistencia social"
621114,621411,"Consultorios de medicina especializada del sector público","Centros de planificación familiar del sector privado","1",8,36,0.360460039424648,0.295842120354262,62,62,"Servicios de salud y de asistencia social","Servicios de salud y de asistencia social"
621114,621412,"Consultorios de medicina especializada del sector público","Centros de planificación familiar del sector público","1",8,20.5,0.360460039424648,0.452740413072709,62,62,"Servicios de salud y de asistencia social","Servicios de salud y de asistencia social"
621114,621492,"Consultorios de medicina especializada del sector público","Otros centros del sector público para la atención de pacientes que no requieren hospitalización","1",8,20.5,0.360460039424648,0.410589166151199,62,62,"Servicios de salud y de asistencia social","Servicios de salud y de asistencia social"
621114,621512,"Consultorios de medicina especializada del sector público","Laboratorios médicos y de diagnóstico del sector público","1",8,81,0.360460039424648,0.405751894001053,62,62,"Servicios de salud y de asistencia social","Servicios de salud y de asistencia social"
621114,621992,"Consultorios de medicina especializada del sector público","Servicios de bancos de órganos, bancos de sangre y otros servicios auxiliares al tratamiento médico prestados por el sector público","1",8,40.5,0.360460039424648,0.437933820392971,62,62,"Servicios de salud y de asistencia social","Servicios de salud y de asistencia social"
621114,624221,"Consultorios de medicina especializada del sector público","Refugios temporales comunitarios del sector privado","1",8,2.5,0.360460039424648,0.299862818722939,62,62,"Servicios de salud y de asistencia social","Servicios de salud y de asistencia social"
621114,713299,"Consultorios de medicina especializada del sector público","Otros juegos de azar","1",8,478,0.360460039424648,0.270589016115023,62,71,"Servicios de salud y de asistencia social","Servicios de esparcimiento culturales y deportivos, y otros servicios recreativos"
621114,713950,"Consultorios de medicina especializada del sector público","Boliches","1",8,28.5,0.360460039424648,0.289971036915563,62,71,"Servicios de salud y de asistencia social","Servicios de esparcimiento culturales y deportivos, y otros servicios recreativos"
621114,931110,"Consultorios de medicina especializada del sector público","Órganos legislativos","1",8,326.5,0.360460039424648,0.425402710869892,62,93,"Servicios de salud y de asistencia social","Actividades legislativas, gubernamentales, de impartición de justicia y de organismos internacionales y extraterritoriales"
621116,813210,"Clínicas de consultorios médicos del sector público","Asociaciones y organizaciones religiosas","0.66",2274.5,6569.5,0.459089782084226,0.366897866752468,62,81,"Servicios de salud y de asistencia social","Otros servicios excepto actividades gubernamentales"
621211,713943,"Consultorios dentales del sector privado","Centros de acondicionamiento físico del sector privado","0.576923076923077",5096,2577,0.426433134578858,0.39233564350558,62,71,"Servicios de salud y de asistencia social","Servicios de esparcimiento culturales y deportivos, y otros servicios recreativos"
621212,811123,"Consultorios dentales del sector público","Servicios de blindaje y de adaptación de automóviles y camiones","0.666666666666667",7.5,28,0.325301959527048,0.245276686970214,62,81,"Servicios de salud y de asistencia social","Otros servicios excepto actividades gubernamentales"
621320,811219,"Consultorios de optometría","Reparación y mantenimiento de otro equipo electrónico y de equipo de precisión","0.580645161290323",423.5,1661.5,0.400746305366853,0.44678435036564,62,81,"Servicios de salud y de asistencia social","Otros servicios excepto actividades gubernamentales"
621331,621391,"Consultorios de psicología del sector privado","Consultorios de nutriólogos y dietistas del sector privado","0.476190476190476",918,404,0.391546968551008,0.365911275997444,62,62,"Servicios de salud y de asistencia social","Servicios de salud y de asistencia social"
621331,811121,"Consultorios de psicología del sector privado","Hojalatería y pintura de automóviles y camiones","0.545454545454545",918,2918,0.391546968551008,0.417414077623017,62,81,"Servicios de salud y de asistencia social","Otros servicios excepto actividades gubernamentales"
621331,811199,"Consultorios de psicología del sector privado","Otros servicios de reparación y mantenimiento de automóviles y camiones","0.571428571428571",918,444,0.391546968551008,0.306397775228385,62,81,"Servicios de salud y de asistencia social","Otros servicios excepto actividades gubernamentales"
621341,812110,"Consultorios del sector privado de audiología y de terapia ocupacional, física y del lenguaje","Salones y clínicas de belleza y peluquerías","0.571428571428571",1135.5,18521.5,0.415961964175096,0.458251418089123,62,81,"Servicios de salud y de asistencia social","Otros servicios excepto actividades gubernamentales"
621398,811199,"Otros consultorios del sector privado para el cuidado de la salud","Otros servicios de reparación y mantenimiento de automóviles y camiones","0.538461538461538",851.5,444,0.380520881233646,0.306397775228385,62,81,"Servicios de salud y de asistencia social","Otros servicios excepto actividades gubernamentales"
621411,621412,"Centros de planificación familiar del sector privado","Centros de planificación familiar del sector público","1",36,20.5,0.295842120354262,0.452740413072709,62,62,"Servicios de salud y de asistencia social","Servicios de salud y de asistencia social"
621411,621492,"Centros de planificación familiar del sector privado","Otros centros del sector público para la atención de pacientes que no requieren hospitalización","1",36,20.5,0.295842120354262,0.410589166151199,62,62,"Servicios de salud y de asistencia social","Servicios de salud y de asistencia social"
621411,621512,"Centros de planificación familiar del sector privado","Laboratorios médicos y de diagnóstico del sector público","1",36,81,0.295842120354262,0.405751894001053,62,62,"Servicios de salud y de asistencia social","Servicios de salud y de asistencia social"
621411,621992,"Centros de planificación familiar del sector privado","Servicios de bancos de órganos, bancos de sangre y otros servicios auxiliares al tratamiento médico prestados por el sector público","1",36,40.5,0.295842120354262,0.437933820392971,62,62,"Servicios de salud y de asistencia social","Servicios de salud y de asistencia social"
621411,624221,"Centros de planificación familiar del sector privado","Refugios temporales comunitarios del sector privado","1",36,2.5,0.295842120354262,0.299862818722939,62,62,"Servicios de salud y de asistencia social","Servicios de salud y de asistencia social"
621411,713299,"Centros de planificación familiar del sector privado","Otros juegos de azar","1",36,478,0.295842120354262,0.270589016115023,62,71,"Servicios de salud y de asistencia social","Servicios de esparcimiento culturales y deportivos, y otros servicios recreativos"
621411,713950,"Centros de planificación familiar del sector privado","Boliches","1",36,28.5,0.295842120354262,0.289971036915563,62,71,"Servicios de salud y de asistencia social","Servicios de esparcimiento culturales y deportivos, y otros servicios recreativos"
621411,931110,"Centros de planificación familiar del sector privado","Órganos legislativos","1",36,326.5,0.295842120354262,0.425402710869892,62,93,"Servicios de salud y de asistencia social","Actividades legislativas, gubernamentales, de impartición de justicia y de organismos internacionales y extraterritoriales"
621412,621492,"Centros de planificación familiar del sector público","Otros centros del sector público para la atención de pacientes que no requieren hospitalización","1",20.5,20.5,0.452740413072709,0.410589166151199,62,62,"Servicios de salud y de asistencia social","Servicios de salud y de asistencia social"
621412,621512,"Centros de planificación familiar del sector público","Laboratorios médicos y de diagnóstico del sector público","1",20.5,81,0.452740413072709,0.405751894001053,62,62,"Servicios de salud y de asistencia social","Servicios de salud y de asistencia social"
621412,621992,"Centros de planificación familiar del sector público","Servicios de bancos de órganos, bancos de sangre y otros servicios auxiliares al tratamiento médico prestados por el sector público","1",20.5,40.5,0.452740413072709,0.437933820392971,62,62,"Servicios de salud y de asistencia social","Servicios de salud y de asistencia social"
621412,624221,"Centros de planificación familiar del sector público","Refugios temporales comunitarios del sector privado","1",20.5,2.5,0.452740413072709,0.299862818722939,62,62,"Servicios de salud y de asistencia social","Servicios de salud y de asistencia social"
621412,713299,"Centros de planificación familiar del sector público","Otros juegos de azar","1",20.5,478,0.452740413072709,0.270589016115023,62,71,"Servicios de salud y de asistencia social","Servicios de esparcimiento culturales y deportivos, y otros servicios recreativos"
621412,713950,"Centros de planificación familiar del sector público","Boliches","1",20.5,28.5,0.452740413072709,0.289971036915563,62,71,"Servicios de salud y de asistencia social","Servicios de esparcimiento culturales y deportivos, y otros servicios recreativos"
621412,931110,"Centros de planificación familiar del sector público","Órganos legislativos","1",20.5,326.5,0.452740413072709,0.425402710869892,62,93,"Servicios de salud y de asistencia social","Actividades legislativas, gubernamentales, de impartición de justicia y de organismos internacionales y extraterritoriales"
621491,713291,"Otros centros del sector privado para la atención de pacientes que no requieren hospitalización","Venta de billetes de lotería, pronósticos deportivos y otros boletos de sorteo","0.714285714285714",258.5,93.5,0.346444846612452,0.290032555816598,62,71,"Servicios de salud y de asistencia social","Servicios de esparcimiento culturales y deportivos, y otros servicios recreativos"
621491,812321,"Otros centros del sector privado para la atención de pacientes que no requieren hospitalización","Administración de cementerios pertenecientes al sector privado","0.571428571428571",258.5,30.5,0.346444846612452,0.257981838401296,62,81,"Servicios de salud y de asistencia social","Otros servicios excepto actividades gubernamentales"
621492,621512,"Otros centros del sector público para la atención de pacientes que no requieren hospitalización","Laboratorios médicos y de diagnóstico del sector público","1",20.5,81,0.410589166151199,0.405751894001053,62,62,"Servicios de salud y de asistencia social","Servicios de salud y de asistencia social"
621492,621992,"Otros centros del sector público para la atención de pacientes que no requieren hospitalización","Servicios de bancos de órganos, bancos de sangre y otros servicios auxiliares al tratamiento médico prestados por el sector público","1",20.5,40.5,0.410589166151199,0.437933820392971,62,62,"Servicios de salud y de asistencia social","Servicios de salud y de asistencia social"
621492,624221,"Otros centros del sector público para la atención de pacientes que no requieren hospitalización","Refugios temporales comunitarios del sector privado","1",20.5,2.5,0.410589166151199,0.299862818722939,62,62,"Servicios de salud y de asistencia social","Servicios de salud y de asistencia social"
621492,713299,"Otros centros del sector público para la atención de pacientes que no requieren hospitalización","Otros juegos de azar","1",20.5,478,0.410589166151199,0.270589016115023,62,71,"Servicios de salud y de asistencia social","Servicios de esparcimiento culturales y deportivos, y otros servicios recreativos"
621492,713950,"Otros centros del sector público para la atención de pacientes que no requieren hospitalización","Boliches","1",20.5,28.5,0.410589166151199,0.289971036915563,62,71,"Servicios de salud y de asistencia social","Servicios de esparcimiento culturales y deportivos, y otros servicios recreativos"
621492,931110,"Otros centros del sector público para la atención de pacientes que no requieren hospitalización","Órganos legislativos","1",20.5,326.5,0.410589166151199,0.425402710869892,62,93,"Servicios de salud y de asistencia social","Actividades legislativas, gubernamentales, de impartición de justicia y de organismos internacionales y extraterritoriales"
621511,624112,"Laboratorios médicos y de diagnóstico del sector privado","Servicios de orientación y trabajo social para la niñez y la juventud prestados por el sector público","0.44",2418,660.5,0.405667140796476,0.366990194010271,62,62,"Servicios de salud y de asistencia social","Servicios de salud y de asistencia social"
621512,621992,"Laboratorios médicos y de diagnóstico del sector público","Servicios de bancos de órganos, bancos de sangre y otros servicios auxiliares al tratamiento médico prestados por el sector público","1",81,40.5,0.405751894001053,0.437933820392971,62,62,"Servicios de salud y de asistencia social","Servicios de salud y de asistencia social"
621512,624221,"Laboratorios médicos y de diagnóstico del sector público","Refugios temporales comunitarios del sector privado","1",81,2.5,0.405751894001053,0.299862818722939,62,62,"Servicios de salud y de asistencia social","Servicios de salud y de asistencia social"
621512,713299,"Laboratorios médicos y de diagnóstico del sector público","Otros juegos de azar","1",81,478,0.405751894001053,0.270589016115023,62,71,"Servicios de salud y de asistencia social","Servicios de esparcimiento culturales y deportivos, y otros servicios recreativos"
621512,713950,"Laboratorios médicos y de diagnóstico del sector público","Boliches","1",81,28.5,0.405751894001053,0.289971036915563,62,71,"Servicios de salud y de asistencia social","Servicios de esparcimiento culturales y deportivos, y otros servicios recreativos"
621512,931110,"Laboratorios médicos y de diagnóstico del sector público","Órganos legislativos","1",81,326.5,0.405751894001053,0.425402710869892,62,93,"Servicios de salud y de asistencia social","Actividades legislativas, gubernamentales, de impartición de justicia y de organismos internacionales y extraterritoriales"
621910,931411,"Servicios de ambulancias","Impartición de justicia","0.545454545454545",519,2371,0.373093249524862,0.381079388469332,62,93,"Servicios de salud y de asistencia social","Actividades legislativas, gubernamentales, de impartición de justicia y de organismos internacionales y extraterritoriales"
621992,624221,"Servicios de bancos de órganos, bancos de sangre y otros servicios auxiliares al tratamiento médico prestados por el sector público","Refugios temporales comunitarios del sector privado","1",40.5,2.5,0.437933820392971,0.299862818722939,62,62,"Servicios de salud y de asistencia social","Servicios de salud y de asistencia social"
621992,713299,"Servicios de bancos de órganos, bancos de sangre y otros servicios auxiliares al tratamiento médico prestados por el sector público","Otros juegos de azar","1",40.5,478,0.437933820392971,0.270589016115023,62,71,"Servicios de salud y de asistencia social","Servicios de esparcimiento culturales y deportivos, y otros servicios recreativos"
621992,713950,"Servicios de bancos de órganos, bancos de sangre y otros servicios auxiliares al tratamiento médico prestados por el sector público","Boliches","1",40.5,28.5,0.437933820392971,0.289971036915563,62,71,"Servicios de salud y de asistencia social","Servicios de esparcimiento culturales y deportivos, y otros servicios recreativos"
621992,931110,"Servicios de bancos de órganos, bancos de sangre y otros servicios auxiliares al tratamiento médico prestados por el sector público","Órganos legislativos","1",40.5,326.5,0.437933820392971,0.425402710869892,62,93,"Servicios de salud y de asistencia social","Actividades legislativas, gubernamentales, de impartición de justicia y de organismos internacionales y extraterritoriales"
622211,711320,"Hospitales psiquiátricos y para el tratamiento por adicción del sector privado","Promotores de espectáculos artísticos, culturales, deportivos y similares que no cuentan con instalaciones para presentarlos","1",2.5,20.5,0.331505823351494,0.252626107442331,62,71,"Servicios de salud y de asistencia social","Servicios de esparcimiento culturales y deportivos, y otros servicios recreativos"
622312,624222,"Hospitales del sector público de otras especialidades médicas","Refugios temporales comunitarios del sector público","0.5",928.5,68.5,0.406154432532204,0.421734034559489,62,62,"Servicios de salud y de asistencia social","Servicios de salud y de asistencia social"
623112,623222,"Residencias del sector público con cuidados de enfermeras para enfermos convalecientes, en rehabilitación, incurables y terminales","Residencias del sector público para el cuidado de personas con problemas de trastorno mental y adicción","0.666666666666667",18.5,63.5,0.46189568922129,0.390894389227496,62,62,"Servicios de salud y de asistencia social","Servicios de salud y de asistencia social"
623221,812210,"Residencias del sector privado para el cuidado de personas con problemas de trastorno mental y adicción","Lavanderías y tintorerías","0.5",132,3343.5,0.350875048578104,0.425595597250484,62,81,"Servicios de salud y de asistencia social","Otros servicios excepto actividades gubernamentales"
624122,811119,"Centros del sector público dedicados a la atención y cuidado diurno de ancianos y personas con discapacidad","Otras reparaciones mecánicas de automóviles y camiones","0.5",236.5,1134.5,0.44156283939339,0.413891417064213,62,81,"Servicios de salud y de asistencia social","Otros servicios excepto actividades gubernamentales"
624191,812110,"Agrupaciones de autoayuda para alcohólicos y personas con otras adicciones","Salones y clínicas de belleza y peluquerías","0.535714285714286",1511.5,18521.5,0.41580343660483,0.458251418089123,62,81,"Servicios de salud y de asistencia social","Otros servicios excepto actividades gubernamentales"
624198,713941,"Otros servicios de orientación y trabajo social prestados por el sector privado","Clubes deportivos del sector privado","1",36,265.5,0.340001190441839,0.313568790385847,62,71,"Servicios de salud y de asistencia social","Servicios de esparcimiento culturales y deportivos, y otros servicios recreativos"
624199,711312,"Otros servicios de orientación y trabajo social prestados por el sector público","Promotores del sector público de espectáculos artísticos, culturales, deportivos y similares que cuentan con instalaciones para presentarlos","0.4375",430,895.5,0.408246726175701,0.413260576176665,62,71,"Servicios de salud y de asistencia social","Servicios de esparcimiento culturales y deportivos, y otros servicios recreativos"
624212,812322,"Servicios de alimentación comunitarios prestados por el sector público","Administración de cementerios pertenecientes al sector público","0.666666666666667",519,625.5,0.411337102493397,0.500662728524746,62,81,"Servicios de salud y de asistencia social","Otros servicios excepto actividades gubernamentales"
624212,813210,"Servicios de alimentación comunitarios prestados por el sector público","Asociaciones y organizaciones religiosas","0.66",519,6569.5,0.411337102493397,0.366897866752468,62,81,"Servicios de salud y de asistencia social","Otros servicios excepto actividades gubernamentales"
624212,931210,"Servicios de alimentación comunitarios prestados por el sector público","Administración pública en general","0.654545454545455",519,22892,0.411337102493397,0.471632860261406,62,93,"Servicios de salud y de asistencia social","Actividades legislativas, gubernamentales, de impartición de justicia y de organismos internacionales y extraterritoriales"
624221,713299,"Refugios temporales comunitarios del sector privado","Otros juegos de azar","1",2.5,478,0.299862818722939,0.270589016115023,62,71,"Servicios de salud y de asistencia social","Servicios de esparcimiento culturales y deportivos, y otros servicios recreativos"
624221,713950,"Refugios temporales comunitarios del sector privado","Boliches","1",2.5,28.5,0.299862818722939,0.289971036915563,62,71,"Servicios de salud y de asistencia social","Servicios de esparcimiento culturales y deportivos, y otros servicios recreativos"
624221,931110,"Refugios temporales comunitarios del sector privado","Órganos legislativos","1",2.5,326.5,0.299862818722939,0.425402710869892,62,93,"Servicios de salud y de asistencia social","Actividades legislativas, gubernamentales, de impartición de justicia y de organismos internacionales y extraterritoriales"
624411,812210,"Guarderías del sector privado","Lavanderías y tintorerías","0.5",667.5,3343.5,0.328709888601829,0.425595597250484,62,81,"Servicios de salud y de asistencia social","Otros servicios excepto actividades gubernamentales"
711510,713992,"Artistas, escritores y técnicos independientes","Clubes o ligas de aficionados","0.5",58,103,0.375131531039644,0.365394617004008,71,71,"Servicios de esparcimiento culturales y deportivos, y otros servicios recreativos","Servicios de esparcimiento culturales y deportivos, y otros servicios recreativos"
711510,811113,"Artistas, escritores y técnicos independientes","Rectificación de partes de motor de automóviles y camiones","0.454545454545455",58,441.5,0.375131531039644,0.386078397763983,71,81,"Servicios de esparcimiento culturales y deportivos, y otros servicios recreativos","Otros servicios excepto actividades gubernamentales"
713299,713950,"Otros juegos de azar","Boliches","1",478,28.5,0.270589016115023,0.289971036915563,71,71,"Servicios de esparcimiento culturales y deportivos, y otros servicios recreativos","Servicios de esparcimiento culturales y deportivos, y otros servicios recreativos"
713299,931110,"Otros juegos de azar","Órganos legislativos","1",478,326.5,0.270589016115023,0.425402710869892,71,93,"Servicios de esparcimiento culturales y deportivos, y otros servicios recreativos","Actividades legislativas, gubernamentales, de impartición de justicia y de organismos internacionales y extraterritoriales"
713943,811115,"Centros de acondicionamiento físico del sector privado","Reparación de suspensiones de automóviles y camiones","0.565217391304348",2577,686.5,0.39233564350558,0.415712760045546,71,81,"Servicios de esparcimiento culturales y deportivos, y otros servicios recreativos","Otros servicios excepto actividades gubernamentales"
713943,811119,"Centros de acondicionamiento físico del sector privado","Otras reparaciones mecánicas de automóviles y camiones","0.590909090909091",2577,1134.5,0.39233564350558,0.413891417064213,71,81,"Servicios de esparcimiento culturales y deportivos, y otros servicios recreativos","Otros servicios excepto actividades gubernamentales"
713950,931110,"Boliches","Órganos legislativos","1",28.5,326.5,0.289971036915563,0.425402710869892,71,93,"Servicios de esparcimiento culturales y deportivos, y otros servicios recreativos","Actividades legislativas, gubernamentales, de impartición de justicia y de organismos internacionales y extraterritoriales"
713998,722320,"Otros servicios recreativos prestados por el sector privado","Servicios de preparación de alimentos para ocasiones especiales","0.4375",230,189.5,0.236805843664758,0.269335204887583,71,72,"Servicios de esparcimiento culturales y deportivos, y otros servicios recreativos","Servicios de alojamiento temporal y de preparación de alimentos y bebidas"
721111,721311,"Hoteles con otros servicios integrados","Pensiones y casas de huéspedes","0.458333333333333",2741,207.5,0.341248778248133,0.483744262719847,72,72,"Servicios de alojamiento temporal y de preparación de alimentos y bebidas","Servicios de alojamiento temporal y de preparación de alimentos y bebidas"
721111,722515,"Hoteles con otros servicios integrados","Cafeterías, fuentes de sodas, neverías, refresquerías y similares","0.481481481481481",2741,7141.5,0.341248778248133,0.321325238751736,72,72,"Servicios de alojamiento temporal y de preparación de alimentos y bebidas","Servicios de alojamiento temporal y de preparación de alimentos y bebidas"
721112,812130,"Hoteles sin otros servicios integrados","Sanitarios públicos y bolerías","0.659090909090909",1401.5,1371,0.413113246023803,0.483854602559185,72,81,"Servicios de alojamiento temporal y de preparación de alimentos y bebidas","Otros servicios excepto actividades gubernamentales"
721190,721312,"Cabañas, villas y similares","Departamentos y casas amueblados con servicios de hotelería","0.333333333333333",78,20,0.367992787707994,0.310549682871874,72,72,"Servicios de alojamiento temporal y de preparación de alimentos y bebidas","Servicios de alojamiento temporal y de preparación de alimentos y bebidas"
721190,812910,"Cabañas, villas y similares","Servicios de revelado e impresión de fotografías","0.454545454545455",78,93,0.367992787707994,0.417128898014491,72,81,"Servicios de alojamiento temporal y de preparación de alimentos y bebidas","Otros servicios excepto actividades gubernamentales"
722411,812120,"Centros nocturnos, discotecas y similares","Baños públicos","0.538461538461538",477.5,47.5,0.377902248915621,0.396264886139618,72,81,"Servicios de alojamiento temporal y de preparación de alimentos y bebidas","Otros servicios excepto actividades gubernamentales"
722512,811119,"Restaurantes con servicio de preparación de pescados y mariscos","Otras reparaciones mecánicas de automóviles y camiones","0.45",1982,1134.5,0.343074473929322,0.413891417064213,72,81,"Servicios de alojamiento temporal y de preparación de alimentos y bebidas","Otros servicios excepto actividades gubernamentales"
722517,812310,"Restaurantes con servicio de preparación de pizzas, hamburguesas, hot dogs y pollos rostizados para llevar","Servicios funerarios","0.680851063829787",6307.5,891.5,0.388196365290505,0.364736566379803,72,81,"Servicios de alojamiento temporal y de preparación de alimentos y bebidas","Otros servicios excepto actividades gubernamentales"
722518,811192,"Restaurantes que preparan otro tipo de alimentos para llevar","Lavado y lubricado de automóviles y camiones","0.605263157894737",6787,3337,0.465738151877374,0.450474785883919,72,81,"Servicios de alojamiento temporal y de preparación de alimentos y bebidas","Otros servicios excepto actividades gubernamentales"
811111,811192,"Reparación mecánica en general de automóviles y camiones","Lavado y lubricado de automóviles y camiones","0.657142857142857",6616.5,3337,0.422766902381048,0.450474785883919,81,81,"Otros servicios excepto actividades gubernamentales","Otros servicios excepto actividades gubernamentales"
811119,811129,"Otras reparaciones mecánicas de automóviles y camiones","Instalación de cristales y otras reparaciones a la carrocería de automóviles y camiones","0.55",1134.5,210,0.413891417064213,0.424210324312752,81,81,"Otros servicios excepto actividades gubernamentales","Otros servicios excepto actividades gubernamentales"
811121,812110,"Hojalatería y pintura de automóviles y camiones","Salones y clínicas de belleza y peluquerías","0.571428571428571",2918,18521.5,0.417414077623017,0.458251418089123,81,81,"Otros servicios excepto actividades gubernamentales","Otros servicios excepto actividades gubernamentales"
811122,811129,"Tapicería de automóviles y camiones","Instalación de cristales y otras reparaciones a la carrocería de automóviles y camiones","0.5625",292.5,210,0.454678391044865,0.424210324312752,81,81,"Otros servicios excepto actividades gubernamentales","Otros servicios excepto actividades gubernamentales"
811191,811493,"Reparación menor de llantas","Reparación y mantenimiento de bicicletas","0.659090909090909",1989,852.5,0.439425262251975,0.482119374474186,81,81,"Otros servicios excepto actividades gubernamentales","Otros servicios excepto actividades gubernamentales"
811192,811492,"Lavado y lubricado de automóviles y camiones","Reparación y mantenimiento de motocicletas","0.666666666666667",3337,1296.5,0.450474785883919,0.477993816207653,81,81,"Otros servicios excepto actividades gubernamentales","Otros servicios excepto actividades gubernamentales"
811420,812110,"Reparación de tapicería de muebles para el hogar","Salones y clínicas de belleza y peluquerías","0.642857142857143",463.5,18521.5,0.400186295614097,0.458251418089123,81,81,"Otros servicios excepto actividades gubernamentales","Otros servicios excepto actividades gubernamentales"
811430,811492,"Reparación de calzado y otros artículos de piel y cuero","Reparación y mantenimiento de motocicletas","0.615384615384615",915,1296.5,0.485616672165416,0.477993816207653,81,81,"Otros servicios excepto actividades gubernamentales","Otros servicios excepto actividades gubernamentales"
812322,931210,"Administración de cementerios pertenecientes al sector público","Administración pública en general","0.783333333333333",625.5,22892,0.500662728524746,0.471632860261406,81,93,"Otros servicios excepto actividades gubernamentales","Actividades legislativas, gubernamentales, de impartición de justicia y de organismos internacionales y extraterritoriales"
813210,931210,"Asociaciones y organizaciones religiosas","Administración pública en general","0.654545454545455",6569.5,22892,0.366897866752468,0.471632860261406,81,93,"Otros servicios excepto actividades gubernamentales","Actividades legislativas, gubernamentales, de impartición de justicia y de organismos internacionales y extraterritoriales"
